time_sec,beantemp,gascontrol,batch_id
0,220.2,0.0,export-roasts_PR-5523.xls
1,221.8,0.0,export-roasts_PR-5523.xls
2,219.9,0.0,export-roasts_PR-5523.xls
3,215.2,0.0,export-roasts_PR-5523.xls
4,208.1,0.0,export-roasts_PR-5523.xls
5,199.4,0.0,export-roasts_PR-5523.xls
6,190.1,0.0,export-roasts_PR-5523.xls
7,180.6,0.0,export-roasts_PR-5523.xls
8,171.4,0.0,export-roasts_PR-5523.xls
9,162.4,0.0,export-roasts_PR-5523.xls
10,154.0,0.0,export-roasts_PR-5523.xls
11,145.8,0.0,export-roasts_PR-5523.xls
12,138.2,0.0,export-roasts_PR-5523.xls
13,131.1,0.0,export-roasts_PR-5523.xls
14,124.7,0.0,export-roasts_PR-5523.xls
15,118.6,0.0,export-roasts_PR-5523.xls
16,113.0,0.0,export-roasts_PR-5523.xls
17,107.7,0.0,export-roasts_PR-5523.xls
18,102.8,0.0,export-roasts_PR-5523.xls
19,98.4,0.0,export-roasts_PR-5523.xls
20,94.3,0.0,export-roasts_PR-5523.xls
21,90.7,0.0,export-roasts_PR-5523.xls
22,87.3,0.0,export-roasts_PR-5523.xls
23,84.1,100.0,export-roasts_PR-5523.xls
24,81.3,100.0,export-roasts_PR-5523.xls
25,78.6,100.0,export-roasts_PR-5523.xls
26,76.2,100.0,export-roasts_PR-5523.xls
27,74.0,100.0,export-roasts_PR-5523.xls
28,71.9,100.0,export-roasts_PR-5523.xls
29,70.1,100.0,export-roasts_PR-5523.xls
30,68.4,100.0,export-roasts_PR-5523.xls
31,66.9,100.0,export-roasts_PR-5523.xls
32,65.5,100.0,export-roasts_PR-5523.xls
33,64.2,100.0,export-roasts_PR-5523.xls
34,63.2,100.0,export-roasts_PR-5523.xls
35,62.2,100.0,export-roasts_PR-5523.xls
36,61.3,100.0,export-roasts_PR-5523.xls
37,60.5,100.0,export-roasts_PR-5523.xls
38,59.8,100.0,export-roasts_PR-5523.xls
39,59.3,100.0,export-roasts_PR-5523.xls
40,58.8,100.0,export-roasts_PR-5523.xls
41,58.4,100.0,export-roasts_PR-5523.xls
42,58.0,100.0,export-roasts_PR-5523.xls
43,57.7,100.0,export-roasts_PR-5523.xls
44,57.5,100.0,export-roasts_PR-5523.xls
45,57.3,100.0,export-roasts_PR-5523.xls
46,57.2,100.0,export-roasts_PR-5523.xls
47,57.1,100.0,export-roasts_PR-5523.xls
48,57.0,100.0,export-roasts_PR-5523.xls
49,57.0,100.0,export-roasts_PR-5523.xls
50,57.1,100.0,export-roasts_PR-5523.xls
51,57.1,100.0,export-roasts_PR-5523.xls
52,57.3,100.0,export-roasts_PR-5523.xls
53,57.4,100.0,export-roasts_PR-5523.xls
54,57.6,100.0,export-roasts_PR-5523.xls
55,57.8,100.0,export-roasts_PR-5523.xls
56,58.0,100.0,export-roasts_PR-5523.xls
57,58.2,100.0,export-roasts_PR-5523.xls
58,58.4,100.0,export-roasts_PR-5523.xls
59,58.6,100.0,export-roasts_PR-5523.xls
60,58.8,100.0,export-roasts_PR-5523.xls
61,59.1,100.0,export-roasts_PR-5523.xls
62,59.4,100.0,export-roasts_PR-5523.xls
63,59.7,100.0,export-roasts_PR-5523.xls
64,59.9,100.0,export-roasts_PR-5523.xls
65,60.2,100.0,export-roasts_PR-5523.xls
66,60.5,100.0,export-roasts_PR-5523.xls
67,60.8,100.0,export-roasts_PR-5523.xls
68,61.1,100.0,export-roasts_PR-5523.xls
69,61.5,100.0,export-roasts_PR-5523.xls
70,61.9,100.0,export-roasts_PR-5523.xls
71,62.2,100.0,export-roasts_PR-5523.xls
72,62.6,100.0,export-roasts_PR-5523.xls
73,62.9,100.0,export-roasts_PR-5523.xls
74,63.3,100.0,export-roasts_PR-5523.xls
75,63.7,100.0,export-roasts_PR-5523.xls
76,64.1,100.0,export-roasts_PR-5523.xls
77,64.4,100.0,export-roasts_PR-5523.xls
78,64.8,100.0,export-roasts_PR-5523.xls
79,65.2,100.0,export-roasts_PR-5523.xls
80,65.5,100.0,export-roasts_PR-5523.xls
81,66.0,100.0,export-roasts_PR-5523.xls
82,66.3,100.0,export-roasts_PR-5523.xls
83,66.7,100.0,export-roasts_PR-5523.xls
84,67.1,100.0,export-roasts_PR-5523.xls
85,67.5,100.0,export-roasts_PR-5523.xls
86,67.9,100.0,export-roasts_PR-5523.xls
87,68.3,100.0,export-roasts_PR-5523.xls
88,68.6,100.0,export-roasts_PR-5523.xls
89,69.0,100.0,export-roasts_PR-5523.xls
90,69.5,100.0,export-roasts_PR-5523.xls
91,69.8,100.0,export-roasts_PR-5523.xls
92,70.3,100.0,export-roasts_PR-5523.xls
93,70.6,100.0,export-roasts_PR-5523.xls
94,71.0,100.0,export-roasts_PR-5523.xls
95,71.5,100.0,export-roasts_PR-5523.xls
96,71.8,100.0,export-roasts_PR-5523.xls
97,72.2,100.0,export-roasts_PR-5523.xls
98,72.6,100.0,export-roasts_PR-5523.xls
99,73.0,100.0,export-roasts_PR-5523.xls
100,73.4,100.0,export-roasts_PR-5523.xls
101,73.8,100.0,export-roasts_PR-5523.xls
102,74.1,100.0,export-roasts_PR-5523.xls
103,74.6,100.0,export-roasts_PR-5523.xls
104,74.9,100.0,export-roasts_PR-5523.xls
105,75.3,100.0,export-roasts_PR-5523.xls
106,75.7,100.0,export-roasts_PR-5523.xls
107,76.0,100.0,export-roasts_PR-5523.xls
108,76.4,100.0,export-roasts_PR-5523.xls
109,76.8,100.0,export-roasts_PR-5523.xls
110,77.2,100.0,export-roasts_PR-5523.xls
111,77.6,100.0,export-roasts_PR-5523.xls
112,77.9,100.0,export-roasts_PR-5523.xls
113,78.3,100.0,export-roasts_PR-5523.xls
114,78.7,100.0,export-roasts_PR-5523.xls
115,79.0,100.0,export-roasts_PR-5523.xls
116,79.4,100.0,export-roasts_PR-5523.xls
117,79.7,100.0,export-roasts_PR-5523.xls
118,80.1,100.0,export-roasts_PR-5523.xls
119,80.5,100.0,export-roasts_PR-5523.xls
120,80.8,100.0,export-roasts_PR-5523.xls
121,81.2,100.0,export-roasts_PR-5523.xls
122,81.5,100.0,export-roasts_PR-5523.xls
123,81.9,100.0,export-roasts_PR-5523.xls
124,82.2,100.0,export-roasts_PR-5523.xls
125,82.6,100.0,export-roasts_PR-5523.xls
126,83.0,100.0,export-roasts_PR-5523.xls
127,83.3,100.0,export-roasts_PR-5523.xls
128,83.7,100.0,export-roasts_PR-5523.xls
129,84.0,100.0,export-roasts_PR-5523.xls
130,84.4,100.0,export-roasts_PR-5523.xls
131,84.7,100.0,export-roasts_PR-5523.xls
132,85.1,100.0,export-roasts_PR-5523.xls
133,85.4,100.0,export-roasts_PR-5523.xls
134,85.8,100.0,export-roasts_PR-5523.xls
135,86.1,100.0,export-roasts_PR-5523.xls
136,86.4,100.0,export-roasts_PR-5523.xls
137,86.8,100.0,export-roasts_PR-5523.xls
138,87.1,100.0,export-roasts_PR-5523.xls
139,87.5,100.0,export-roasts_PR-5523.xls
140,87.9,100.0,export-roasts_PR-5523.xls
141,88.2,100.0,export-roasts_PR-5523.xls
142,88.5,100.0,export-roasts_PR-5523.xls
143,88.9,100.0,export-roasts_PR-5523.xls
144,89.2,100.0,export-roasts_PR-5523.xls
145,89.5,100.0,export-roasts_PR-5523.xls
146,89.9,100.0,export-roasts_PR-5523.xls
147,90.2,100.0,export-roasts_PR-5523.xls
148,90.5,100.0,export-roasts_PR-5523.xls
149,90.9,100.0,export-roasts_PR-5523.xls
150,91.2,100.0,export-roasts_PR-5523.xls
151,91.5,100.0,export-roasts_PR-5523.xls
152,91.8,100.0,export-roasts_PR-5523.xls
153,92.2,100.0,export-roasts_PR-5523.xls
154,92.5,100.0,export-roasts_PR-5523.xls
155,92.8,100.0,export-roasts_PR-5523.xls
156,93.1,100.0,export-roasts_PR-5523.xls
157,93.5,100.0,export-roasts_PR-5523.xls
158,93.7,100.0,export-roasts_PR-5523.xls
159,94.1,100.0,export-roasts_PR-5523.xls
160,94.3,100.0,export-roasts_PR-5523.xls
161,94.7,100.0,export-roasts_PR-5523.xls
162,95.0,100.0,export-roasts_PR-5523.xls
163,95.3,100.0,export-roasts_PR-5523.xls
164,95.6,100.0,export-roasts_PR-5523.xls
165,96.0,100.0,export-roasts_PR-5523.xls
166,96.3,100.0,export-roasts_PR-5523.xls
167,96.6,100.0,export-roasts_PR-5523.xls
168,96.9,100.0,export-roasts_PR-5523.xls
169,97.2,100.0,export-roasts_PR-5523.xls
170,97.5,100.0,export-roasts_PR-5523.xls
171,97.8,100.0,export-roasts_PR-5523.xls
172,98.1,100.0,export-roasts_PR-5523.xls
173,98.4,100.0,export-roasts_PR-5523.xls
174,98.7,100.0,export-roasts_PR-5523.xls
175,99.0,100.0,export-roasts_PR-5523.xls
176,99.3,100.0,export-roasts_PR-5523.xls
177,99.6,100.0,export-roasts_PR-5523.xls
178,99.9,100.0,export-roasts_PR-5523.xls
179,100.3,100.0,export-roasts_PR-5523.xls
180,100.5,100.0,export-roasts_PR-5523.xls
181,100.8,100.0,export-roasts_PR-5523.xls
182,101.1,100.0,export-roasts_PR-5523.xls
183,101.5,100.0,export-roasts_PR-5523.xls
184,101.7,100.0,export-roasts_PR-5523.xls
185,102.1,100.0,export-roasts_PR-5523.xls
186,102.3,100.0,export-roasts_PR-5523.xls
187,102.6,100.0,export-roasts_PR-5523.xls
188,102.9,100.0,export-roasts_PR-5523.xls
189,103.2,100.0,export-roasts_PR-5523.xls
190,103.5,100.0,export-roasts_PR-5523.xls
191,103.8,100.0,export-roasts_PR-5523.xls
192,104.0,100.0,export-roasts_PR-5523.xls
193,104.2,100.0,export-roasts_PR-5523.xls
194,104.6,100.0,export-roasts_PR-5523.xls
195,104.8,100.0,export-roasts_PR-5523.xls
196,105.1,100.0,export-roasts_PR-5523.xls
197,105.4,100.0,export-roasts_PR-5523.xls
198,105.7,100.0,export-roasts_PR-5523.xls
199,106.0,100.0,export-roasts_PR-5523.xls
200,106.2,100.0,export-roasts_PR-5523.xls
201,106.5,100.0,export-roasts_PR-5523.xls
202,106.8,100.0,export-roasts_PR-5523.xls
203,107.0,100.0,export-roasts_PR-5523.xls
204,107.3,100.0,export-roasts_PR-5523.xls
205,107.6,100.0,export-roasts_PR-5523.xls
206,107.9,100.0,export-roasts_PR-5523.xls
207,108.2,100.0,export-roasts_PR-5523.xls
208,108.4,100.0,export-roasts_PR-5523.xls
209,108.7,100.0,export-roasts_PR-5523.xls
210,108.9,100.0,export-roasts_PR-5523.xls
211,109.3,100.0,export-roasts_PR-5523.xls
212,109.5,100.0,export-roasts_PR-5523.xls
213,109.8,100.0,export-roasts_PR-5523.xls
214,110.0,100.0,export-roasts_PR-5523.xls
215,110.3,100.0,export-roasts_PR-5523.xls
216,110.6,100.0,export-roasts_PR-5523.xls
217,110.8,100.0,export-roasts_PR-5523.xls
218,111.1,100.0,export-roasts_PR-5523.xls
219,111.4,100.0,export-roasts_PR-5523.xls
220,111.6,100.0,export-roasts_PR-5523.xls
221,111.9,100.0,export-roasts_PR-5523.xls
222,112.2,100.0,export-roasts_PR-5523.xls
223,112.4,100.0,export-roasts_PR-5523.xls
224,112.7,100.0,export-roasts_PR-5523.xls
225,112.9,100.0,export-roasts_PR-5523.xls
226,113.2,100.0,export-roasts_PR-5523.xls
227,113.5,100.0,export-roasts_PR-5523.xls
228,113.7,100.0,export-roasts_PR-5523.xls
229,114.0,100.0,export-roasts_PR-5523.xls
230,114.2,100.0,export-roasts_PR-5523.xls
231,114.5,100.0,export-roasts_PR-5523.xls
232,114.7,100.0,export-roasts_PR-5523.xls
233,115.0,100.0,export-roasts_PR-5523.xls
234,115.2,100.0,export-roasts_PR-5523.xls
235,115.5,100.0,export-roasts_PR-5523.xls
236,115.8,100.0,export-roasts_PR-5523.xls
237,116.0,100.0,export-roasts_PR-5523.xls
238,116.3,100.0,export-roasts_PR-5523.xls
239,116.5,100.0,export-roasts_PR-5523.xls
240,116.8,100.0,export-roasts_PR-5523.xls
241,117.0,100.0,export-roasts_PR-5523.xls
242,117.4,100.0,export-roasts_PR-5523.xls
243,117.6,100.0,export-roasts_PR-5523.xls
244,117.9,100.0,export-roasts_PR-5523.xls
245,118.1,100.0,export-roasts_PR-5523.xls
246,118.3,100.0,export-roasts_PR-5523.xls
247,118.6,100.0,export-roasts_PR-5523.xls
248,118.9,100.0,export-roasts_PR-5523.xls
249,119.2,100.0,export-roasts_PR-5523.xls
250,119.4,100.0,export-roasts_PR-5523.xls
251,119.7,100.0,export-roasts_PR-5523.xls
252,119.9,100.0,export-roasts_PR-5523.xls
253,120.2,100.0,export-roasts_PR-5523.xls
254,120.4,100.0,export-roasts_PR-5523.xls
255,120.7,100.0,export-roasts_PR-5523.xls
256,120.9,100.0,export-roasts_PR-5523.xls
257,121.2,100.0,export-roasts_PR-5523.xls
258,121.4,100.0,export-roasts_PR-5523.xls
259,121.7,100.0,export-roasts_PR-5523.xls
260,121.9,100.0,export-roasts_PR-5523.xls
261,122.2,100.0,export-roasts_PR-5523.xls
262,122.4,100.0,export-roasts_PR-5523.xls
263,122.6,100.0,export-roasts_PR-5523.xls
264,122.9,100.0,export-roasts_PR-5523.xls
265,123.1,100.0,export-roasts_PR-5523.xls
266,123.4,100.0,export-roasts_PR-5523.xls
267,123.7,100.0,export-roasts_PR-5523.xls
268,123.9,100.0,export-roasts_PR-5523.xls
269,124.1,100.0,export-roasts_PR-5523.xls
270,124.4,100.0,export-roasts_PR-5523.xls
271,124.6,100.0,export-roasts_PR-5523.xls
272,124.9,100.0,export-roasts_PR-5523.xls
273,125.1,100.0,export-roasts_PR-5523.xls
274,125.4,100.0,export-roasts_PR-5523.xls
275,125.6,100.0,export-roasts_PR-5523.xls
276,125.9,100.0,export-roasts_PR-5523.xls
277,126.0,100.0,export-roasts_PR-5523.xls
278,126.3,100.0,export-roasts_PR-5523.xls
279,126.5,100.0,export-roasts_PR-5523.xls
280,126.7,100.0,export-roasts_PR-5523.xls
281,126.9,100.0,export-roasts_PR-5523.xls
282,127.2,100.0,export-roasts_PR-5523.xls
283,127.4,100.0,export-roasts_PR-5523.xls
284,127.7,100.0,export-roasts_PR-5523.xls
285,127.9,100.0,export-roasts_PR-5523.xls
286,128.1,100.0,export-roasts_PR-5523.xls
287,128.4,100.0,export-roasts_PR-5523.xls
288,128.6,100.0,export-roasts_PR-5523.xls
289,128.9,100.0,export-roasts_PR-5523.xls
290,129.1,100.0,export-roasts_PR-5523.xls
291,129.3,100.0,export-roasts_PR-5523.xls
292,129.6,100.0,export-roasts_PR-5523.xls
293,129.8,100.0,export-roasts_PR-5523.xls
294,130.0,100.0,export-roasts_PR-5523.xls
295,130.3,100.0,export-roasts_PR-5523.xls
296,130.5,100.0,export-roasts_PR-5523.xls
297,130.7,100.0,export-roasts_PR-5523.xls
298,130.9,100.0,export-roasts_PR-5523.xls
299,131.2,100.0,export-roasts_PR-5523.xls
300,131.4,100.0,export-roasts_PR-5523.xls
301,131.6,100.0,export-roasts_PR-5523.xls
302,131.8,100.0,export-roasts_PR-5523.xls
303,132.1,100.0,export-roasts_PR-5523.xls
304,132.3,100.0,export-roasts_PR-5523.xls
305,132.6,100.0,export-roasts_PR-5523.xls
306,132.7,100.0,export-roasts_PR-5523.xls
307,133.0,100.0,export-roasts_PR-5523.xls
308,133.2,100.0,export-roasts_PR-5523.xls
309,133.5,100.0,export-roasts_PR-5523.xls
310,133.7,100.0,export-roasts_PR-5523.xls
311,133.9,100.0,export-roasts_PR-5523.xls
312,134.1,100.0,export-roasts_PR-5523.xls
313,134.4,100.0,export-roasts_PR-5523.xls
314,134.6,100.0,export-roasts_PR-5523.xls
315,134.8,100.0,export-roasts_PR-5523.xls
316,135.0,100.0,export-roasts_PR-5523.xls
317,135.2,100.0,export-roasts_PR-5523.xls
318,135.5,100.0,export-roasts_PR-5523.xls
319,135.7,100.0,export-roasts_PR-5523.xls
320,136.0,100.0,export-roasts_PR-5523.xls
321,136.2,100.0,export-roasts_PR-5523.xls
322,136.5,100.0,export-roasts_PR-5523.xls
323,136.6,100.0,export-roasts_PR-5523.xls
324,136.9,100.0,export-roasts_PR-5523.xls
325,137.2,100.0,export-roasts_PR-5523.xls
326,137.4,100.0,export-roasts_PR-5523.xls
327,137.6,100.0,export-roasts_PR-5523.xls
328,137.9,100.0,export-roasts_PR-5523.xls
329,138.1,100.0,export-roasts_PR-5523.xls
330,138.3,100.0,export-roasts_PR-5523.xls
331,138.6,100.0,export-roasts_PR-5523.xls
332,138.8,100.0,export-roasts_PR-5523.xls
333,139.0,100.0,export-roasts_PR-5523.xls
334,139.3,100.0,export-roasts_PR-5523.xls
335,139.5,100.0,export-roasts_PR-5523.xls
336,139.7,100.0,export-roasts_PR-5523.xls
337,139.9,100.0,export-roasts_PR-5523.xls
338,140.1,100.0,export-roasts_PR-5523.xls
339,140.3,100.0,export-roasts_PR-5523.xls
340,140.6,100.0,export-roasts_PR-5523.xls
341,140.8,100.0,export-roasts_PR-5523.xls
342,141.0,100.0,export-roasts_PR-5523.xls
343,141.2,100.0,export-roasts_PR-5523.xls
344,141.4,100.0,export-roasts_PR-5523.xls
345,141.6,100.0,export-roasts_PR-5523.xls
346,141.8,100.0,export-roasts_PR-5523.xls
347,142.0,100.0,export-roasts_PR-5523.xls
348,142.2,100.0,export-roasts_PR-5523.xls
349,142.4,100.0,export-roasts_PR-5523.xls
350,142.6,100.0,export-roasts_PR-5523.xls
351,142.8,100.0,export-roasts_PR-5523.xls
352,143.1,100.0,export-roasts_PR-5523.xls
353,143.3,100.0,export-roasts_PR-5523.xls
354,143.6,100.0,export-roasts_PR-5523.xls
355,143.7,100.0,export-roasts_PR-5523.xls
356,144.0,100.0,export-roasts_PR-5523.xls
357,144.2,100.0,export-roasts_PR-5523.xls
358,144.4,100.0,export-roasts_PR-5523.xls
359,144.7,100.0,export-roasts_PR-5523.xls
360,144.9,100.0,export-roasts_PR-5523.xls
361,145.2,100.0,export-roasts_PR-5523.xls
362,145.4,100.0,export-roasts_PR-5523.xls
363,145.6,100.0,export-roasts_PR-5523.xls
364,145.8,100.0,export-roasts_PR-5523.xls
365,146.0,100.0,export-roasts_PR-5523.xls
366,146.3,100.0,export-roasts_PR-5523.xls
367,146.4,100.0,export-roasts_PR-5523.xls
368,146.7,100.0,export-roasts_PR-5523.xls
369,146.9,100.0,export-roasts_PR-5523.xls
370,147.1,100.0,export-roasts_PR-5523.xls
371,147.4,100.0,export-roasts_PR-5523.xls
372,147.5,100.0,export-roasts_PR-5523.xls
373,147.7,100.0,export-roasts_PR-5523.xls
374,147.9,100.0,export-roasts_PR-5523.xls
375,148.1,100.0,export-roasts_PR-5523.xls
376,148.3,100.0,export-roasts_PR-5523.xls
377,148.5,100.0,export-roasts_PR-5523.xls
378,148.7,100.0,export-roasts_PR-5523.xls
379,148.9,100.0,export-roasts_PR-5523.xls
380,149.1,100.0,export-roasts_PR-5523.xls
381,149.3,100.0,export-roasts_PR-5523.xls
382,149.6,100.0,export-roasts_PR-5523.xls
383,149.8,100.0,export-roasts_PR-5523.xls
384,150.0,100.0,export-roasts_PR-5523.xls
385,150.2,100.0,export-roasts_PR-5523.xls
386,150.4,100.0,export-roasts_PR-5523.xls
387,150.6,100.0,export-roasts_PR-5523.xls
388,150.8,100.0,export-roasts_PR-5523.xls
389,151.1,100.0,export-roasts_PR-5523.xls
390,151.2,100.0,export-roasts_PR-5523.xls
391,151.4,100.0,export-roasts_PR-5523.xls
392,151.7,100.0,export-roasts_PR-5523.xls
393,151.8,100.0,export-roasts_PR-5523.xls
394,152.0,100.0,export-roasts_PR-5523.xls
395,152.2,100.0,export-roasts_PR-5523.xls
396,152.4,100.0,export-roasts_PR-5523.xls
397,152.6,100.0,export-roasts_PR-5523.xls
398,152.8,100.0,export-roasts_PR-5523.xls
399,153.1,100.0,export-roasts_PR-5523.xls
400,153.2,100.0,export-roasts_PR-5523.xls
401,153.5,100.0,export-roasts_PR-5523.xls
402,153.6,100.0,export-roasts_PR-5523.xls
403,153.8,100.0,export-roasts_PR-5523.xls
404,154.1,100.0,export-roasts_PR-5523.xls
405,154.3,100.0,export-roasts_PR-5523.xls
406,154.5,100.0,export-roasts_PR-5523.xls
407,154.6,100.0,export-roasts_PR-5523.xls
408,154.9,100.0,export-roasts_PR-5523.xls
409,155.1,100.0,export-roasts_PR-5523.xls
410,155.3,100.0,export-roasts_PR-5523.xls
411,155.5,100.0,export-roasts_PR-5523.xls
412,155.6,100.0,export-roasts_PR-5523.xls
413,155.8,100.0,export-roasts_PR-5523.xls
414,156.0,100.0,export-roasts_PR-5523.xls
415,156.2,100.0,export-roasts_PR-5523.xls
416,156.5,100.0,export-roasts_PR-5523.xls
417,156.6,100.0,export-roasts_PR-5523.xls
418,156.9,100.0,export-roasts_PR-5523.xls
419,157.1,100.0,export-roasts_PR-5523.xls
420,157.2,100.0,export-roasts_PR-5523.xls
421,157.4,100.0,export-roasts_PR-5523.xls
422,157.6,100.0,export-roasts_PR-5523.xls
423,157.8,100.0,export-roasts_PR-5523.xls
424,158.0,100.0,export-roasts_PR-5523.xls
425,158.2,100.0,export-roasts_PR-5523.xls
426,158.4,100.0,export-roasts_PR-5523.xls
427,158.6,100.0,export-roasts_PR-5523.xls
428,158.9,100.0,export-roasts_PR-5523.xls
429,159.1,100.0,export-roasts_PR-5523.xls
430,159.3,100.0,export-roasts_PR-5523.xls
431,159.4,100.0,export-roasts_PR-5523.xls
432,159.7,100.0,export-roasts_PR-5523.xls
433,159.9,100.0,export-roasts_PR-5523.xls
434,160.1,100.0,export-roasts_PR-5523.xls
435,160.3,100.0,export-roasts_PR-5523.xls
436,160.5,100.0,export-roasts_PR-5523.xls
437,160.7,100.0,export-roasts_PR-5523.xls
438,160.9,100.0,export-roasts_PR-5523.xls
439,161.1,100.0,export-roasts_PR-5523.xls
440,161.4,100.0,export-roasts_PR-5523.xls
441,161.5,100.0,export-roasts_PR-5523.xls
442,161.7,100.0,export-roasts_PR-5523.xls
443,161.9,100.0,export-roasts_PR-5523.xls
444,162.1,100.0,export-roasts_PR-5523.xls
445,162.3,100.0,export-roasts_PR-5523.xls
446,162.5,100.0,export-roasts_PR-5523.xls
447,162.7,100.0,export-roasts_PR-5523.xls
448,163.0,100.0,export-roasts_PR-5523.xls
449,163.1,100.0,export-roasts_PR-5523.xls
450,163.4,100.0,export-roasts_PR-5523.xls
451,163.6,100.0,export-roasts_PR-5523.xls
452,163.7,100.0,export-roasts_PR-5523.xls
453,163.9,100.0,export-roasts_PR-5523.xls
454,164.1,100.0,export-roasts_PR-5523.xls
455,164.4,100.0,export-roasts_PR-5523.xls
456,164.6,100.0,export-roasts_PR-5523.xls
457,164.7,100.0,export-roasts_PR-5523.xls
458,165.0,100.0,export-roasts_PR-5523.xls
459,165.2,100.0,export-roasts_PR-5523.xls
460,165.4,100.0,export-roasts_PR-5523.xls
461,165.6,100.0,export-roasts_PR-5523.xls
462,165.8,100.0,export-roasts_PR-5523.xls
463,166.0,100.0,export-roasts_PR-5523.xls
464,166.2,100.0,export-roasts_PR-5523.xls
465,166.4,100.0,export-roasts_PR-5523.xls
466,166.5,100.0,export-roasts_PR-5523.xls
467,166.8,100.0,export-roasts_PR-5523.xls
468,167.0,100.0,export-roasts_PR-5523.xls
469,167.2,100.0,export-roasts_PR-5523.xls
470,167.4,100.0,export-roasts_PR-5523.xls
471,167.6,100.0,export-roasts_PR-5523.xls
472,167.8,100.0,export-roasts_PR-5523.xls
473,168.0,100.0,export-roasts_PR-5523.xls
474,168.2,100.0,export-roasts_PR-5523.xls
475,168.4,100.0,export-roasts_PR-5523.xls
476,168.6,100.0,export-roasts_PR-5523.xls
477,168.8,100.0,export-roasts_PR-5523.xls
478,169.0,100.0,export-roasts_PR-5523.xls
479,169.2,100.0,export-roasts_PR-5523.xls
480,169.4,100.0,export-roasts_PR-5523.xls
481,169.6,100.0,export-roasts_PR-5523.xls
482,169.8,100.0,export-roasts_PR-5523.xls
483,170.0,100.0,export-roasts_PR-5523.xls
484,170.2,100.0,export-roasts_PR-5523.xls
485,170.4,100.0,export-roasts_PR-5523.xls
486,170.6,100.0,export-roasts_PR-5523.xls
487,170.8,100.0,export-roasts_PR-5523.xls
488,170.9,100.0,export-roasts_PR-5523.xls
489,171.2,100.0,export-roasts_PR-5523.xls
490,171.3,100.0,export-roasts_PR-5523.xls
491,171.5,100.0,export-roasts_PR-5523.xls
492,171.7,100.0,export-roasts_PR-5523.xls
493,171.9,100.0,export-roasts_PR-5523.xls
494,172.1,100.0,export-roasts_PR-5523.xls
495,172.3,100.0,export-roasts_PR-5523.xls
496,172.5,100.0,export-roasts_PR-5523.xls
497,172.7,100.0,export-roasts_PR-5523.xls
498,172.8,100.0,export-roasts_PR-5523.xls
499,173.1,100.0,export-roasts_PR-5523.xls
500,173.3,100.0,export-roasts_PR-5523.xls
501,173.4,100.0,export-roasts_PR-5523.xls
502,173.7,100.0,export-roasts_PR-5523.xls
503,173.9,100.0,export-roasts_PR-5523.xls
504,174.1,100.0,export-roasts_PR-5523.xls
505,174.3,100.0,export-roasts_PR-5523.xls
506,174.5,100.0,export-roasts_PR-5523.xls
507,174.7,100.0,export-roasts_PR-5523.xls
508,174.9,100.0,export-roasts_PR-5523.xls
509,175.0,100.0,export-roasts_PR-5523.xls
510,175.2,100.0,export-roasts_PR-5523.xls
511,175.5,100.0,export-roasts_PR-5523.xls
512,175.6,100.0,export-roasts_PR-5523.xls
513,175.8,100.0,export-roasts_PR-5523.xls
514,176.0,90.0,export-roasts_PR-5523.xls
515,176.3,90.0,export-roasts_PR-5523.xls
516,176.5,90.0,export-roasts_PR-5523.xls
517,176.7,90.0,export-roasts_PR-5523.xls
518,176.9,90.0,export-roasts_PR-5523.xls
519,177.1,90.0,export-roasts_PR-5523.xls
520,177.3,90.0,export-roasts_PR-5523.xls
521,177.5,90.0,export-roasts_PR-5523.xls
522,177.7,90.0,export-roasts_PR-5523.xls
523,177.9,90.0,export-roasts_PR-5523.xls
524,178.1,90.0,export-roasts_PR-5523.xls
525,178.3,90.0,export-roasts_PR-5523.xls
526,178.5,90.0,export-roasts_PR-5523.xls
527,178.7,90.0,export-roasts_PR-5523.xls
528,178.9,90.0,export-roasts_PR-5523.xls
529,179.1,90.0,export-roasts_PR-5523.xls
530,179.3,90.0,export-roasts_PR-5523.xls
531,179.5,90.0,export-roasts_PR-5523.xls
532,179.7,90.0,export-roasts_PR-5523.xls
533,179.9,90.0,export-roasts_PR-5523.xls
534,180.1,90.0,export-roasts_PR-5523.xls
535,180.4,90.0,export-roasts_PR-5523.xls
536,180.6,90.0,export-roasts_PR-5523.xls
537,180.8,90.0,export-roasts_PR-5523.xls
538,181.0,90.0,export-roasts_PR-5523.xls
539,181.2,90.0,export-roasts_PR-5523.xls
540,181.4,90.0,export-roasts_PR-5523.xls
541,181.7,90.0,export-roasts_PR-5523.xls
542,181.9,90.0,export-roasts_PR-5523.xls
543,182.1,90.0,export-roasts_PR-5523.xls
544,182.3,90.0,export-roasts_PR-5523.xls
545,182.4,90.0,export-roasts_PR-5523.xls
546,182.7,90.0,export-roasts_PR-5523.xls
547,182.9,90.0,export-roasts_PR-5523.xls
548,183.1,90.0,export-roasts_PR-5523.xls
549,183.4,90.0,export-roasts_PR-5523.xls
550,183.5,90.0,export-roasts_PR-5523.xls
551,183.7,90.0,export-roasts_PR-5523.xls
552,183.9,90.0,export-roasts_PR-5523.xls
553,184.1,90.0,export-roasts_PR-5523.xls
554,184.3,90.0,export-roasts_PR-5523.xls
555,184.6,90.0,export-roasts_PR-5523.xls
556,184.8,90.0,export-roasts_PR-5523.xls
557,185.0,90.0,export-roasts_PR-5523.xls
558,185.1,90.0,export-roasts_PR-5523.xls
559,185.4,90.0,export-roasts_PR-5523.xls
560,185.6,90.0,export-roasts_PR-5523.xls
561,185.7,90.0,export-roasts_PR-5523.xls
562,186.0,90.0,export-roasts_PR-5523.xls
563,186.1,90.0,export-roasts_PR-5523.xls
564,186.3,90.0,export-roasts_PR-5523.xls
565,186.5,90.0,export-roasts_PR-5523.xls
566,186.8,90.0,export-roasts_PR-5523.xls
567,186.9,90.0,export-roasts_PR-5523.xls
568,187.2,90.0,export-roasts_PR-5523.xls
569,187.3,90.0,export-roasts_PR-5523.xls
570,187.5,90.0,export-roasts_PR-5523.xls
571,187.7,90.0,export-roasts_PR-5523.xls
572,187.9,90.0,export-roasts_PR-5523.xls
573,188.1,90.0,export-roasts_PR-5523.xls
574,188.4,90.0,export-roasts_PR-5523.xls
575,188.5,90.0,export-roasts_PR-5523.xls
576,188.8,90.0,export-roasts_PR-5523.xls
577,189.0,90.0,export-roasts_PR-5523.xls
578,189.2,90.0,export-roasts_PR-5523.xls
579,189.4,90.0,export-roasts_PR-5523.xls
580,189.6,90.0,export-roasts_PR-5523.xls
581,189.8,90.0,export-roasts_PR-5523.xls
582,190.0,90.0,export-roasts_PR-5523.xls
583,190.3,90.0,export-roasts_PR-5523.xls
584,190.5,90.0,export-roasts_PR-5523.xls
585,190.7,90.0,export-roasts_PR-5523.xls
586,190.9,90.0,export-roasts_PR-5523.xls
587,191.1,90.0,export-roasts_PR-5523.xls
588,191.3,90.0,export-roasts_PR-5523.xls
589,191.5,90.0,export-roasts_PR-5523.xls
590,191.7,0.0,export-roasts_PR-5523.xls
591,191.9,0.0,export-roasts_PR-5523.xls
592,192.1,0.0,export-roasts_PR-5523.xls
593,192.2,0.0,export-roasts_PR-5523.xls
594,192.4,0.0,export-roasts_PR-5523.xls
595,192.6,0.0,export-roasts_PR-5523.xls
596,192.8,0.0,export-roasts_PR-5523.xls
597,193.0,0.0,export-roasts_PR-5523.xls
598,193.2,0.0,export-roasts_PR-5523.xls
599,193.4,0.0,export-roasts_PR-5523.xls
600,193.6,0.0,export-roasts_PR-5523.xls
601,193.8,0.0,export-roasts_PR-5523.xls
602,193.9,0.0,export-roasts_PR-5523.xls
603,194.1,0.0,export-roasts_PR-5523.xls
604,194.2,0.0,export-roasts_PR-5523.xls
605,194.4,0.0,export-roasts_PR-5523.xls
606,194.5,0.0,export-roasts_PR-5523.xls
607,194.7,0.0,export-roasts_PR-5523.xls
608,194.8,0.0,export-roasts_PR-5523.xls
609,195.0,0.0,export-roasts_PR-5523.xls
610,195.2,0.0,export-roasts_PR-5523.xls
611,195.3,0.0,export-roasts_PR-5523.xls
612,195.5,0.0,export-roasts_PR-5523.xls
613,195.6,0.0,export-roasts_PR-5523.xls
614,195.8,0.0,export-roasts_PR-5523.xls
615,195.9,0.0,export-roasts_PR-5523.xls
616,196.0,0.0,export-roasts_PR-5523.xls
617,196.1,0.0,export-roasts_PR-5523.xls
618,196.3,0.0,export-roasts_PR-5523.xls
619,196.4,0.0,export-roasts_PR-5523.xls
620,196.5,0.0,export-roasts_PR-5523.xls
621,196.6,0.0,export-roasts_PR-5523.xls
622,196.8,0.0,export-roasts_PR-5523.xls
623,196.9,0.0,export-roasts_PR-5523.xls
624,197.0,0.0,export-roasts_PR-5523.xls
625,197.1,0.0,export-roasts_PR-5523.xls
626,197.2,0.0,export-roasts_PR-5523.xls
627,197.3,0.0,export-roasts_PR-5523.xls
628,197.4,0.0,export-roasts_PR-5523.xls
629,197.5,0.0,export-roasts_PR-5523.xls
630,197.6,0.0,export-roasts_PR-5523.xls
631,197.7,0.0,export-roasts_PR-5523.xls
632,197.7,0.0,export-roasts_PR-5523.xls
633,197.9,0.0,export-roasts_PR-5523.xls
634,197.9,0.0,export-roasts_PR-5523.xls
635,198.0,0.0,export-roasts_PR-5523.xls
636,198.1,0.0,export-roasts_PR-5523.xls
637,198.2,0.0,export-roasts_PR-5523.xls
638,198.3,0.0,export-roasts_PR-5523.xls
639,198.4,0.0,export-roasts_PR-5523.xls
640,198.4,0.0,export-roasts_PR-5523.xls
641,198.5,0.0,export-roasts_PR-5523.xls
642,198.7,0.0,export-roasts_PR-5523.xls
643,198.8,0.0,export-roasts_PR-5523.xls
644,199.0,5.0,export-roasts_PR-5523.xls
645,199.1,5.0,export-roasts_PR-5523.xls
646,199.1,5.0,export-roasts_PR-5523.xls
647,199.3,5.0,export-roasts_PR-5523.xls
648,199.3,5.0,export-roasts_PR-5523.xls
649,199.4,5.0,export-roasts_PR-5523.xls
650,199.5,5.0,export-roasts_PR-5523.xls
651,199.6,5.0,export-roasts_PR-5523.xls
652,199.7,5.0,export-roasts_PR-5523.xls
653,199.8,5.0,export-roasts_PR-5523.xls
654,199.9,5.0,export-roasts_PR-5523.xls
655,200.0,5.0,export-roasts_PR-5523.xls
656,200.0,5.0,export-roasts_PR-5523.xls
657,200.2,5.0,export-roasts_PR-5523.xls
658,200.3,5.0,export-roasts_PR-5523.xls
659,200.3,5.0,export-roasts_PR-5523.xls
660,200.4,5.0,export-roasts_PR-5523.xls
661,200.6,5.0,export-roasts_PR-5523.xls
662,200.7,5.0,export-roasts_PR-5523.xls
663,200.7,5.0,export-roasts_PR-5523.xls
664,200.8,5.0,export-roasts_PR-5523.xls
665,200.9,5.0,export-roasts_PR-5523.xls
666,201.1,5.0,export-roasts_PR-5523.xls
667,201.2,5.0,export-roasts_PR-5523.xls
668,201.3,5.0,export-roasts_PR-5523.xls
669,201.4,5.0,export-roasts_PR-5523.xls
670,201.6,5.0,export-roasts_PR-5523.xls
671,201.7,5.0,export-roasts_PR-5523.xls
672,201.8,5.0,export-roasts_PR-5523.xls
673,201.9,5.0,export-roasts_PR-5523.xls
674,202.0,5.0,export-roasts_PR-5523.xls
675,202.1,5.0,export-roasts_PR-5523.xls
676,202.2,5.0,export-roasts_PR-5523.xls
677,202.3,5.0,export-roasts_PR-5523.xls
678,202.4,5.0,export-roasts_PR-5523.xls
679,202.5,5.0,export-roasts_PR-5523.xls
680,202.6,5.0,export-roasts_PR-5523.xls
681,202.7,5.0,export-roasts_PR-5523.xls
682,202.8,5.0,export-roasts_PR-5523.xls
683,202.9,5.0,export-roasts_PR-5523.xls
684,203.0,5.0,export-roasts_PR-5523.xls
685,203.1,5.0,export-roasts_PR-5523.xls
686,203.2,5.0,export-roasts_PR-5523.xls
687,203.3,5.0,export-roasts_PR-5523.xls
688,203.4,5.0,export-roasts_PR-5523.xls
689,203.6,5.0,export-roasts_PR-5523.xls
690,203.6,5.0,export-roasts_PR-5523.xls
691,203.7,5.0,export-roasts_PR-5523.xls
692,203.8,5.0,export-roasts_PR-5523.xls
693,203.9,5.0,export-roasts_PR-5523.xls
694,204.0,5.0,export-roasts_PR-5523.xls
695,204.2,5.0,export-roasts_PR-5523.xls
696,204.3,5.0,export-roasts_PR-5523.xls
697,204.4,5.0,export-roasts_PR-5523.xls
698,204.5,5.0,export-roasts_PR-5523.xls
699,204.5,5.0,export-roasts_PR-5523.xls
700,204.7,5.0,export-roasts_PR-5523.xls
701,204.7,10.0,export-roasts_PR-5523.xls
702,204.9,10.0,export-roasts_PR-5523.xls
703,205.0,10.0,export-roasts_PR-5523.xls
704,205.0,10.0,export-roasts_PR-5523.xls
705,205.1,10.0,export-roasts_PR-5523.xls
706,205.2,10.0,export-roasts_PR-5523.xls
707,205.2,10.0,export-roasts_PR-5523.xls
708,205.3,10.0,export-roasts_PR-5523.xls
709,205.4,10.0,export-roasts_PR-5523.xls
710,205.5,10.0,export-roasts_PR-5523.xls
711,205.5,10.0,export-roasts_PR-5523.xls
712,205.6,10.0,export-roasts_PR-5523.xls
713,205.7,10.0,export-roasts_PR-5523.xls
714,205.8,10.0,export-roasts_PR-5523.xls
715,205.9,10.0,export-roasts_PR-5523.xls
716,205.9,10.0,export-roasts_PR-5523.xls
717,206.0,10.0,export-roasts_PR-5523.xls
718,206.1,10.0,export-roasts_PR-5523.xls
719,206.2,10.0,export-roasts_PR-5523.xls
720,206.2,10.0,export-roasts_PR-5523.xls
721,206.3,10.0,export-roasts_PR-5523.xls
722,206.4,10.0,export-roasts_PR-5523.xls
723,206.5,10.0,export-roasts_PR-5523.xls
724,206.6,10.0,export-roasts_PR-5523.xls
725,206.7,10.0,export-roasts_PR-5523.xls
726,206.8,10.0,export-roasts_PR-5523.xls
727,206.9,10.0,export-roasts_PR-5523.xls
728,206.9,10.0,export-roasts_PR-5523.xls
729,207.0,10.0,export-roasts_PR-5523.xls
730,207.1,10.0,export-roasts_PR-5523.xls
731,207.2,10.0,export-roasts_PR-5523.xls
732,207.3,10.0,export-roasts_PR-5523.xls
733,207.3,10.0,export-roasts_PR-5523.xls
734,207.4,10.0,export-roasts_PR-5523.xls
735,207.4,10.0,export-roasts_PR-5523.xls
736,207.5,10.0,export-roasts_PR-5523.xls
737,207.6,10.0,export-roasts_PR-5523.xls
738,207.7,10.0,export-roasts_PR-5523.xls
739,207.8,10.0,export-roasts_PR-5523.xls
740,207.9,10.0,export-roasts_PR-5523.xls
741,207.9,10.0,export-roasts_PR-5523.xls
742,208.0,10.0,export-roasts_PR-5523.xls
743,208.1,10.0,export-roasts_PR-5523.xls
744,208.1,10.0,export-roasts_PR-5523.xls
745,208.2,10.0,export-roasts_PR-5523.xls
746,208.3,10.0,export-roasts_PR-5523.xls
747,208.3,10.0,export-roasts_PR-5523.xls
748,208.4,10.0,export-roasts_PR-5523.xls
749,208.5,10.0,export-roasts_PR-5523.xls
750,208.6,10.0,export-roasts_PR-5523.xls
751,208.7,10.0,export-roasts_PR-5523.xls
752,208.7,10.0,export-roasts_PR-5523.xls
753,208.8,10.0,export-roasts_PR-5523.xls
754,208.8,10.0,export-roasts_PR-5523.xls
755,208.9,10.0,export-roasts_PR-5523.xls
756,209.1,10.0,export-roasts_PR-5523.xls
757,209.1,10.0,export-roasts_PR-5523.xls
758,209.2,10.0,export-roasts_PR-5523.xls
759,209.3,10.0,export-roasts_PR-5523.xls
760,209.3,10.0,export-roasts_PR-5523.xls
761,209.4,10.0,export-roasts_PR-5523.xls
762,209.5,10.0,export-roasts_PR-5523.xls
763,209.5,10.0,export-roasts_PR-5523.xls
764,209.6,10.0,export-roasts_PR-5523.xls
765,209.7,10.0,export-roasts_PR-5523.xls
766,209.8,10.0,export-roasts_PR-5523.xls
767,209.9,10.0,export-roasts_PR-5523.xls
768,209.9,10.0,export-roasts_PR-5523.xls
769,210.0,10.0,export-roasts_PR-5523.xls
770,210.1,10.0,export-roasts_PR-5523.xls
771,210.2,10.0,export-roasts_PR-5523.xls
772,210.2,10.0,export-roasts_PR-5523.xls
773,210.3,10.0,export-roasts_PR-5523.xls
774,210.4,10.0,export-roasts_PR-5523.xls
775,210.5,10.0,export-roasts_PR-5523.xls
776,210.6,10.0,export-roasts_PR-5523.xls
777,210.7,10.0,export-roasts_PR-5523.xls
778,210.8,10.0,export-roasts_PR-5523.xls
779,210.8,10.0,export-roasts_PR-5523.xls
780,211.0,10.0,export-roasts_PR-5523.xls
781,211.1,10.0,export-roasts_PR-5523.xls
782,211.1,10.0,export-roasts_PR-5523.xls
783,211.2,10.0,export-roasts_PR-5523.xls
784,211.2,10.0,export-roasts_PR-5523.xls
785,211.3,10.0,export-roasts_PR-5523.xls
786,211.4,10.0,export-roasts_PR-5523.xls
787,211.6,10.0,export-roasts_PR-5523.xls
788,211.6,10.0,export-roasts_PR-5523.xls
789,211.7,10.0,export-roasts_PR-5523.xls
790,211.8,10.0,export-roasts_PR-5523.xls
791,211.9,10.0,export-roasts_PR-5523.xls
792,212.0,10.0,export-roasts_PR-5523.xls
793,212.1,10.0,export-roasts_PR-5523.xls
794,212.2,10.0,export-roasts_PR-5523.xls
795,212.3,10.0,export-roasts_PR-5523.xls
796,212.4,10.0,export-roasts_PR-5523.xls
797,212.5,10.0,export-roasts_PR-5523.xls
798,212.6,10.0,export-roasts_PR-5523.xls
799,212.7,10.0,export-roasts_PR-5523.xls
800,212.8,10.0,export-roasts_PR-5523.xls
801,212.9,10.0,export-roasts_PR-5523.xls
802,213.0,10.0,export-roasts_PR-5523.xls
803,213.1,10.0,export-roasts_PR-5523.xls
804,213.2,10.0,export-roasts_PR-5523.xls
805,213.4,10.0,export-roasts_PR-5523.xls
806,213.4,10.0,export-roasts_PR-5523.xls
807,213.6,10.0,export-roasts_PR-5523.xls
808,213.6,10.0,export-roasts_PR-5523.xls
809,213.7,10.0,export-roasts_PR-5523.xls
810,213.8,10.0,export-roasts_PR-5523.xls
811,213.9,10.0,export-roasts_PR-5523.xls
812,214.0,10.0,export-roasts_PR-5523.xls
813,214.1,10.0,export-roasts_PR-5523.xls
814,214.2,10.0,export-roasts_PR-5523.xls
815,214.3,10.0,export-roasts_PR-5523.xls
816,214.4,10.0,export-roasts_PR-5523.xls
817,214.5,10.0,export-roasts_PR-5523.xls
818,214.6,10.0,export-roasts_PR-5523.xls
819,214.7,10.0,export-roasts_PR-5523.xls
820,214.8,10.0,export-roasts_PR-5523.xls
821,214.9,10.0,export-roasts_PR-5523.xls
822,215.0,10.0,export-roasts_PR-5523.xls
823,215.0,10.0,export-roasts_PR-5523.xls
824,215.2,10.0,export-roasts_PR-5523.xls
825,215.3,10.0,export-roasts_PR-5523.xls
826,215.4,10.0,export-roasts_PR-5523.xls
827,215.5,10.0,export-roasts_PR-5523.xls
828,215.6,10.0,export-roasts_PR-5523.xls
829,215.7,10.0,export-roasts_PR-5523.xls
830,215.9,10.0,export-roasts_PR-5523.xls
831,216.0,10.0,export-roasts_PR-5523.xls
832,216.1,10.0,export-roasts_PR-5523.xls
833,216.2,10.0,export-roasts_PR-5523.xls
834,216.3,10.0,export-roasts_PR-5523.xls
835,216.5,10.0,export-roasts_PR-5523.xls
836,216.6,10.0,export-roasts_PR-5523.xls
837,216.7,10.0,export-roasts_PR-5523.xls
838,216.8,10.0,export-roasts_PR-5523.xls
839,216.9,10.0,export-roasts_PR-5523.xls
840,216.9,10.0,export-roasts_PR-5523.xls
841,217.1,10.0,export-roasts_PR-5523.xls
842,217.2,10.0,export-roasts_PR-5523.xls
843,217.4,10.0,export-roasts_PR-5523.xls
844,217.4,10.0,export-roasts_PR-5523.xls
845,217.5,10.0,export-roasts_PR-5523.xls
846,217.7,10.0,export-roasts_PR-5523.xls
847,217.7,10.0,export-roasts_PR-5523.xls
0,159.1,30.0,export-roasts_PR-5546.xls
1,151.1,0.0,export-roasts_PR-5546.xls
2,143.4,0.0,export-roasts_PR-5546.xls
3,135.9,0.0,export-roasts_PR-5546.xls
4,129.0,0.0,export-roasts_PR-5546.xls
5,122.8,0.0,export-roasts_PR-5546.xls
6,116.8,0.0,export-roasts_PR-5546.xls
7,111.2,0.0,export-roasts_PR-5546.xls
8,106.2,0.0,export-roasts_PR-5546.xls
9,101.5,0.0,export-roasts_PR-5546.xls
10,97.2,0.0,export-roasts_PR-5546.xls
11,93.3,0.0,export-roasts_PR-5546.xls
12,89.9,0.0,export-roasts_PR-5546.xls
13,86.5,0.0,export-roasts_PR-5546.xls
14,83.6,0.0,export-roasts_PR-5546.xls
15,80.9,0.0,export-roasts_PR-5546.xls
16,78.4,0.0,export-roasts_PR-5546.xls
17,76.0,0.0,export-roasts_PR-5546.xls
18,74.0,0.0,export-roasts_PR-5546.xls
19,72.1,0.0,export-roasts_PR-5546.xls
20,70.3,0.0,export-roasts_PR-5546.xls
21,68.8,0.0,export-roasts_PR-5546.xls
22,67.4,0.0,export-roasts_PR-5546.xls
23,66.0,100.0,export-roasts_PR-5546.xls
24,64.8,100.0,export-roasts_PR-5546.xls
25,63.8,100.0,export-roasts_PR-5546.xls
26,62.8,100.0,export-roasts_PR-5546.xls
27,61.9,100.0,export-roasts_PR-5546.xls
28,61.1,100.0,export-roasts_PR-5546.xls
29,60.4,100.0,export-roasts_PR-5546.xls
30,59.8,100.0,export-roasts_PR-5546.xls
31,59.2,100.0,export-roasts_PR-5546.xls
32,58.7,100.0,export-roasts_PR-5546.xls
33,58.2,100.0,export-roasts_PR-5546.xls
34,57.9,100.0,export-roasts_PR-5546.xls
35,57.6,100.0,export-roasts_PR-5546.xls
36,57.3,100.0,export-roasts_PR-5546.xls
37,57.1,100.0,export-roasts_PR-5546.xls
38,57.0,100.0,export-roasts_PR-5546.xls
39,56.9,100.0,export-roasts_PR-5546.xls
40,56.8,100.0,export-roasts_PR-5546.xls
41,56.8,100.0,export-roasts_PR-5546.xls
42,56.8,100.0,export-roasts_PR-5546.xls
43,56.8,100.0,export-roasts_PR-5546.xls
44,56.9,100.0,export-roasts_PR-5546.xls
45,57.0,100.0,export-roasts_PR-5546.xls
46,57.1,100.0,export-roasts_PR-5546.xls
47,57.3,100.0,export-roasts_PR-5546.xls
48,57.4,100.0,export-roasts_PR-5546.xls
49,57.6,100.0,export-roasts_PR-5546.xls
50,57.8,100.0,export-roasts_PR-5546.xls
51,58.0,100.0,export-roasts_PR-5546.xls
52,58.2,100.0,export-roasts_PR-5546.xls
53,58.5,100.0,export-roasts_PR-5546.xls
54,58.7,100.0,export-roasts_PR-5546.xls
55,59.0,100.0,export-roasts_PR-5546.xls
56,59.3,100.0,export-roasts_PR-5546.xls
57,59.6,100.0,export-roasts_PR-5546.xls
58,59.9,100.0,export-roasts_PR-5546.xls
59,60.1,100.0,export-roasts_PR-5546.xls
60,60.5,100.0,export-roasts_PR-5546.xls
61,60.8,100.0,export-roasts_PR-5546.xls
62,61.1,100.0,export-roasts_PR-5546.xls
63,61.5,100.0,export-roasts_PR-5546.xls
64,61.9,100.0,export-roasts_PR-5546.xls
65,62.2,100.0,export-roasts_PR-5546.xls
66,62.5,100.0,export-roasts_PR-5546.xls
67,62.9,100.0,export-roasts_PR-5546.xls
68,63.2,100.0,export-roasts_PR-5546.xls
69,63.6,100.0,export-roasts_PR-5546.xls
70,64.0,100.0,export-roasts_PR-5546.xls
71,64.3,100.0,export-roasts_PR-5546.xls
72,64.7,100.0,export-roasts_PR-5546.xls
73,65.0,100.0,export-roasts_PR-5546.xls
74,65.4,100.0,export-roasts_PR-5546.xls
75,65.7,100.0,export-roasts_PR-5546.xls
76,66.1,100.0,export-roasts_PR-5546.xls
77,66.5,100.0,export-roasts_PR-5546.xls
78,66.9,100.0,export-roasts_PR-5546.xls
79,67.2,100.0,export-roasts_PR-5546.xls
80,67.6,100.0,export-roasts_PR-5546.xls
81,68.0,100.0,export-roasts_PR-5546.xls
82,68.4,100.0,export-roasts_PR-5546.xls
83,68.8,100.0,export-roasts_PR-5546.xls
84,69.1,100.0,export-roasts_PR-5546.xls
85,69.5,100.0,export-roasts_PR-5546.xls
86,69.9,100.0,export-roasts_PR-5546.xls
87,70.3,100.0,export-roasts_PR-5546.xls
88,70.6,100.0,export-roasts_PR-5546.xls
89,71.0,100.0,export-roasts_PR-5546.xls
90,71.4,100.0,export-roasts_PR-5546.xls
91,71.7,100.0,export-roasts_PR-5546.xls
92,72.1,100.0,export-roasts_PR-5546.xls
93,72.5,100.0,export-roasts_PR-5546.xls
94,72.8,100.0,export-roasts_PR-5546.xls
95,73.2,100.0,export-roasts_PR-5546.xls
96,73.6,100.0,export-roasts_PR-5546.xls
97,74.0,100.0,export-roasts_PR-5546.xls
98,74.3,100.0,export-roasts_PR-5546.xls
99,74.7,100.0,export-roasts_PR-5546.xls
100,75.1,100.0,export-roasts_PR-5546.xls
101,75.4,100.0,export-roasts_PR-5546.xls
102,75.8,100.0,export-roasts_PR-5546.xls
103,76.2,100.0,export-roasts_PR-5546.xls
104,76.5,100.0,export-roasts_PR-5546.xls
105,76.9,100.0,export-roasts_PR-5546.xls
106,77.3,100.0,export-roasts_PR-5546.xls
107,77.6,100.0,export-roasts_PR-5546.xls
108,77.9,100.0,export-roasts_PR-5546.xls
109,78.3,100.0,export-roasts_PR-5546.xls
110,78.7,100.0,export-roasts_PR-5546.xls
111,79.0,100.0,export-roasts_PR-5546.xls
112,79.3,100.0,export-roasts_PR-5546.xls
113,79.7,100.0,export-roasts_PR-5546.xls
114,80.0,100.0,export-roasts_PR-5546.xls
115,80.4,100.0,export-roasts_PR-5546.xls
116,80.7,100.0,export-roasts_PR-5546.xls
117,81.1,100.0,export-roasts_PR-5546.xls
118,81.4,100.0,export-roasts_PR-5546.xls
119,81.8,100.0,export-roasts_PR-5546.xls
120,82.1,100.0,export-roasts_PR-5546.xls
121,82.4,100.0,export-roasts_PR-5546.xls
122,82.8,100.0,export-roasts_PR-5546.xls
123,83.2,100.0,export-roasts_PR-5546.xls
124,83.5,100.0,export-roasts_PR-5546.xls
125,83.9,100.0,export-roasts_PR-5546.xls
126,84.2,100.0,export-roasts_PR-5546.xls
127,84.5,100.0,export-roasts_PR-5546.xls
128,84.9,100.0,export-roasts_PR-5546.xls
129,85.2,100.0,export-roasts_PR-5546.xls
130,85.5,100.0,export-roasts_PR-5546.xls
131,85.9,100.0,export-roasts_PR-5546.xls
132,86.2,100.0,export-roasts_PR-5546.xls
133,86.5,100.0,export-roasts_PR-5546.xls
134,86.8,100.0,export-roasts_PR-5546.xls
135,87.1,100.0,export-roasts_PR-5546.xls
136,87.5,100.0,export-roasts_PR-5546.xls
137,87.8,100.0,export-roasts_PR-5546.xls
138,88.2,100.0,export-roasts_PR-5546.xls
139,88.5,100.0,export-roasts_PR-5546.xls
140,88.8,100.0,export-roasts_PR-5546.xls
141,89.1,100.0,export-roasts_PR-5546.xls
142,89.4,100.0,export-roasts_PR-5546.xls
143,89.8,100.0,export-roasts_PR-5546.xls
144,90.1,100.0,export-roasts_PR-5546.xls
145,90.4,100.0,export-roasts_PR-5546.xls
146,90.7,100.0,export-roasts_PR-5546.xls
147,91.0,100.0,export-roasts_PR-5546.xls
148,91.3,100.0,export-roasts_PR-5546.xls
149,91.6,100.0,export-roasts_PR-5546.xls
150,91.8,100.0,export-roasts_PR-5546.xls
151,92.2,100.0,export-roasts_PR-5546.xls
152,92.4,100.0,export-roasts_PR-5546.xls
153,92.7,100.0,export-roasts_PR-5546.xls
154,93.1,100.0,export-roasts_PR-5546.xls
155,93.4,100.0,export-roasts_PR-5546.xls
156,93.7,100.0,export-roasts_PR-5546.xls
157,94.0,100.0,export-roasts_PR-5546.xls
158,94.3,100.0,export-roasts_PR-5546.xls
159,94.6,100.0,export-roasts_PR-5546.xls
160,94.9,100.0,export-roasts_PR-5546.xls
161,95.2,100.0,export-roasts_PR-5546.xls
162,95.5,100.0,export-roasts_PR-5546.xls
163,95.9,100.0,export-roasts_PR-5546.xls
164,96.1,100.0,export-roasts_PR-5546.xls
165,96.4,100.0,export-roasts_PR-5546.xls
166,96.7,100.0,export-roasts_PR-5546.xls
167,97.0,100.0,export-roasts_PR-5546.xls
168,97.3,100.0,export-roasts_PR-5546.xls
169,97.6,100.0,export-roasts_PR-5546.xls
170,97.9,100.0,export-roasts_PR-5546.xls
171,98.2,100.0,export-roasts_PR-5546.xls
172,98.5,100.0,export-roasts_PR-5546.xls
173,98.8,100.0,export-roasts_PR-5546.xls
174,99.0,100.0,export-roasts_PR-5546.xls
175,99.3,100.0,export-roasts_PR-5546.xls
176,99.6,100.0,export-roasts_PR-5546.xls
177,99.9,100.0,export-roasts_PR-5546.xls
178,100.2,100.0,export-roasts_PR-5546.xls
179,100.4,100.0,export-roasts_PR-5546.xls
180,100.7,100.0,export-roasts_PR-5546.xls
181,101.0,100.0,export-roasts_PR-5546.xls
182,101.3,100.0,export-roasts_PR-5546.xls
183,101.6,100.0,export-roasts_PR-5546.xls
184,101.8,100.0,export-roasts_PR-5546.xls
185,102.1,100.0,export-roasts_PR-5546.xls
186,102.4,100.0,export-roasts_PR-5546.xls
187,102.7,100.0,export-roasts_PR-5546.xls
188,102.9,100.0,export-roasts_PR-5546.xls
189,103.2,100.0,export-roasts_PR-5546.xls
190,103.5,100.0,export-roasts_PR-5546.xls
191,103.8,100.0,export-roasts_PR-5546.xls
192,104.0,100.0,export-roasts_PR-5546.xls
193,104.2,100.0,export-roasts_PR-5546.xls
194,104.5,100.0,export-roasts_PR-5546.xls
195,104.8,100.0,export-roasts_PR-5546.xls
196,105.0,100.0,export-roasts_PR-5546.xls
197,105.3,100.0,export-roasts_PR-5546.xls
198,105.6,100.0,export-roasts_PR-5546.xls
199,105.9,100.0,export-roasts_PR-5546.xls
200,106.1,100.0,export-roasts_PR-5546.xls
201,106.5,100.0,export-roasts_PR-5546.xls
202,106.7,100.0,export-roasts_PR-5546.xls
203,107.0,100.0,export-roasts_PR-5546.xls
204,107.3,100.0,export-roasts_PR-5546.xls
205,107.6,100.0,export-roasts_PR-5546.xls
206,107.9,100.0,export-roasts_PR-5546.xls
207,108.2,100.0,export-roasts_PR-5546.xls
208,108.4,100.0,export-roasts_PR-5546.xls
209,108.7,100.0,export-roasts_PR-5546.xls
210,108.9,100.0,export-roasts_PR-5546.xls
211,109.1,100.0,export-roasts_PR-5546.xls
212,109.4,100.0,export-roasts_PR-5546.xls
213,109.6,100.0,export-roasts_PR-5546.xls
214,109.9,100.0,export-roasts_PR-5546.xls
215,110.2,100.0,export-roasts_PR-5546.xls
216,110.4,100.0,export-roasts_PR-5546.xls
217,110.7,100.0,export-roasts_PR-5546.xls
218,110.9,100.0,export-roasts_PR-5546.xls
219,111.2,100.0,export-roasts_PR-5546.xls
220,111.5,100.0,export-roasts_PR-5546.xls
221,111.7,100.0,export-roasts_PR-5546.xls
222,112.0,100.0,export-roasts_PR-5546.xls
223,112.2,100.0,export-roasts_PR-5546.xls
224,112.5,100.0,export-roasts_PR-5546.xls
225,112.7,100.0,export-roasts_PR-5546.xls
226,113.0,100.0,export-roasts_PR-5546.xls
227,113.2,100.0,export-roasts_PR-5546.xls
228,113.5,100.0,export-roasts_PR-5546.xls
229,113.7,100.0,export-roasts_PR-5546.xls
230,114.0,100.0,export-roasts_PR-5546.xls
231,114.2,100.0,export-roasts_PR-5546.xls
232,114.5,100.0,export-roasts_PR-5546.xls
233,114.7,100.0,export-roasts_PR-5546.xls
234,115.0,100.0,export-roasts_PR-5546.xls
235,115.2,100.0,export-roasts_PR-5546.xls
236,115.5,100.0,export-roasts_PR-5546.xls
237,115.7,100.0,export-roasts_PR-5546.xls
238,116.0,100.0,export-roasts_PR-5546.xls
239,116.2,100.0,export-roasts_PR-5546.xls
240,116.4,100.0,export-roasts_PR-5546.xls
241,116.7,100.0,export-roasts_PR-5546.xls
242,116.9,100.0,export-roasts_PR-5546.xls
243,117.2,100.0,export-roasts_PR-5546.xls
244,117.4,100.0,export-roasts_PR-5546.xls
245,117.7,100.0,export-roasts_PR-5546.xls
246,118.0,100.0,export-roasts_PR-5546.xls
247,118.2,100.0,export-roasts_PR-5546.xls
248,118.4,100.0,export-roasts_PR-5546.xls
249,118.7,100.0,export-roasts_PR-5546.xls
250,118.9,100.0,export-roasts_PR-5546.xls
251,119.2,100.0,export-roasts_PR-5546.xls
252,119.4,100.0,export-roasts_PR-5546.xls
253,119.7,100.0,export-roasts_PR-5546.xls
254,119.8,100.0,export-roasts_PR-5546.xls
255,120.1,100.0,export-roasts_PR-5546.xls
256,120.3,100.0,export-roasts_PR-5546.xls
257,120.6,100.0,export-roasts_PR-5546.xls
258,120.8,100.0,export-roasts_PR-5546.xls
259,121.1,100.0,export-roasts_PR-5546.xls
260,121.3,100.0,export-roasts_PR-5546.xls
261,121.6,100.0,export-roasts_PR-5546.xls
262,121.8,100.0,export-roasts_PR-5546.xls
263,122.1,100.0,export-roasts_PR-5546.xls
264,122.3,100.0,export-roasts_PR-5546.xls
265,122.6,100.0,export-roasts_PR-5546.xls
266,122.8,100.0,export-roasts_PR-5546.xls
267,123.1,100.0,export-roasts_PR-5546.xls
268,123.4,100.0,export-roasts_PR-5546.xls
269,123.6,100.0,export-roasts_PR-5546.xls
270,123.8,100.0,export-roasts_PR-5546.xls
271,124.1,100.0,export-roasts_PR-5546.xls
272,124.3,100.0,export-roasts_PR-5546.xls
273,124.6,100.0,export-roasts_PR-5546.xls
274,124.8,100.0,export-roasts_PR-5546.xls
275,125.1,100.0,export-roasts_PR-5546.xls
276,125.3,100.0,export-roasts_PR-5546.xls
277,125.5,100.0,export-roasts_PR-5546.xls
278,125.7,100.0,export-roasts_PR-5546.xls
279,126.0,100.0,export-roasts_PR-5546.xls
280,126.2,100.0,export-roasts_PR-5546.xls
281,126.4,100.0,export-roasts_PR-5546.xls
282,126.6,100.0,export-roasts_PR-5546.xls
283,126.8,100.0,export-roasts_PR-5546.xls
284,127.1,100.0,export-roasts_PR-5546.xls
285,127.3,100.0,export-roasts_PR-5546.xls
286,127.5,100.0,export-roasts_PR-5546.xls
287,127.8,100.0,export-roasts_PR-5546.xls
288,128.0,100.0,export-roasts_PR-5546.xls
289,128.2,100.0,export-roasts_PR-5546.xls
290,128.5,100.0,export-roasts_PR-5546.xls
291,128.7,100.0,export-roasts_PR-5546.xls
292,128.9,100.0,export-roasts_PR-5546.xls
293,129.2,100.0,export-roasts_PR-5546.xls
294,129.5,100.0,export-roasts_PR-5546.xls
295,129.7,100.0,export-roasts_PR-5546.xls
296,129.9,100.0,export-roasts_PR-5546.xls
297,130.1,100.0,export-roasts_PR-5546.xls
298,130.4,100.0,export-roasts_PR-5546.xls
299,130.6,100.0,export-roasts_PR-5546.xls
300,130.9,100.0,export-roasts_PR-5546.xls
301,131.1,100.0,export-roasts_PR-5546.xls
302,131.4,100.0,export-roasts_PR-5546.xls
303,131.6,100.0,export-roasts_PR-5546.xls
304,131.8,100.0,export-roasts_PR-5546.xls
305,132.1,100.0,export-roasts_PR-5546.xls
306,132.3,100.0,export-roasts_PR-5546.xls
307,132.5,100.0,export-roasts_PR-5546.xls
308,132.7,100.0,export-roasts_PR-5546.xls
309,133.0,100.0,export-roasts_PR-5546.xls
310,133.3,100.0,export-roasts_PR-5546.xls
311,133.5,100.0,export-roasts_PR-5546.xls
312,133.7,100.0,export-roasts_PR-5546.xls
313,133.9,100.0,export-roasts_PR-5546.xls
314,134.1,100.0,export-roasts_PR-5546.xls
315,134.4,100.0,export-roasts_PR-5546.xls
316,134.6,100.0,export-roasts_PR-5546.xls
317,134.8,100.0,export-roasts_PR-5546.xls
318,135.1,100.0,export-roasts_PR-5546.xls
319,135.4,100.0,export-roasts_PR-5546.xls
320,135.6,100.0,export-roasts_PR-5546.xls
321,135.9,100.0,export-roasts_PR-5546.xls
322,136.1,100.0,export-roasts_PR-5546.xls
323,136.3,100.0,export-roasts_PR-5546.xls
324,136.5,100.0,export-roasts_PR-5546.xls
325,136.8,100.0,export-roasts_PR-5546.xls
326,137.0,100.0,export-roasts_PR-5546.xls
327,137.2,100.0,export-roasts_PR-5546.xls
328,137.5,100.0,export-roasts_PR-5546.xls
329,137.6,100.0,export-roasts_PR-5546.xls
330,137.9,100.0,export-roasts_PR-5546.xls
331,138.1,100.0,export-roasts_PR-5546.xls
332,138.3,100.0,export-roasts_PR-5546.xls
333,138.4,100.0,export-roasts_PR-5546.xls
334,138.7,100.0,export-roasts_PR-5546.xls
335,138.9,100.0,export-roasts_PR-5546.xls
336,139.0,100.0,export-roasts_PR-5546.xls
337,139.3,100.0,export-roasts_PR-5546.xls
338,139.4,100.0,export-roasts_PR-5546.xls
339,139.7,100.0,export-roasts_PR-5546.xls
340,139.9,100.0,export-roasts_PR-5546.xls
341,140.1,100.0,export-roasts_PR-5546.xls
342,140.3,100.0,export-roasts_PR-5546.xls
343,140.6,100.0,export-roasts_PR-5546.xls
344,140.8,100.0,export-roasts_PR-5546.xls
345,141.0,100.0,export-roasts_PR-5546.xls
346,141.3,100.0,export-roasts_PR-5546.xls
347,141.6,100.0,export-roasts_PR-5546.xls
348,141.8,100.0,export-roasts_PR-5546.xls
349,142.0,100.0,export-roasts_PR-5546.xls
350,142.2,100.0,export-roasts_PR-5546.xls
351,142.4,100.0,export-roasts_PR-5546.xls
352,142.6,100.0,export-roasts_PR-5546.xls
353,142.8,100.0,export-roasts_PR-5546.xls
354,143.1,100.0,export-roasts_PR-5546.xls
355,143.2,100.0,export-roasts_PR-5546.xls
356,143.4,100.0,export-roasts_PR-5546.xls
357,143.6,100.0,export-roasts_PR-5546.xls
358,143.8,100.0,export-roasts_PR-5546.xls
359,144.0,100.0,export-roasts_PR-5546.xls
360,144.2,100.0,export-roasts_PR-5546.xls
361,144.4,100.0,export-roasts_PR-5546.xls
362,144.6,100.0,export-roasts_PR-5546.xls
363,144.9,100.0,export-roasts_PR-5546.xls
364,145.1,100.0,export-roasts_PR-5546.xls
365,145.3,100.0,export-roasts_PR-5546.xls
366,145.5,100.0,export-roasts_PR-5546.xls
367,145.7,100.0,export-roasts_PR-5546.xls
368,145.9,100.0,export-roasts_PR-5546.xls
369,146.1,100.0,export-roasts_PR-5546.xls
370,146.3,100.0,export-roasts_PR-5546.xls
371,146.5,100.0,export-roasts_PR-5546.xls
372,146.7,100.0,export-roasts_PR-5546.xls
373,146.9,100.0,export-roasts_PR-5546.xls
374,147.1,100.0,export-roasts_PR-5546.xls
375,147.3,100.0,export-roasts_PR-5546.xls
376,147.5,100.0,export-roasts_PR-5546.xls
377,147.7,100.0,export-roasts_PR-5546.xls
378,147.9,100.0,export-roasts_PR-5546.xls
379,148.1,100.0,export-roasts_PR-5546.xls
380,148.3,100.0,export-roasts_PR-5546.xls
381,148.5,100.0,export-roasts_PR-5546.xls
382,148.7,100.0,export-roasts_PR-5546.xls
383,148.9,100.0,export-roasts_PR-5546.xls
384,149.2,100.0,export-roasts_PR-5546.xls
385,149.3,100.0,export-roasts_PR-5546.xls
386,149.5,100.0,export-roasts_PR-5546.xls
387,149.8,100.0,export-roasts_PR-5546.xls
388,150.0,100.0,export-roasts_PR-5546.xls
389,150.2,100.0,export-roasts_PR-5546.xls
390,150.4,100.0,export-roasts_PR-5546.xls
391,150.7,100.0,export-roasts_PR-5546.xls
392,150.9,100.0,export-roasts_PR-5546.xls
393,151.1,100.0,export-roasts_PR-5546.xls
394,151.3,100.0,export-roasts_PR-5546.xls
395,151.5,100.0,export-roasts_PR-5546.xls
396,151.7,100.0,export-roasts_PR-5546.xls
397,152.0,100.0,export-roasts_PR-5546.xls
398,152.1,100.0,export-roasts_PR-5546.xls
399,152.4,100.0,export-roasts_PR-5546.xls
400,152.6,100.0,export-roasts_PR-5546.xls
401,152.8,100.0,export-roasts_PR-5546.xls
402,153.0,100.0,export-roasts_PR-5546.xls
403,153.2,100.0,export-roasts_PR-5546.xls
404,153.5,100.0,export-roasts_PR-5546.xls
405,153.7,100.0,export-roasts_PR-5546.xls
406,153.9,100.0,export-roasts_PR-5546.xls
407,154.1,100.0,export-roasts_PR-5546.xls
408,154.3,100.0,export-roasts_PR-5546.xls
409,154.5,100.0,export-roasts_PR-5546.xls
410,154.7,100.0,export-roasts_PR-5546.xls
411,154.9,100.0,export-roasts_PR-5546.xls
412,155.1,100.0,export-roasts_PR-5546.xls
413,155.4,100.0,export-roasts_PR-5546.xls
414,155.5,100.0,export-roasts_PR-5546.xls
415,155.7,100.0,export-roasts_PR-5546.xls
416,156.0,100.0,export-roasts_PR-5546.xls
417,156.1,100.0,export-roasts_PR-5546.xls
418,156.3,100.0,export-roasts_PR-5546.xls
419,156.5,100.0,export-roasts_PR-5546.xls
420,156.8,100.0,export-roasts_PR-5546.xls
421,157.0,100.0,export-roasts_PR-5546.xls
422,157.2,100.0,export-roasts_PR-5546.xls
423,157.4,100.0,export-roasts_PR-5546.xls
424,157.6,100.0,export-roasts_PR-5546.xls
425,157.8,100.0,export-roasts_PR-5546.xls
426,158.0,100.0,export-roasts_PR-5546.xls
427,158.3,100.0,export-roasts_PR-5546.xls
428,158.5,100.0,export-roasts_PR-5546.xls
429,158.6,100.0,export-roasts_PR-5546.xls
430,158.9,100.0,export-roasts_PR-5546.xls
431,159.1,100.0,export-roasts_PR-5546.xls
432,159.2,100.0,export-roasts_PR-5546.xls
433,159.4,100.0,export-roasts_PR-5546.xls
434,159.6,100.0,export-roasts_PR-5546.xls
435,159.8,100.0,export-roasts_PR-5546.xls
436,160.1,100.0,export-roasts_PR-5546.xls
437,160.3,100.0,export-roasts_PR-5546.xls
438,160.4,100.0,export-roasts_PR-5546.xls
439,160.6,100.0,export-roasts_PR-5546.xls
440,160.9,100.0,export-roasts_PR-5546.xls
441,161.0,100.0,export-roasts_PR-5546.xls
442,161.2,100.0,export-roasts_PR-5546.xls
443,161.4,100.0,export-roasts_PR-5546.xls
444,161.6,100.0,export-roasts_PR-5546.xls
445,161.8,100.0,export-roasts_PR-5546.xls
446,162.0,100.0,export-roasts_PR-5546.xls
447,162.2,100.0,export-roasts_PR-5546.xls
448,162.4,100.0,export-roasts_PR-5546.xls
449,162.6,100.0,export-roasts_PR-5546.xls
450,162.8,100.0,export-roasts_PR-5546.xls
451,163.0,100.0,export-roasts_PR-5546.xls
452,163.2,100.0,export-roasts_PR-5546.xls
453,163.4,100.0,export-roasts_PR-5546.xls
454,163.6,100.0,export-roasts_PR-5546.xls
455,163.8,100.0,export-roasts_PR-5546.xls
456,164.1,100.0,export-roasts_PR-5546.xls
457,164.2,100.0,export-roasts_PR-5546.xls
458,164.4,100.0,export-roasts_PR-5546.xls
459,164.7,100.0,export-roasts_PR-5546.xls
460,164.9,100.0,export-roasts_PR-5546.xls
461,165.1,100.0,export-roasts_PR-5546.xls
462,165.3,100.0,export-roasts_PR-5546.xls
463,165.5,100.0,export-roasts_PR-5546.xls
464,165.7,100.0,export-roasts_PR-5546.xls
465,165.9,100.0,export-roasts_PR-5546.xls
466,166.1,100.0,export-roasts_PR-5546.xls
467,166.3,100.0,export-roasts_PR-5546.xls
468,166.5,100.0,export-roasts_PR-5546.xls
469,166.7,100.0,export-roasts_PR-5546.xls
470,167.0,100.0,export-roasts_PR-5546.xls
471,167.1,100.0,export-roasts_PR-5546.xls
472,167.3,100.0,export-roasts_PR-5546.xls
473,167.6,100.0,export-roasts_PR-5546.xls
474,167.8,100.0,export-roasts_PR-5546.xls
475,168.0,100.0,export-roasts_PR-5546.xls
476,168.2,100.0,export-roasts_PR-5546.xls
477,168.4,100.0,export-roasts_PR-5546.xls
478,168.6,100.0,export-roasts_PR-5546.xls
479,168.8,100.0,export-roasts_PR-5546.xls
480,169.0,100.0,export-roasts_PR-5546.xls
481,169.3,100.0,export-roasts_PR-5546.xls
482,169.4,100.0,export-roasts_PR-5546.xls
483,169.6,100.0,export-roasts_PR-5546.xls
484,169.8,100.0,export-roasts_PR-5546.xls
485,170.0,100.0,export-roasts_PR-5546.xls
486,170.2,100.0,export-roasts_PR-5546.xls
487,170.4,100.0,export-roasts_PR-5546.xls
488,170.6,100.0,export-roasts_PR-5546.xls
489,170.9,100.0,export-roasts_PR-5546.xls
490,171.0,100.0,export-roasts_PR-5546.xls
491,171.3,100.0,export-roasts_PR-5546.xls
492,171.5,100.0,export-roasts_PR-5546.xls
493,171.7,100.0,export-roasts_PR-5546.xls
494,171.9,100.0,export-roasts_PR-5546.xls
495,172.1,100.0,export-roasts_PR-5546.xls
496,172.2,100.0,export-roasts_PR-5546.xls
497,172.5,100.0,export-roasts_PR-5546.xls
498,172.7,100.0,export-roasts_PR-5546.xls
499,172.9,100.0,export-roasts_PR-5546.xls
500,173.1,100.0,export-roasts_PR-5546.xls
501,173.2,100.0,export-roasts_PR-5546.xls
502,173.4,100.0,export-roasts_PR-5546.xls
503,173.6,100.0,export-roasts_PR-5546.xls
504,173.8,100.0,export-roasts_PR-5546.xls
505,173.9,100.0,export-roasts_PR-5546.xls
506,174.1,100.0,export-roasts_PR-5546.xls
507,174.3,100.0,export-roasts_PR-5546.xls
508,174.6,100.0,export-roasts_PR-5546.xls
509,174.8,100.0,export-roasts_PR-5546.xls
510,175.0,100.0,export-roasts_PR-5546.xls
511,175.2,100.0,export-roasts_PR-5546.xls
512,175.5,100.0,export-roasts_PR-5546.xls
513,175.7,100.0,export-roasts_PR-5546.xls
514,175.9,90.0,export-roasts_PR-5546.xls
515,176.1,90.0,export-roasts_PR-5546.xls
516,176.3,90.0,export-roasts_PR-5546.xls
517,176.4,90.0,export-roasts_PR-5546.xls
518,176.6,90.0,export-roasts_PR-5546.xls
519,176.9,90.0,export-roasts_PR-5546.xls
520,177.0,90.0,export-roasts_PR-5546.xls
521,177.3,90.0,export-roasts_PR-5546.xls
522,177.5,90.0,export-roasts_PR-5546.xls
523,177.7,90.0,export-roasts_PR-5546.xls
524,177.9,90.0,export-roasts_PR-5546.xls
525,178.1,90.0,export-roasts_PR-5546.xls
526,178.4,90.0,export-roasts_PR-5546.xls
527,178.5,90.0,export-roasts_PR-5546.xls
528,178.8,90.0,export-roasts_PR-5546.xls
529,179.0,90.0,export-roasts_PR-5546.xls
530,179.2,90.0,export-roasts_PR-5546.xls
531,179.4,90.0,export-roasts_PR-5546.xls
532,179.6,90.0,export-roasts_PR-5546.xls
533,179.8,90.0,export-roasts_PR-5546.xls
534,179.9,90.0,export-roasts_PR-5546.xls
535,180.1,90.0,export-roasts_PR-5546.xls
536,180.3,90.0,export-roasts_PR-5546.xls
537,180.4,90.0,export-roasts_PR-5546.xls
538,180.6,90.0,export-roasts_PR-5546.xls
539,180.8,90.0,export-roasts_PR-5546.xls
540,181.0,90.0,export-roasts_PR-5546.xls
541,181.2,90.0,export-roasts_PR-5546.xls
542,181.4,90.0,export-roasts_PR-5546.xls
543,181.6,90.0,export-roasts_PR-5546.xls
544,181.8,90.0,export-roasts_PR-5546.xls
545,182.0,90.0,export-roasts_PR-5546.xls
546,182.2,90.0,export-roasts_PR-5546.xls
547,182.4,90.0,export-roasts_PR-5546.xls
548,182.6,90.0,export-roasts_PR-5546.xls
549,182.9,90.0,export-roasts_PR-5546.xls
550,183.1,90.0,export-roasts_PR-5546.xls
551,183.2,90.0,export-roasts_PR-5546.xls
552,183.4,90.0,export-roasts_PR-5546.xls
553,183.6,90.0,export-roasts_PR-5546.xls
554,183.8,90.0,export-roasts_PR-5546.xls
555,184.0,90.0,export-roasts_PR-5546.xls
556,184.1,90.0,export-roasts_PR-5546.xls
557,184.3,90.0,export-roasts_PR-5546.xls
558,184.5,90.0,export-roasts_PR-5546.xls
559,184.7,90.0,export-roasts_PR-5546.xls
560,184.9,90.0,export-roasts_PR-5546.xls
561,185.2,90.0,export-roasts_PR-5546.xls
562,185.3,90.0,export-roasts_PR-5546.xls
563,185.5,90.0,export-roasts_PR-5546.xls
564,185.7,90.0,export-roasts_PR-5546.xls
565,185.9,90.0,export-roasts_PR-5546.xls
566,186.1,90.0,export-roasts_PR-5546.xls
567,186.3,90.0,export-roasts_PR-5546.xls
568,186.5,90.0,export-roasts_PR-5546.xls
569,186.7,90.0,export-roasts_PR-5546.xls
570,186.9,90.0,export-roasts_PR-5546.xls
571,187.2,90.0,export-roasts_PR-5546.xls
572,187.4,90.0,export-roasts_PR-5546.xls
573,187.6,90.0,export-roasts_PR-5546.xls
574,187.8,90.0,export-roasts_PR-5546.xls
575,188.0,90.0,export-roasts_PR-5546.xls
576,188.1,90.0,export-roasts_PR-5546.xls
577,188.4,90.0,export-roasts_PR-5546.xls
578,188.6,90.0,export-roasts_PR-5546.xls
579,188.8,90.0,export-roasts_PR-5546.xls
580,189.0,90.0,export-roasts_PR-5546.xls
581,189.1,90.0,export-roasts_PR-5546.xls
582,189.3,90.0,export-roasts_PR-5546.xls
583,189.6,90.0,export-roasts_PR-5546.xls
584,189.8,90.0,export-roasts_PR-5546.xls
585,190.0,90.0,export-roasts_PR-5546.xls
586,190.2,90.0,export-roasts_PR-5546.xls
587,190.4,90.0,export-roasts_PR-5546.xls
588,190.6,90.0,export-roasts_PR-5546.xls
589,190.9,90.0,export-roasts_PR-5546.xls
590,191.1,90.0,export-roasts_PR-5546.xls
591,191.2,90.0,export-roasts_PR-5546.xls
592,191.5,90.0,export-roasts_PR-5546.xls
593,191.7,0.0,export-roasts_PR-5546.xls
594,191.8,0.0,export-roasts_PR-5546.xls
595,192.0,0.0,export-roasts_PR-5546.xls
596,192.2,0.0,export-roasts_PR-5546.xls
597,192.4,0.0,export-roasts_PR-5546.xls
598,192.6,0.0,export-roasts_PR-5546.xls
599,192.9,0.0,export-roasts_PR-5546.xls
600,193.0,0.0,export-roasts_PR-5546.xls
601,193.3,0.0,export-roasts_PR-5546.xls
602,193.5,0.0,export-roasts_PR-5546.xls
603,193.6,0.0,export-roasts_PR-5546.xls
604,193.8,0.0,export-roasts_PR-5546.xls
605,194.0,0.0,export-roasts_PR-5546.xls
606,194.1,0.0,export-roasts_PR-5546.xls
607,194.3,0.0,export-roasts_PR-5546.xls
608,194.5,0.0,export-roasts_PR-5546.xls
609,194.7,0.0,export-roasts_PR-5546.xls
610,194.9,0.0,export-roasts_PR-5546.xls
611,195.0,0.0,export-roasts_PR-5546.xls
612,195.2,0.0,export-roasts_PR-5546.xls
613,195.3,0.0,export-roasts_PR-5546.xls
614,195.4,0.0,export-roasts_PR-5546.xls
615,195.6,0.0,export-roasts_PR-5546.xls
616,195.7,0.0,export-roasts_PR-5546.xls
617,195.8,0.0,export-roasts_PR-5546.xls
618,195.9,0.0,export-roasts_PR-5546.xls
619,196.0,0.0,export-roasts_PR-5546.xls
620,196.2,0.0,export-roasts_PR-5546.xls
621,196.3,0.0,export-roasts_PR-5546.xls
622,196.5,0.0,export-roasts_PR-5546.xls
623,196.6,0.0,export-roasts_PR-5546.xls
624,196.7,0.0,export-roasts_PR-5546.xls
625,196.8,0.0,export-roasts_PR-5546.xls
626,196.9,0.0,export-roasts_PR-5546.xls
627,197.1,0.0,export-roasts_PR-5546.xls
628,197.2,0.0,export-roasts_PR-5546.xls
629,197.2,0.0,export-roasts_PR-5546.xls
630,197.3,0.0,export-roasts_PR-5546.xls
631,197.4,0.0,export-roasts_PR-5546.xls
632,197.5,0.0,export-roasts_PR-5546.xls
633,197.6,0.0,export-roasts_PR-5546.xls
634,197.8,0.0,export-roasts_PR-5546.xls
635,197.8,0.0,export-roasts_PR-5546.xls
636,197.9,0.0,export-roasts_PR-5546.xls
637,198.0,0.0,export-roasts_PR-5546.xls
638,198.1,0.0,export-roasts_PR-5546.xls
639,198.2,0.0,export-roasts_PR-5546.xls
640,198.3,0.0,export-roasts_PR-5546.xls
641,198.4,0.0,export-roasts_PR-5546.xls
642,198.4,0.0,export-roasts_PR-5546.xls
643,198.5,0.0,export-roasts_PR-5546.xls
644,198.7,5.0,export-roasts_PR-5546.xls
645,198.8,5.0,export-roasts_PR-5546.xls
646,198.8,5.0,export-roasts_PR-5546.xls
647,199.0,5.0,export-roasts_PR-5546.xls
648,199.0,5.0,export-roasts_PR-5546.xls
649,199.2,5.0,export-roasts_PR-5546.xls
650,199.3,5.0,export-roasts_PR-5546.xls
651,199.4,5.0,export-roasts_PR-5546.xls
652,199.4,5.0,export-roasts_PR-5546.xls
653,199.6,5.0,export-roasts_PR-5546.xls
654,199.6,5.0,export-roasts_PR-5546.xls
655,199.7,5.0,export-roasts_PR-5546.xls
656,199.8,5.0,export-roasts_PR-5546.xls
657,199.9,5.0,export-roasts_PR-5546.xls
658,200.0,5.0,export-roasts_PR-5546.xls
659,200.2,5.0,export-roasts_PR-5546.xls
660,200.3,5.0,export-roasts_PR-5546.xls
661,200.4,5.0,export-roasts_PR-5546.xls
662,200.5,5.0,export-roasts_PR-5546.xls
663,200.7,5.0,export-roasts_PR-5546.xls
664,200.7,5.0,export-roasts_PR-5546.xls
665,200.8,5.0,export-roasts_PR-5546.xls
666,200.9,5.0,export-roasts_PR-5546.xls
667,201.1,5.0,export-roasts_PR-5546.xls
668,201.2,5.0,export-roasts_PR-5546.xls
669,201.3,5.0,export-roasts_PR-5546.xls
670,201.4,5.0,export-roasts_PR-5546.xls
671,201.5,5.0,export-roasts_PR-5546.xls
672,201.6,5.0,export-roasts_PR-5546.xls
673,201.7,5.0,export-roasts_PR-5546.xls
674,201.9,5.0,export-roasts_PR-5546.xls
675,202.0,5.0,export-roasts_PR-5546.xls
676,202.1,5.0,export-roasts_PR-5546.xls
677,202.2,5.0,export-roasts_PR-5546.xls
678,202.2,5.0,export-roasts_PR-5546.xls
679,202.4,5.0,export-roasts_PR-5546.xls
680,202.5,5.0,export-roasts_PR-5546.xls
681,202.6,5.0,export-roasts_PR-5546.xls
682,202.7,5.0,export-roasts_PR-5546.xls
683,202.9,5.0,export-roasts_PR-5546.xls
684,203.0,5.0,export-roasts_PR-5546.xls
685,203.1,5.0,export-roasts_PR-5546.xls
686,203.1,5.0,export-roasts_PR-5546.xls
687,203.3,5.0,export-roasts_PR-5546.xls
688,203.4,5.0,export-roasts_PR-5546.xls
689,203.5,5.0,export-roasts_PR-5546.xls
690,203.6,5.0,export-roasts_PR-5546.xls
691,203.7,5.0,export-roasts_PR-5546.xls
692,203.8,5.0,export-roasts_PR-5546.xls
693,203.9,5.0,export-roasts_PR-5546.xls
694,204.0,5.0,export-roasts_PR-5546.xls
695,204.1,5.0,export-roasts_PR-5546.xls
696,204.2,5.0,export-roasts_PR-5546.xls
697,204.3,5.0,export-roasts_PR-5546.xls
698,204.4,5.0,export-roasts_PR-5546.xls
699,204.5,5.0,export-roasts_PR-5546.xls
700,204.6,5.0,export-roasts_PR-5546.xls
701,204.7,10.0,export-roasts_PR-5546.xls
702,204.8,10.0,export-roasts_PR-5546.xls
703,204.9,10.0,export-roasts_PR-5546.xls
704,205.0,10.0,export-roasts_PR-5546.xls
705,205.1,10.0,export-roasts_PR-5546.xls
706,205.1,10.0,export-roasts_PR-5546.xls
707,205.2,10.0,export-roasts_PR-5546.xls
708,205.3,10.0,export-roasts_PR-5546.xls
709,205.3,10.0,export-roasts_PR-5546.xls
710,205.4,10.0,export-roasts_PR-5546.xls
711,205.5,10.0,export-roasts_PR-5546.xls
712,205.6,10.0,export-roasts_PR-5546.xls
713,205.7,10.0,export-roasts_PR-5546.xls
714,205.8,10.0,export-roasts_PR-5546.xls
715,205.8,10.0,export-roasts_PR-5546.xls
716,205.9,10.0,export-roasts_PR-5546.xls
717,206.0,10.0,export-roasts_PR-5546.xls
718,206.0,10.0,export-roasts_PR-5546.xls
719,206.1,10.0,export-roasts_PR-5546.xls
720,206.2,10.0,export-roasts_PR-5546.xls
721,206.3,10.0,export-roasts_PR-5546.xls
722,206.4,10.0,export-roasts_PR-5546.xls
723,206.4,10.0,export-roasts_PR-5546.xls
724,206.5,10.0,export-roasts_PR-5546.xls
725,206.6,10.0,export-roasts_PR-5546.xls
726,206.7,10.0,export-roasts_PR-5546.xls
727,206.7,10.0,export-roasts_PR-5546.xls
728,206.8,10.0,export-roasts_PR-5546.xls
729,206.9,10.0,export-roasts_PR-5546.xls
730,206.9,10.0,export-roasts_PR-5546.xls
731,207.0,10.0,export-roasts_PR-5546.xls
732,207.0,10.0,export-roasts_PR-5546.xls
733,207.1,10.0,export-roasts_PR-5546.xls
734,207.1,10.0,export-roasts_PR-5546.xls
735,207.3,10.0,export-roasts_PR-5546.xls
736,207.3,10.0,export-roasts_PR-5546.xls
737,207.4,10.0,export-roasts_PR-5546.xls
738,207.4,10.0,export-roasts_PR-5546.xls
739,207.5,10.0,export-roasts_PR-5546.xls
740,207.5,10.0,export-roasts_PR-5546.xls
741,207.6,10.0,export-roasts_PR-5546.xls
742,207.7,10.0,export-roasts_PR-5546.xls
743,207.9,10.0,export-roasts_PR-5546.xls
744,207.9,10.0,export-roasts_PR-5546.xls
745,208.0,10.0,export-roasts_PR-5546.xls
746,208.1,10.0,export-roasts_PR-5546.xls
747,208.2,10.0,export-roasts_PR-5546.xls
748,208.3,10.0,export-roasts_PR-5546.xls
749,208.3,10.0,export-roasts_PR-5546.xls
750,208.5,10.0,export-roasts_PR-5546.xls
751,208.6,10.0,export-roasts_PR-5546.xls
752,208.6,10.0,export-roasts_PR-5546.xls
753,208.7,10.0,export-roasts_PR-5546.xls
754,208.7,10.0,export-roasts_PR-5546.xls
755,208.8,10.0,export-roasts_PR-5546.xls
756,208.8,10.0,export-roasts_PR-5546.xls
757,209.0,10.0,export-roasts_PR-5546.xls
758,209.1,10.0,export-roasts_PR-5546.xls
759,209.2,10.0,export-roasts_PR-5546.xls
760,209.2,10.0,export-roasts_PR-5546.xls
761,209.3,10.0,export-roasts_PR-5546.xls
762,209.4,10.0,export-roasts_PR-5546.xls
763,209.5,10.0,export-roasts_PR-5546.xls
764,209.6,10.0,export-roasts_PR-5546.xls
765,209.7,10.0,export-roasts_PR-5546.xls
766,209.7,10.0,export-roasts_PR-5546.xls
767,209.8,10.0,export-roasts_PR-5546.xls
768,209.9,10.0,export-roasts_PR-5546.xls
769,210.0,10.0,export-roasts_PR-5546.xls
770,210.0,10.0,export-roasts_PR-5546.xls
771,210.1,10.0,export-roasts_PR-5546.xls
772,210.2,10.0,export-roasts_PR-5546.xls
773,210.3,10.0,export-roasts_PR-5546.xls
774,210.3,10.0,export-roasts_PR-5546.xls
775,210.4,10.0,export-roasts_PR-5546.xls
776,210.5,10.0,export-roasts_PR-5546.xls
777,210.6,10.0,export-roasts_PR-5546.xls
778,210.7,10.0,export-roasts_PR-5546.xls
779,210.7,10.0,export-roasts_PR-5546.xls
780,210.8,10.0,export-roasts_PR-5546.xls
781,210.9,10.0,export-roasts_PR-5546.xls
782,211.1,10.0,export-roasts_PR-5546.xls
783,211.1,10.0,export-roasts_PR-5546.xls
784,211.2,10.0,export-roasts_PR-5546.xls
785,211.3,10.0,export-roasts_PR-5546.xls
786,211.4,10.0,export-roasts_PR-5546.xls
787,211.5,10.0,export-roasts_PR-5546.xls
788,211.6,10.0,export-roasts_PR-5546.xls
789,211.7,10.0,export-roasts_PR-5546.xls
790,211.7,10.0,export-roasts_PR-5546.xls
791,211.8,10.0,export-roasts_PR-5546.xls
792,211.9,10.0,export-roasts_PR-5546.xls
793,212.0,10.0,export-roasts_PR-5546.xls
794,212.1,10.0,export-roasts_PR-5546.xls
795,212.2,10.0,export-roasts_PR-5546.xls
796,212.2,10.0,export-roasts_PR-5546.xls
797,212.4,10.0,export-roasts_PR-5546.xls
798,212.4,10.0,export-roasts_PR-5546.xls
799,212.6,10.0,export-roasts_PR-5546.xls
800,212.6,10.0,export-roasts_PR-5546.xls
801,212.8,10.0,export-roasts_PR-5546.xls
802,212.9,10.0,export-roasts_PR-5546.xls
803,213.0,10.0,export-roasts_PR-5546.xls
804,213.1,10.0,export-roasts_PR-5546.xls
805,213.2,10.0,export-roasts_PR-5546.xls
806,213.3,10.0,export-roasts_PR-5546.xls
807,213.4,10.0,export-roasts_PR-5546.xls
808,213.5,10.0,export-roasts_PR-5546.xls
809,213.6,10.0,export-roasts_PR-5546.xls
810,213.7,10.0,export-roasts_PR-5546.xls
811,213.8,10.0,export-roasts_PR-5546.xls
812,214.0,10.0,export-roasts_PR-5546.xls
813,214.0,10.0,export-roasts_PR-5546.xls
814,214.1,10.0,export-roasts_PR-5546.xls
815,214.2,10.0,export-roasts_PR-5546.xls
816,214.3,10.0,export-roasts_PR-5546.xls
817,214.4,10.0,export-roasts_PR-5546.xls
818,214.5,10.0,export-roasts_PR-5546.xls
819,214.7,10.0,export-roasts_PR-5546.xls
820,214.7,10.0,export-roasts_PR-5546.xls
821,214.8,10.0,export-roasts_PR-5546.xls
822,214.9,10.0,export-roasts_PR-5546.xls
823,215.0,10.0,export-roasts_PR-5546.xls
824,215.2,10.0,export-roasts_PR-5546.xls
825,215.3,10.0,export-roasts_PR-5546.xls
826,215.4,10.0,export-roasts_PR-5546.xls
827,215.5,10.0,export-roasts_PR-5546.xls
828,215.5,10.0,export-roasts_PR-5546.xls
829,215.7,10.0,export-roasts_PR-5546.xls
830,215.8,10.0,export-roasts_PR-5546.xls
831,215.9,10.0,export-roasts_PR-5546.xls
832,216.0,10.0,export-roasts_PR-5546.xls
833,216.1,10.0,export-roasts_PR-5546.xls
834,216.2,10.0,export-roasts_PR-5546.xls
835,216.3,10.0,export-roasts_PR-5546.xls
836,216.5,10.0,export-roasts_PR-5546.xls
837,216.6,10.0,export-roasts_PR-5546.xls
838,216.7,10.0,export-roasts_PR-5546.xls
839,216.8,10.0,export-roasts_PR-5546.xls
840,216.9,10.0,export-roasts_PR-5546.xls
841,217.0,10.0,export-roasts_PR-5546.xls
842,217.1,10.0,export-roasts_PR-5546.xls
843,217.3,10.0,export-roasts_PR-5546.xls
844,217.4,10.0,export-roasts_PR-5546.xls
845,217.5,10.0,export-roasts_PR-5546.xls
846,217.6,10.0,export-roasts_PR-5546.xls
847,217.7,10.0,export-roasts_PR-5546.xls
0,214.8,0.0,export-roasts_PR-5566.xls
1,215.7,0.0,export-roasts_PR-5566.xls
2,213.9,0.0,export-roasts_PR-5566.xls
3,209.6,0.0,export-roasts_PR-5566.xls
4,203.1,0.0,export-roasts_PR-5566.xls
5,195.2,0.0,export-roasts_PR-5566.xls
6,186.6,0.0,export-roasts_PR-5566.xls
7,177.9,0.0,export-roasts_PR-5566.xls
8,169.2,0.0,export-roasts_PR-5566.xls
9,160.8,0.0,export-roasts_PR-5566.xls
10,152.7,0.0,export-roasts_PR-5566.xls
11,144.8,0.0,export-roasts_PR-5566.xls
12,137.5,0.0,export-roasts_PR-5566.xls
13,130.5,0.0,export-roasts_PR-5566.xls
14,124.4,0.0,export-roasts_PR-5566.xls
15,118.5,0.0,export-roasts_PR-5566.xls
16,112.9,0.0,export-roasts_PR-5566.xls
17,107.9,0.0,export-roasts_PR-5566.xls
18,103.3,0.0,export-roasts_PR-5566.xls
19,98.9,0.0,export-roasts_PR-5566.xls
20,94.9,0.0,export-roasts_PR-5566.xls
21,91.4,0.0,export-roasts_PR-5566.xls
22,88.2,0.0,export-roasts_PR-5566.xls
23,85.2,100.0,export-roasts_PR-5566.xls
24,82.4,100.0,export-roasts_PR-5566.xls
25,79.9,100.0,export-roasts_PR-5566.xls
26,77.5,100.0,export-roasts_PR-5566.xls
27,75.4,100.0,export-roasts_PR-5566.xls
28,73.4,100.0,export-roasts_PR-5566.xls
29,71.6,100.0,export-roasts_PR-5566.xls
30,69.9,100.0,export-roasts_PR-5566.xls
31,68.4,100.0,export-roasts_PR-5566.xls
32,67.0,100.0,export-roasts_PR-5566.xls
33,65.8,100.0,export-roasts_PR-5566.xls
34,64.7,100.0,export-roasts_PR-5566.xls
35,63.7,100.0,export-roasts_PR-5566.xls
36,62.8,100.0,export-roasts_PR-5566.xls
37,62.0,100.0,export-roasts_PR-5566.xls
38,61.3,100.0,export-roasts_PR-5566.xls
39,60.8,100.0,export-roasts_PR-5566.xls
40,60.3,100.0,export-roasts_PR-5566.xls
41,59.8,100.0,export-roasts_PR-5566.xls
42,59.4,100.0,export-roasts_PR-5566.xls
43,59.1,100.0,export-roasts_PR-5566.xls
44,58.9,100.0,export-roasts_PR-5566.xls
45,58.6,100.0,export-roasts_PR-5566.xls
46,58.5,100.0,export-roasts_PR-5566.xls
47,58.4,100.0,export-roasts_PR-5566.xls
48,58.4,100.0,export-roasts_PR-5566.xls
49,58.3,100.0,export-roasts_PR-5566.xls
50,58.3,100.0,export-roasts_PR-5566.xls
51,58.3,100.0,export-roasts_PR-5566.xls
52,58.4,100.0,export-roasts_PR-5566.xls
53,58.5,100.0,export-roasts_PR-5566.xls
54,58.7,100.0,export-roasts_PR-5566.xls
55,58.8,100.0,export-roasts_PR-5566.xls
56,58.9,100.0,export-roasts_PR-5566.xls
57,59.2,100.0,export-roasts_PR-5566.xls
58,59.3,100.0,export-roasts_PR-5566.xls
59,59.5,100.0,export-roasts_PR-5566.xls
60,59.8,100.0,export-roasts_PR-5566.xls
61,60.0,100.0,export-roasts_PR-5566.xls
62,60.2,100.0,export-roasts_PR-5566.xls
63,60.4,100.0,export-roasts_PR-5566.xls
64,60.7,100.0,export-roasts_PR-5566.xls
65,61.0,100.0,export-roasts_PR-5566.xls
66,61.2,100.0,export-roasts_PR-5566.xls
67,61.6,100.0,export-roasts_PR-5566.xls
68,61.9,100.0,export-roasts_PR-5566.xls
69,62.2,100.0,export-roasts_PR-5566.xls
70,62.4,100.0,export-roasts_PR-5566.xls
71,62.7,100.0,export-roasts_PR-5566.xls
72,63.0,100.0,export-roasts_PR-5566.xls
73,63.4,100.0,export-roasts_PR-5566.xls
74,63.7,100.0,export-roasts_PR-5566.xls
75,64.0,100.0,export-roasts_PR-5566.xls
76,64.3,100.0,export-roasts_PR-5566.xls
77,64.7,100.0,export-roasts_PR-5566.xls
78,65.0,100.0,export-roasts_PR-5566.xls
79,65.4,100.0,export-roasts_PR-5566.xls
80,65.7,100.0,export-roasts_PR-5566.xls
81,66.1,100.0,export-roasts_PR-5566.xls
82,66.5,100.0,export-roasts_PR-5566.xls
83,66.8,100.0,export-roasts_PR-5566.xls
84,67.2,100.0,export-roasts_PR-5566.xls
85,67.5,100.0,export-roasts_PR-5566.xls
86,67.9,100.0,export-roasts_PR-5566.xls
87,68.3,100.0,export-roasts_PR-5566.xls
88,68.7,100.0,export-roasts_PR-5566.xls
89,69.0,100.0,export-roasts_PR-5566.xls
90,69.4,100.0,export-roasts_PR-5566.xls
91,69.8,100.0,export-roasts_PR-5566.xls
92,70.1,100.0,export-roasts_PR-5566.xls
93,70.5,100.0,export-roasts_PR-5566.xls
94,70.9,100.0,export-roasts_PR-5566.xls
95,71.3,100.0,export-roasts_PR-5566.xls
96,71.7,100.0,export-roasts_PR-5566.xls
97,72.1,100.0,export-roasts_PR-5566.xls
98,72.4,100.0,export-roasts_PR-5566.xls
99,72.7,100.0,export-roasts_PR-5566.xls
100,73.1,100.0,export-roasts_PR-5566.xls
101,73.5,100.0,export-roasts_PR-5566.xls
102,73.8,100.0,export-roasts_PR-5566.xls
103,74.1,100.0,export-roasts_PR-5566.xls
104,74.5,100.0,export-roasts_PR-5566.xls
105,74.8,100.0,export-roasts_PR-5566.xls
106,75.2,100.0,export-roasts_PR-5566.xls
107,75.5,100.0,export-roasts_PR-5566.xls
108,75.9,100.0,export-roasts_PR-5566.xls
109,76.3,100.0,export-roasts_PR-5566.xls
110,76.6,100.0,export-roasts_PR-5566.xls
111,77.0,100.0,export-roasts_PR-5566.xls
112,77.4,100.0,export-roasts_PR-5566.xls
113,77.7,100.0,export-roasts_PR-5566.xls
114,78.1,100.0,export-roasts_PR-5566.xls
115,78.4,100.0,export-roasts_PR-5566.xls
116,78.8,100.0,export-roasts_PR-5566.xls
117,79.1,100.0,export-roasts_PR-5566.xls
118,79.5,100.0,export-roasts_PR-5566.xls
119,79.8,100.0,export-roasts_PR-5566.xls
120,80.2,100.0,export-roasts_PR-5566.xls
121,80.5,100.0,export-roasts_PR-5566.xls
122,80.8,100.0,export-roasts_PR-5566.xls
123,81.2,100.0,export-roasts_PR-5566.xls
124,81.6,100.0,export-roasts_PR-5566.xls
125,81.9,100.0,export-roasts_PR-5566.xls
126,82.2,100.0,export-roasts_PR-5566.xls
127,82.5,100.0,export-roasts_PR-5566.xls
128,82.8,100.0,export-roasts_PR-5566.xls
129,83.2,100.0,export-roasts_PR-5566.xls
130,83.6,100.0,export-roasts_PR-5566.xls
131,83.9,100.0,export-roasts_PR-5566.xls
132,84.2,100.0,export-roasts_PR-5566.xls
133,84.5,100.0,export-roasts_PR-5566.xls
134,84.9,100.0,export-roasts_PR-5566.xls
135,85.2,100.0,export-roasts_PR-5566.xls
136,85.6,100.0,export-roasts_PR-5566.xls
137,85.9,100.0,export-roasts_PR-5566.xls
138,86.2,100.0,export-roasts_PR-5566.xls
139,86.5,100.0,export-roasts_PR-5566.xls
140,86.8,100.0,export-roasts_PR-5566.xls
141,87.1,100.0,export-roasts_PR-5566.xls
142,87.5,100.0,export-roasts_PR-5566.xls
143,87.8,100.0,export-roasts_PR-5566.xls
144,88.1,100.0,export-roasts_PR-5566.xls
145,88.4,100.0,export-roasts_PR-5566.xls
146,88.7,100.0,export-roasts_PR-5566.xls
147,89.0,100.0,export-roasts_PR-5566.xls
148,89.3,100.0,export-roasts_PR-5566.xls
149,89.7,100.0,export-roasts_PR-5566.xls
150,89.9,100.0,export-roasts_PR-5566.xls
151,90.2,100.0,export-roasts_PR-5566.xls
152,90.5,100.0,export-roasts_PR-5566.xls
153,90.8,100.0,export-roasts_PR-5566.xls
154,91.1,100.0,export-roasts_PR-5566.xls
155,91.3,100.0,export-roasts_PR-5566.xls
156,91.7,100.0,export-roasts_PR-5566.xls
157,91.9,100.0,export-roasts_PR-5566.xls
158,92.2,100.0,export-roasts_PR-5566.xls
159,92.5,100.0,export-roasts_PR-5566.xls
160,92.8,100.0,export-roasts_PR-5566.xls
161,93.1,100.0,export-roasts_PR-5566.xls
162,93.5,100.0,export-roasts_PR-5566.xls
163,93.7,100.0,export-roasts_PR-5566.xls
164,94.1,100.0,export-roasts_PR-5566.xls
165,94.3,100.0,export-roasts_PR-5566.xls
166,94.6,100.0,export-roasts_PR-5566.xls
167,94.9,100.0,export-roasts_PR-5566.xls
168,95.1,100.0,export-roasts_PR-5566.xls
169,95.4,100.0,export-roasts_PR-5566.xls
170,95.7,100.0,export-roasts_PR-5566.xls
171,96.0,100.0,export-roasts_PR-5566.xls
172,96.2,100.0,export-roasts_PR-5566.xls
173,96.5,100.0,export-roasts_PR-5566.xls
174,96.8,100.0,export-roasts_PR-5566.xls
175,97.1,100.0,export-roasts_PR-5566.xls
176,97.4,100.0,export-roasts_PR-5566.xls
177,97.7,100.0,export-roasts_PR-5566.xls
178,97.9,100.0,export-roasts_PR-5566.xls
179,98.2,100.0,export-roasts_PR-5566.xls
180,98.5,100.0,export-roasts_PR-5566.xls
181,98.7,100.0,export-roasts_PR-5566.xls
182,99.0,100.0,export-roasts_PR-5566.xls
183,99.3,100.0,export-roasts_PR-5566.xls
184,99.6,100.0,export-roasts_PR-5566.xls
185,99.9,100.0,export-roasts_PR-5566.xls
186,100.2,100.0,export-roasts_PR-5566.xls
187,100.4,100.0,export-roasts_PR-5566.xls
188,100.8,100.0,export-roasts_PR-5566.xls
189,101.0,100.0,export-roasts_PR-5566.xls
190,101.3,100.0,export-roasts_PR-5566.xls
191,101.6,100.0,export-roasts_PR-5566.xls
192,101.8,100.0,export-roasts_PR-5566.xls
193,102.2,100.0,export-roasts_PR-5566.xls
194,102.4,100.0,export-roasts_PR-5566.xls
195,102.7,100.0,export-roasts_PR-5566.xls
196,102.9,100.0,export-roasts_PR-5566.xls
197,103.2,100.0,export-roasts_PR-5566.xls
198,103.5,100.0,export-roasts_PR-5566.xls
199,103.7,100.0,export-roasts_PR-5566.xls
200,104.1,100.0,export-roasts_PR-5566.xls
201,104.2,100.0,export-roasts_PR-5566.xls
202,104.5,100.0,export-roasts_PR-5566.xls
203,104.8,100.0,export-roasts_PR-5566.xls
204,105.1,100.0,export-roasts_PR-5566.xls
205,105.3,100.0,export-roasts_PR-5566.xls
206,105.6,100.0,export-roasts_PR-5566.xls
207,105.9,100.0,export-roasts_PR-5566.xls
208,106.1,100.0,export-roasts_PR-5566.xls
209,106.4,100.0,export-roasts_PR-5566.xls
210,106.6,100.0,export-roasts_PR-5566.xls
211,107.0,100.0,export-roasts_PR-5566.xls
212,107.2,100.0,export-roasts_PR-5566.xls
213,107.5,100.0,export-roasts_PR-5566.xls
214,107.7,100.0,export-roasts_PR-5566.xls
215,108.0,100.0,export-roasts_PR-5566.xls
216,108.2,100.0,export-roasts_PR-5566.xls
217,108.5,100.0,export-roasts_PR-5566.xls
218,108.7,100.0,export-roasts_PR-5566.xls
219,109.0,100.0,export-roasts_PR-5566.xls
220,109.2,100.0,export-roasts_PR-5566.xls
221,109.5,100.0,export-roasts_PR-5566.xls
222,109.7,100.0,export-roasts_PR-5566.xls
223,110.0,100.0,export-roasts_PR-5566.xls
224,110.3,100.0,export-roasts_PR-5566.xls
225,110.5,100.0,export-roasts_PR-5566.xls
226,110.8,100.0,export-roasts_PR-5566.xls
227,111.0,100.0,export-roasts_PR-5566.xls
228,111.2,100.0,export-roasts_PR-5566.xls
229,111.5,100.0,export-roasts_PR-5566.xls
230,111.8,100.0,export-roasts_PR-5566.xls
231,112.0,100.0,export-roasts_PR-5566.xls
232,112.3,100.0,export-roasts_PR-5566.xls
233,112.5,100.0,export-roasts_PR-5566.xls
234,112.7,100.0,export-roasts_PR-5566.xls
235,113.0,100.0,export-roasts_PR-5566.xls
236,113.3,100.0,export-roasts_PR-5566.xls
237,113.6,100.0,export-roasts_PR-5566.xls
238,113.8,100.0,export-roasts_PR-5566.xls
239,114.0,100.0,export-roasts_PR-5566.xls
240,114.3,100.0,export-roasts_PR-5566.xls
241,114.6,100.0,export-roasts_PR-5566.xls
242,114.8,100.0,export-roasts_PR-5566.xls
243,115.0,100.0,export-roasts_PR-5566.xls
244,115.3,100.0,export-roasts_PR-5566.xls
245,115.5,100.0,export-roasts_PR-5566.xls
246,115.7,100.0,export-roasts_PR-5566.xls
247,116.0,100.0,export-roasts_PR-5566.xls
248,116.2,100.0,export-roasts_PR-5566.xls
249,116.4,100.0,export-roasts_PR-5566.xls
250,116.7,100.0,export-roasts_PR-5566.xls
251,116.9,100.0,export-roasts_PR-5566.xls
252,117.2,100.0,export-roasts_PR-5566.xls
253,117.4,100.0,export-roasts_PR-5566.xls
254,117.7,100.0,export-roasts_PR-5566.xls
255,117.9,100.0,export-roasts_PR-5566.xls
256,118.2,100.0,export-roasts_PR-5566.xls
257,118.4,100.0,export-roasts_PR-5566.xls
258,118.7,100.0,export-roasts_PR-5566.xls
259,118.9,100.0,export-roasts_PR-5566.xls
260,119.2,100.0,export-roasts_PR-5566.xls
261,119.4,100.0,export-roasts_PR-5566.xls
262,119.6,100.0,export-roasts_PR-5566.xls
263,119.8,100.0,export-roasts_PR-5566.xls
264,120.1,100.0,export-roasts_PR-5566.xls
265,120.3,100.0,export-roasts_PR-5566.xls
266,120.5,100.0,export-roasts_PR-5566.xls
267,120.8,100.0,export-roasts_PR-5566.xls
268,121.0,100.0,export-roasts_PR-5566.xls
269,121.3,100.0,export-roasts_PR-5566.xls
270,121.5,100.0,export-roasts_PR-5566.xls
271,121.7,100.0,export-roasts_PR-5566.xls
272,122.0,100.0,export-roasts_PR-5566.xls
273,122.2,100.0,export-roasts_PR-5566.xls
274,122.4,100.0,export-roasts_PR-5566.xls
275,122.7,100.0,export-roasts_PR-5566.xls
276,122.9,100.0,export-roasts_PR-5566.xls
277,123.2,100.0,export-roasts_PR-5566.xls
278,123.5,100.0,export-roasts_PR-5566.xls
279,123.7,100.0,export-roasts_PR-5566.xls
280,124.0,100.0,export-roasts_PR-5566.xls
281,124.2,100.0,export-roasts_PR-5566.xls
282,124.4,100.0,export-roasts_PR-5566.xls
283,124.6,100.0,export-roasts_PR-5566.xls
284,124.9,100.0,export-roasts_PR-5566.xls
285,125.1,100.0,export-roasts_PR-5566.xls
286,125.3,100.0,export-roasts_PR-5566.xls
287,125.5,100.0,export-roasts_PR-5566.xls
288,125.8,100.0,export-roasts_PR-5566.xls
289,126.0,100.0,export-roasts_PR-5566.xls
290,126.2,100.0,export-roasts_PR-5566.xls
291,126.4,100.0,export-roasts_PR-5566.xls
292,126.6,100.0,export-roasts_PR-5566.xls
293,126.8,100.0,export-roasts_PR-5566.xls
294,127.1,100.0,export-roasts_PR-5566.xls
295,127.3,100.0,export-roasts_PR-5566.xls
296,127.5,100.0,export-roasts_PR-5566.xls
297,127.8,100.0,export-roasts_PR-5566.xls
298,128.0,100.0,export-roasts_PR-5566.xls
299,128.3,100.0,export-roasts_PR-5566.xls
300,128.4,100.0,export-roasts_PR-5566.xls
301,128.6,100.0,export-roasts_PR-5566.xls
302,128.9,100.0,export-roasts_PR-5566.xls
303,129.1,100.0,export-roasts_PR-5566.xls
304,129.3,100.0,export-roasts_PR-5566.xls
305,129.5,100.0,export-roasts_PR-5566.xls
306,129.8,100.0,export-roasts_PR-5566.xls
307,130.0,100.0,export-roasts_PR-5566.xls
308,130.2,100.0,export-roasts_PR-5566.xls
309,130.4,100.0,export-roasts_PR-5566.xls
310,130.6,100.0,export-roasts_PR-5566.xls
311,130.9,100.0,export-roasts_PR-5566.xls
312,131.1,100.0,export-roasts_PR-5566.xls
313,131.4,100.0,export-roasts_PR-5566.xls
314,131.6,100.0,export-roasts_PR-5566.xls
315,131.8,100.0,export-roasts_PR-5566.xls
316,132.1,100.0,export-roasts_PR-5566.xls
317,132.2,100.0,export-roasts_PR-5566.xls
318,132.5,100.0,export-roasts_PR-5566.xls
319,132.7,100.0,export-roasts_PR-5566.xls
320,132.9,100.0,export-roasts_PR-5566.xls
321,133.2,100.0,export-roasts_PR-5566.xls
322,133.4,100.0,export-roasts_PR-5566.xls
323,133.6,100.0,export-roasts_PR-5566.xls
324,133.8,100.0,export-roasts_PR-5566.xls
325,134.1,100.0,export-roasts_PR-5566.xls
326,134.3,100.0,export-roasts_PR-5566.xls
327,134.6,100.0,export-roasts_PR-5566.xls
328,134.8,100.0,export-roasts_PR-5566.xls
329,135.0,100.0,export-roasts_PR-5566.xls
330,135.3,100.0,export-roasts_PR-5566.xls
331,135.5,100.0,export-roasts_PR-5566.xls
332,135.7,100.0,export-roasts_PR-5566.xls
333,135.9,100.0,export-roasts_PR-5566.xls
334,136.1,100.0,export-roasts_PR-5566.xls
335,136.4,100.0,export-roasts_PR-5566.xls
336,136.6,100.0,export-roasts_PR-5566.xls
337,136.8,100.0,export-roasts_PR-5566.xls
338,137.0,100.0,export-roasts_PR-5566.xls
339,137.3,100.0,export-roasts_PR-5566.xls
340,137.5,100.0,export-roasts_PR-5566.xls
341,137.7,100.0,export-roasts_PR-5566.xls
342,137.9,100.0,export-roasts_PR-5566.xls
343,138.2,100.0,export-roasts_PR-5566.xls
344,138.4,100.0,export-roasts_PR-5566.xls
345,138.7,100.0,export-roasts_PR-5566.xls
346,138.9,100.0,export-roasts_PR-5566.xls
347,139.1,100.0,export-roasts_PR-5566.xls
348,139.3,100.0,export-roasts_PR-5566.xls
349,139.6,100.0,export-roasts_PR-5566.xls
350,139.8,100.0,export-roasts_PR-5566.xls
351,140.0,100.0,export-roasts_PR-5566.xls
352,140.2,100.0,export-roasts_PR-5566.xls
353,140.5,100.0,export-roasts_PR-5566.xls
354,140.7,100.0,export-roasts_PR-5566.xls
355,140.9,100.0,export-roasts_PR-5566.xls
356,141.1,100.0,export-roasts_PR-5566.xls
357,141.3,100.0,export-roasts_PR-5566.xls
358,141.5,100.0,export-roasts_PR-5566.xls
359,141.7,100.0,export-roasts_PR-5566.xls
360,141.9,100.0,export-roasts_PR-5566.xls
361,142.1,100.0,export-roasts_PR-5566.xls
362,142.4,100.0,export-roasts_PR-5566.xls
363,142.6,100.0,export-roasts_PR-5566.xls
364,142.7,100.0,export-roasts_PR-5566.xls
365,143.0,100.0,export-roasts_PR-5566.xls
366,143.2,100.0,export-roasts_PR-5566.xls
367,143.4,100.0,export-roasts_PR-5566.xls
368,143.6,100.0,export-roasts_PR-5566.xls
369,143.8,100.0,export-roasts_PR-5566.xls
370,144.0,100.0,export-roasts_PR-5566.xls
371,144.2,100.0,export-roasts_PR-5566.xls
372,144.4,100.0,export-roasts_PR-5566.xls
373,144.6,100.0,export-roasts_PR-5566.xls
374,144.8,100.0,export-roasts_PR-5566.xls
375,145.1,100.0,export-roasts_PR-5566.xls
376,145.3,100.0,export-roasts_PR-5566.xls
377,145.5,100.0,export-roasts_PR-5566.xls
378,145.7,100.0,export-roasts_PR-5566.xls
379,145.9,100.0,export-roasts_PR-5566.xls
380,146.1,100.0,export-roasts_PR-5566.xls
381,146.3,100.0,export-roasts_PR-5566.xls
382,146.5,100.0,export-roasts_PR-5566.xls
383,146.8,100.0,export-roasts_PR-5566.xls
384,147.0,100.0,export-roasts_PR-5566.xls
385,147.2,100.0,export-roasts_PR-5566.xls
386,147.4,100.0,export-roasts_PR-5566.xls
387,147.6,100.0,export-roasts_PR-5566.xls
388,147.9,100.0,export-roasts_PR-5566.xls
389,148.0,100.0,export-roasts_PR-5566.xls
390,148.2,100.0,export-roasts_PR-5566.xls
391,148.4,100.0,export-roasts_PR-5566.xls
392,148.7,100.0,export-roasts_PR-5566.xls
393,148.9,100.0,export-roasts_PR-5566.xls
394,149.1,100.0,export-roasts_PR-5566.xls
395,149.3,100.0,export-roasts_PR-5566.xls
396,149.5,100.0,export-roasts_PR-5566.xls
397,149.7,100.0,export-roasts_PR-5566.xls
398,150.0,100.0,export-roasts_PR-5566.xls
399,150.1,100.0,export-roasts_PR-5566.xls
400,150.4,100.0,export-roasts_PR-5566.xls
401,150.6,100.0,export-roasts_PR-5566.xls
402,150.8,100.0,export-roasts_PR-5566.xls
403,151.0,100.0,export-roasts_PR-5566.xls
404,151.2,100.0,export-roasts_PR-5566.xls
405,151.4,100.0,export-roasts_PR-5566.xls
406,151.6,100.0,export-roasts_PR-5566.xls
407,151.8,100.0,export-roasts_PR-5566.xls
408,152.0,100.0,export-roasts_PR-5566.xls
409,152.2,100.0,export-roasts_PR-5566.xls
410,152.4,100.0,export-roasts_PR-5566.xls
411,152.6,100.0,export-roasts_PR-5566.xls
412,152.8,100.0,export-roasts_PR-5566.xls
413,153.1,100.0,export-roasts_PR-5566.xls
414,153.2,100.0,export-roasts_PR-5566.xls
415,153.5,100.0,export-roasts_PR-5566.xls
416,153.7,100.0,export-roasts_PR-5566.xls
417,153.9,100.0,export-roasts_PR-5566.xls
418,154.1,100.0,export-roasts_PR-5566.xls
419,154.3,100.0,export-roasts_PR-5566.xls
420,154.5,100.0,export-roasts_PR-5566.xls
421,154.7,100.0,export-roasts_PR-5566.xls
422,154.9,100.0,export-roasts_PR-5566.xls
423,155.1,100.0,export-roasts_PR-5566.xls
424,155.3,100.0,export-roasts_PR-5566.xls
425,155.5,100.0,export-roasts_PR-5566.xls
426,155.7,100.0,export-roasts_PR-5566.xls
427,156.0,100.0,export-roasts_PR-5566.xls
428,156.1,100.0,export-roasts_PR-5566.xls
429,156.3,100.0,export-roasts_PR-5566.xls
430,156.5,100.0,export-roasts_PR-5566.xls
431,156.7,100.0,export-roasts_PR-5566.xls
432,156.9,100.0,export-roasts_PR-5566.xls
433,157.1,100.0,export-roasts_PR-5566.xls
434,157.4,100.0,export-roasts_PR-5566.xls
435,157.5,100.0,export-roasts_PR-5566.xls
436,157.8,100.0,export-roasts_PR-5566.xls
437,157.9,100.0,export-roasts_PR-5566.xls
438,158.1,100.0,export-roasts_PR-5566.xls
439,158.4,100.0,export-roasts_PR-5566.xls
440,158.5,100.0,export-roasts_PR-5566.xls
441,158.7,100.0,export-roasts_PR-5566.xls
442,158.9,100.0,export-roasts_PR-5566.xls
443,159.2,100.0,export-roasts_PR-5566.xls
444,159.3,100.0,export-roasts_PR-5566.xls
445,159.6,100.0,export-roasts_PR-5566.xls
446,159.8,100.0,export-roasts_PR-5566.xls
447,159.9,100.0,export-roasts_PR-5566.xls
448,160.2,100.0,export-roasts_PR-5566.xls
449,160.4,100.0,export-roasts_PR-5566.xls
450,160.5,100.0,export-roasts_PR-5566.xls
451,160.8,100.0,export-roasts_PR-5566.xls
452,160.9,100.0,export-roasts_PR-5566.xls
453,161.2,100.0,export-roasts_PR-5566.xls
454,161.4,100.0,export-roasts_PR-5566.xls
455,161.5,100.0,export-roasts_PR-5566.xls
456,161.7,100.0,export-roasts_PR-5566.xls
457,161.9,100.0,export-roasts_PR-5566.xls
458,162.1,100.0,export-roasts_PR-5566.xls
459,162.2,100.0,export-roasts_PR-5566.xls
460,162.4,100.0,export-roasts_PR-5566.xls
461,162.7,100.0,export-roasts_PR-5566.xls
462,162.8,100.0,export-roasts_PR-5566.xls
463,163.0,100.0,export-roasts_PR-5566.xls
464,163.3,100.0,export-roasts_PR-5566.xls
465,163.5,100.0,export-roasts_PR-5566.xls
466,163.6,100.0,export-roasts_PR-5566.xls
467,163.9,100.0,export-roasts_PR-5566.xls
468,164.1,100.0,export-roasts_PR-5566.xls
469,164.2,100.0,export-roasts_PR-5566.xls
470,164.5,100.0,export-roasts_PR-5566.xls
471,164.6,100.0,export-roasts_PR-5566.xls
472,164.9,100.0,export-roasts_PR-5566.xls
473,165.1,100.0,export-roasts_PR-5566.xls
474,165.3,100.0,export-roasts_PR-5566.xls
475,165.5,100.0,export-roasts_PR-5566.xls
476,165.7,100.0,export-roasts_PR-5566.xls
477,165.9,100.0,export-roasts_PR-5566.xls
478,166.1,100.0,export-roasts_PR-5566.xls
479,166.4,100.0,export-roasts_PR-5566.xls
480,166.5,100.0,export-roasts_PR-5566.xls
481,166.7,100.0,export-roasts_PR-5566.xls
482,167.0,100.0,export-roasts_PR-5566.xls
483,167.1,100.0,export-roasts_PR-5566.xls
484,167.4,100.0,export-roasts_PR-5566.xls
485,167.5,100.0,export-roasts_PR-5566.xls
486,167.7,100.0,export-roasts_PR-5566.xls
487,167.9,100.0,export-roasts_PR-5566.xls
488,168.1,100.0,export-roasts_PR-5566.xls
489,168.3,100.0,export-roasts_PR-5566.xls
490,168.5,100.0,export-roasts_PR-5566.xls
491,168.8,100.0,export-roasts_PR-5566.xls
492,168.9,100.0,export-roasts_PR-5566.xls
493,169.1,100.0,export-roasts_PR-5566.xls
494,169.3,100.0,export-roasts_PR-5566.xls
495,169.5,100.0,export-roasts_PR-5566.xls
496,169.7,100.0,export-roasts_PR-5566.xls
497,169.9,100.0,export-roasts_PR-5566.xls
498,170.1,100.0,export-roasts_PR-5566.xls
499,170.3,100.0,export-roasts_PR-5566.xls
500,170.6,100.0,export-roasts_PR-5566.xls
501,170.8,100.0,export-roasts_PR-5566.xls
502,171.0,100.0,export-roasts_PR-5566.xls
503,171.3,100.0,export-roasts_PR-5566.xls
504,171.5,100.0,export-roasts_PR-5566.xls
505,171.7,100.0,export-roasts_PR-5566.xls
506,172.0,100.0,export-roasts_PR-5566.xls
507,172.2,100.0,export-roasts_PR-5566.xls
508,172.4,100.0,export-roasts_PR-5566.xls
509,172.5,100.0,export-roasts_PR-5566.xls
510,172.8,100.0,export-roasts_PR-5566.xls
511,173.0,100.0,export-roasts_PR-5566.xls
512,173.2,100.0,export-roasts_PR-5566.xls
513,173.4,100.0,export-roasts_PR-5566.xls
514,173.6,100.0,export-roasts_PR-5566.xls
515,173.8,100.0,export-roasts_PR-5566.xls
516,174.0,100.0,export-roasts_PR-5566.xls
517,174.2,100.0,export-roasts_PR-5566.xls
518,174.3,100.0,export-roasts_PR-5566.xls
519,174.5,100.0,export-roasts_PR-5566.xls
520,174.8,100.0,export-roasts_PR-5566.xls
521,175.0,100.0,export-roasts_PR-5566.xls
522,175.2,100.0,export-roasts_PR-5566.xls
523,175.4,100.0,export-roasts_PR-5566.xls
524,175.6,100.0,export-roasts_PR-5566.xls
525,175.8,100.0,export-roasts_PR-5566.xls
526,176.0,90.0,export-roasts_PR-5566.xls
527,176.3,90.0,export-roasts_PR-5566.xls
528,176.5,90.0,export-roasts_PR-5566.xls
529,176.7,90.0,export-roasts_PR-5566.xls
530,176.9,90.0,export-roasts_PR-5566.xls
531,177.1,90.0,export-roasts_PR-5566.xls
532,177.3,90.0,export-roasts_PR-5566.xls
533,177.5,90.0,export-roasts_PR-5566.xls
534,177.8,90.0,export-roasts_PR-5566.xls
535,177.9,90.0,export-roasts_PR-5566.xls
536,178.1,90.0,export-roasts_PR-5566.xls
537,178.3,90.0,export-roasts_PR-5566.xls
538,178.5,90.0,export-roasts_PR-5566.xls
539,178.8,90.0,export-roasts_PR-5566.xls
540,178.9,90.0,export-roasts_PR-5566.xls
541,179.1,90.0,export-roasts_PR-5566.xls
542,179.3,90.0,export-roasts_PR-5566.xls
543,179.5,90.0,export-roasts_PR-5566.xls
544,179.7,90.0,export-roasts_PR-5566.xls
545,179.9,90.0,export-roasts_PR-5566.xls
546,180.1,90.0,export-roasts_PR-5566.xls
547,180.3,90.0,export-roasts_PR-5566.xls
548,180.5,90.0,export-roasts_PR-5566.xls
549,180.7,90.0,export-roasts_PR-5566.xls
550,180.9,90.0,export-roasts_PR-5566.xls
551,181.1,90.0,export-roasts_PR-5566.xls
552,181.3,90.0,export-roasts_PR-5566.xls
553,181.5,90.0,export-roasts_PR-5566.xls
554,181.7,90.0,export-roasts_PR-5566.xls
555,181.9,90.0,export-roasts_PR-5566.xls
556,182.1,90.0,export-roasts_PR-5566.xls
557,182.3,90.0,export-roasts_PR-5566.xls
558,182.5,90.0,export-roasts_PR-5566.xls
559,182.7,90.0,export-roasts_PR-5566.xls
560,183.0,90.0,export-roasts_PR-5566.xls
561,183.1,90.0,export-roasts_PR-5566.xls
562,183.4,90.0,export-roasts_PR-5566.xls
563,183.6,90.0,export-roasts_PR-5566.xls
564,183.7,90.0,export-roasts_PR-5566.xls
565,184.0,90.0,export-roasts_PR-5566.xls
566,184.1,90.0,export-roasts_PR-5566.xls
567,184.4,90.0,export-roasts_PR-5566.xls
568,184.6,90.0,export-roasts_PR-5566.xls
569,184.8,90.0,export-roasts_PR-5566.xls
570,185.0,90.0,export-roasts_PR-5566.xls
571,185.2,90.0,export-roasts_PR-5566.xls
572,185.4,90.0,export-roasts_PR-5566.xls
573,185.5,90.0,export-roasts_PR-5566.xls
574,185.7,90.0,export-roasts_PR-5566.xls
575,186.0,90.0,export-roasts_PR-5566.xls
576,186.1,90.0,export-roasts_PR-5566.xls
577,186.3,90.0,export-roasts_PR-5566.xls
578,186.5,90.0,export-roasts_PR-5566.xls
579,186.8,90.0,export-roasts_PR-5566.xls
580,186.9,90.0,export-roasts_PR-5566.xls
581,187.2,90.0,export-roasts_PR-5566.xls
582,187.4,90.0,export-roasts_PR-5566.xls
583,187.6,90.0,export-roasts_PR-5566.xls
584,187.8,90.0,export-roasts_PR-5566.xls
585,188.0,90.0,export-roasts_PR-5566.xls
586,188.2,90.0,export-roasts_PR-5566.xls
587,188.4,90.0,export-roasts_PR-5566.xls
588,188.7,90.0,export-roasts_PR-5566.xls
589,188.9,90.0,export-roasts_PR-5566.xls
590,189.1,90.0,export-roasts_PR-5566.xls
591,189.3,90.0,export-roasts_PR-5566.xls
592,189.5,90.0,export-roasts_PR-5566.xls
593,189.7,90.0,export-roasts_PR-5566.xls
594,189.9,90.0,export-roasts_PR-5566.xls
595,190.1,90.0,export-roasts_PR-5566.xls
596,190.3,90.0,export-roasts_PR-5566.xls
597,190.5,90.0,export-roasts_PR-5566.xls
598,190.7,90.0,export-roasts_PR-5566.xls
599,191.0,90.0,export-roasts_PR-5566.xls
600,191.2,90.0,export-roasts_PR-5566.xls
601,191.4,90.0,export-roasts_PR-5566.xls
602,191.6,0.0,export-roasts_PR-5566.xls
603,191.8,0.0,export-roasts_PR-5566.xls
604,192.0,0.0,export-roasts_PR-5566.xls
605,192.2,0.0,export-roasts_PR-5566.xls
606,192.4,0.0,export-roasts_PR-5566.xls
607,192.6,0.0,export-roasts_PR-5566.xls
608,192.8,0.0,export-roasts_PR-5566.xls
609,193.0,0.0,export-roasts_PR-5566.xls
610,193.1,0.0,export-roasts_PR-5566.xls
611,193.3,0.0,export-roasts_PR-5566.xls
612,193.4,0.0,export-roasts_PR-5566.xls
613,193.6,0.0,export-roasts_PR-5566.xls
614,193.8,0.0,export-roasts_PR-5566.xls
615,194.0,0.0,export-roasts_PR-5566.xls
616,194.1,0.0,export-roasts_PR-5566.xls
617,194.2,0.0,export-roasts_PR-5566.xls
618,194.5,0.0,export-roasts_PR-5566.xls
619,194.6,0.0,export-roasts_PR-5566.xls
620,194.7,0.0,export-roasts_PR-5566.xls
621,194.9,0.0,export-roasts_PR-5566.xls
622,195.0,0.0,export-roasts_PR-5566.xls
623,195.2,0.0,export-roasts_PR-5566.xls
624,195.3,0.0,export-roasts_PR-5566.xls
625,195.4,0.0,export-roasts_PR-5566.xls
626,195.6,0.0,export-roasts_PR-5566.xls
627,195.7,0.0,export-roasts_PR-5566.xls
628,195.8,0.0,export-roasts_PR-5566.xls
629,195.9,0.0,export-roasts_PR-5566.xls
630,196.0,0.0,export-roasts_PR-5566.xls
631,196.1,0.0,export-roasts_PR-5566.xls
632,196.3,0.0,export-roasts_PR-5566.xls
633,196.4,0.0,export-roasts_PR-5566.xls
634,196.5,0.0,export-roasts_PR-5566.xls
635,196.7,0.0,export-roasts_PR-5566.xls
636,196.7,0.0,export-roasts_PR-5566.xls
637,196.9,0.0,export-roasts_PR-5566.xls
638,196.9,0.0,export-roasts_PR-5566.xls
639,197.0,0.0,export-roasts_PR-5566.xls
640,197.1,0.0,export-roasts_PR-5566.xls
641,197.2,0.0,export-roasts_PR-5566.xls
642,197.3,0.0,export-roasts_PR-5566.xls
643,197.4,0.0,export-roasts_PR-5566.xls
644,197.5,5.0,export-roasts_PR-5566.xls
645,197.6,5.0,export-roasts_PR-5566.xls
646,197.7,5.0,export-roasts_PR-5566.xls
647,197.8,5.0,export-roasts_PR-5566.xls
648,197.9,5.0,export-roasts_PR-5566.xls
649,197.9,5.0,export-roasts_PR-5566.xls
650,198.0,5.0,export-roasts_PR-5566.xls
651,198.1,5.0,export-roasts_PR-5566.xls
652,198.2,5.0,export-roasts_PR-5566.xls
653,198.3,5.0,export-roasts_PR-5566.xls
654,198.4,5.0,export-roasts_PR-5566.xls
655,198.5,5.0,export-roasts_PR-5566.xls
656,198.7,5.0,export-roasts_PR-5566.xls
657,198.8,5.0,export-roasts_PR-5566.xls
658,198.8,5.0,export-roasts_PR-5566.xls
659,199.0,5.0,export-roasts_PR-5566.xls
660,199.1,5.0,export-roasts_PR-5566.xls
661,199.3,5.0,export-roasts_PR-5566.xls
662,199.3,5.0,export-roasts_PR-5566.xls
663,199.4,5.0,export-roasts_PR-5566.xls
664,199.6,5.0,export-roasts_PR-5566.xls
665,199.7,5.0,export-roasts_PR-5566.xls
666,199.8,5.0,export-roasts_PR-5566.xls
667,199.9,5.0,export-roasts_PR-5566.xls
668,200.1,5.0,export-roasts_PR-5566.xls
669,200.2,5.0,export-roasts_PR-5566.xls
670,200.3,5.0,export-roasts_PR-5566.xls
671,200.5,5.0,export-roasts_PR-5566.xls
672,200.6,5.0,export-roasts_PR-5566.xls
673,200.7,5.0,export-roasts_PR-5566.xls
674,200.8,5.0,export-roasts_PR-5566.xls
675,201.0,5.0,export-roasts_PR-5566.xls
676,201.1,5.0,export-roasts_PR-5566.xls
677,201.2,5.0,export-roasts_PR-5566.xls
678,201.3,5.0,export-roasts_PR-5566.xls
679,201.4,5.0,export-roasts_PR-5566.xls
680,201.5,5.0,export-roasts_PR-5566.xls
681,201.7,5.0,export-roasts_PR-5566.xls
682,201.8,5.0,export-roasts_PR-5566.xls
683,201.8,5.0,export-roasts_PR-5566.xls
684,202.0,5.0,export-roasts_PR-5566.xls
685,202.1,5.0,export-roasts_PR-5566.xls
686,202.2,5.0,export-roasts_PR-5566.xls
687,202.4,5.0,export-roasts_PR-5566.xls
688,202.5,5.0,export-roasts_PR-5566.xls
689,202.6,5.0,export-roasts_PR-5566.xls
690,202.8,5.0,export-roasts_PR-5566.xls
691,202.9,5.0,export-roasts_PR-5566.xls
692,203.0,5.0,export-roasts_PR-5566.xls
693,203.1,5.0,export-roasts_PR-5566.xls
694,203.2,5.0,export-roasts_PR-5566.xls
695,203.3,5.0,export-roasts_PR-5566.xls
696,203.3,5.0,export-roasts_PR-5566.xls
697,203.4,5.0,export-roasts_PR-5566.xls
698,203.6,5.0,export-roasts_PR-5566.xls
699,203.7,5.0,export-roasts_PR-5566.xls
700,203.8,5.0,export-roasts_PR-5566.xls
701,203.9,10.0,export-roasts_PR-5566.xls
702,204.0,10.0,export-roasts_PR-5566.xls
703,204.1,10.0,export-roasts_PR-5566.xls
704,204.2,10.0,export-roasts_PR-5566.xls
705,204.3,10.0,export-roasts_PR-5566.xls
706,204.4,10.0,export-roasts_PR-5566.xls
707,204.5,10.0,export-roasts_PR-5566.xls
708,204.6,10.0,export-roasts_PR-5566.xls
709,204.7,10.0,export-roasts_PR-5566.xls
710,204.8,10.0,export-roasts_PR-5566.xls
711,204.9,10.0,export-roasts_PR-5566.xls
712,205.0,10.0,export-roasts_PR-5566.xls
713,205.1,10.0,export-roasts_PR-5566.xls
714,205.1,10.0,export-roasts_PR-5566.xls
715,205.2,10.0,export-roasts_PR-5566.xls
716,205.3,10.0,export-roasts_PR-5566.xls
717,205.4,10.0,export-roasts_PR-5566.xls
718,205.5,10.0,export-roasts_PR-5566.xls
719,205.6,10.0,export-roasts_PR-5566.xls
720,205.6,10.0,export-roasts_PR-5566.xls
721,205.7,10.0,export-roasts_PR-5566.xls
722,205.8,10.0,export-roasts_PR-5566.xls
723,205.9,10.0,export-roasts_PR-5566.xls
724,206.0,10.0,export-roasts_PR-5566.xls
725,206.0,10.0,export-roasts_PR-5566.xls
726,206.2,10.0,export-roasts_PR-5566.xls
727,206.2,10.0,export-roasts_PR-5566.xls
728,206.4,10.0,export-roasts_PR-5566.xls
729,206.4,10.0,export-roasts_PR-5566.xls
730,206.5,10.0,export-roasts_PR-5566.xls
731,206.5,10.0,export-roasts_PR-5566.xls
732,206.7,10.0,export-roasts_PR-5566.xls
733,206.7,10.0,export-roasts_PR-5566.xls
734,206.8,10.0,export-roasts_PR-5566.xls
735,206.9,10.0,export-roasts_PR-5566.xls
736,206.9,10.0,export-roasts_PR-5566.xls
737,207.0,10.0,export-roasts_PR-5566.xls
738,207.0,10.0,export-roasts_PR-5566.xls
739,207.1,10.0,export-roasts_PR-5566.xls
740,207.2,10.0,export-roasts_PR-5566.xls
741,207.3,10.0,export-roasts_PR-5566.xls
742,207.4,10.0,export-roasts_PR-5566.xls
743,207.4,10.0,export-roasts_PR-5566.xls
744,207.5,10.0,export-roasts_PR-5566.xls
745,207.6,10.0,export-roasts_PR-5566.xls
746,207.6,10.0,export-roasts_PR-5566.xls
747,207.7,10.0,export-roasts_PR-5566.xls
748,207.8,10.0,export-roasts_PR-5566.xls
749,207.8,10.0,export-roasts_PR-5566.xls
750,207.9,10.0,export-roasts_PR-5566.xls
751,207.9,10.0,export-roasts_PR-5566.xls
752,208.0,10.0,export-roasts_PR-5566.xls
753,208.1,10.0,export-roasts_PR-5566.xls
754,208.2,10.0,export-roasts_PR-5566.xls
755,208.3,10.0,export-roasts_PR-5566.xls
756,208.3,10.0,export-roasts_PR-5566.xls
757,208.4,10.0,export-roasts_PR-5566.xls
758,208.5,10.0,export-roasts_PR-5566.xls
759,208.6,10.0,export-roasts_PR-5566.xls
760,208.7,10.0,export-roasts_PR-5566.xls
761,208.8,10.0,export-roasts_PR-5566.xls
762,208.8,10.0,export-roasts_PR-5566.xls
763,208.9,10.0,export-roasts_PR-5566.xls
764,208.9,10.0,export-roasts_PR-5566.xls
765,209.0,10.0,export-roasts_PR-5566.xls
766,209.1,10.0,export-roasts_PR-5566.xls
767,209.2,10.0,export-roasts_PR-5566.xls
768,209.2,10.0,export-roasts_PR-5566.xls
769,209.3,10.0,export-roasts_PR-5566.xls
770,209.3,10.0,export-roasts_PR-5566.xls
771,209.4,10.0,export-roasts_PR-5566.xls
772,209.5,10.0,export-roasts_PR-5566.xls
773,209.5,10.0,export-roasts_PR-5566.xls
774,209.6,10.0,export-roasts_PR-5566.xls
775,209.7,10.0,export-roasts_PR-5566.xls
776,209.8,10.0,export-roasts_PR-5566.xls
777,209.8,10.0,export-roasts_PR-5566.xls
778,209.9,10.0,export-roasts_PR-5566.xls
779,210.0,10.0,export-roasts_PR-5566.xls
780,210.0,10.0,export-roasts_PR-5566.xls
781,210.1,10.0,export-roasts_PR-5566.xls
782,210.1,10.0,export-roasts_PR-5566.xls
783,210.2,10.0,export-roasts_PR-5566.xls
784,210.3,10.0,export-roasts_PR-5566.xls
785,210.3,10.0,export-roasts_PR-5566.xls
786,210.4,10.0,export-roasts_PR-5566.xls
787,210.5,10.0,export-roasts_PR-5566.xls
788,210.6,10.0,export-roasts_PR-5566.xls
789,210.7,10.0,export-roasts_PR-5566.xls
790,210.7,10.0,export-roasts_PR-5566.xls
791,210.8,10.0,export-roasts_PR-5566.xls
792,211.0,10.0,export-roasts_PR-5566.xls
793,211.1,10.0,export-roasts_PR-5566.xls
794,211.2,10.0,export-roasts_PR-5566.xls
795,211.2,10.0,export-roasts_PR-5566.xls
796,211.3,10.0,export-roasts_PR-5566.xls
797,211.4,10.0,export-roasts_PR-5566.xls
798,211.5,10.0,export-roasts_PR-5566.xls
799,211.6,10.0,export-roasts_PR-5566.xls
800,211.7,10.0,export-roasts_PR-5566.xls
801,211.8,10.0,export-roasts_PR-5566.xls
802,211.8,10.0,export-roasts_PR-5566.xls
803,211.9,10.0,export-roasts_PR-5566.xls
804,212.0,10.0,export-roasts_PR-5566.xls
805,212.1,10.0,export-roasts_PR-5566.xls
806,212.2,10.0,export-roasts_PR-5566.xls
807,212.3,10.0,export-roasts_PR-5566.xls
808,212.5,10.0,export-roasts_PR-5566.xls
809,212.6,10.0,export-roasts_PR-5566.xls
810,212.6,10.0,export-roasts_PR-5566.xls
811,212.8,10.0,export-roasts_PR-5566.xls
812,212.9,10.0,export-roasts_PR-5566.xls
813,213.0,10.0,export-roasts_PR-5566.xls
814,213.1,10.0,export-roasts_PR-5566.xls
815,213.2,10.0,export-roasts_PR-5566.xls
816,213.3,10.0,export-roasts_PR-5566.xls
817,213.4,10.0,export-roasts_PR-5566.xls
818,213.5,10.0,export-roasts_PR-5566.xls
819,213.6,10.0,export-roasts_PR-5566.xls
820,213.6,10.0,export-roasts_PR-5566.xls
821,213.7,10.0,export-roasts_PR-5566.xls
822,213.8,10.0,export-roasts_PR-5566.xls
823,213.9,10.0,export-roasts_PR-5566.xls
824,214.0,10.0,export-roasts_PR-5566.xls
825,214.1,10.0,export-roasts_PR-5566.xls
826,214.2,10.0,export-roasts_PR-5566.xls
827,214.2,10.0,export-roasts_PR-5566.xls
828,214.4,10.0,export-roasts_PR-5566.xls
829,214.4,10.0,export-roasts_PR-5566.xls
830,214.6,10.0,export-roasts_PR-5566.xls
831,214.7,10.0,export-roasts_PR-5566.xls
832,214.8,10.0,export-roasts_PR-5566.xls
833,214.9,10.0,export-roasts_PR-5566.xls
834,215.0,10.0,export-roasts_PR-5566.xls
835,215.1,10.0,export-roasts_PR-5566.xls
836,215.2,10.0,export-roasts_PR-5566.xls
837,215.3,10.0,export-roasts_PR-5566.xls
838,215.4,10.0,export-roasts_PR-5566.xls
839,215.5,10.0,export-roasts_PR-5566.xls
840,215.6,10.0,export-roasts_PR-5566.xls
841,215.7,10.0,export-roasts_PR-5566.xls
842,215.9,10.0,export-roasts_PR-5566.xls
843,216.0,10.0,export-roasts_PR-5566.xls
844,216.1,10.0,export-roasts_PR-5566.xls
845,216.2,10.0,export-roasts_PR-5566.xls
846,216.3,10.0,export-roasts_PR-5566.xls
847,216.5,10.0,export-roasts_PR-5566.xls
848,216.6,10.0,export-roasts_PR-5566.xls
849,216.7,10.0,export-roasts_PR-5566.xls
850,216.8,10.0,export-roasts_PR-5566.xls
851,216.8,10.0,export-roasts_PR-5566.xls
852,216.9,10.0,export-roasts_PR-5566.xls
853,217.0,10.0,export-roasts_PR-5566.xls
854,217.1,10.0,export-roasts_PR-5566.xls
855,217.2,10.0,export-roasts_PR-5566.xls
856,217.3,10.0,export-roasts_PR-5566.xls
857,217.4,10.0,export-roasts_PR-5566.xls
858,217.5,10.0,export-roasts_PR-5566.xls
859,217.7,10.0,export-roasts_PR-5566.xls
860,217.8,10.0,export-roasts_PR-5566.xls
0,216.5,0.0,export-roasts_PR-6143.xls
1,217.3,0.0,export-roasts_PR-6143.xls
2,214.9,0.0,export-roasts_PR-6143.xls
3,210.1,0.0,export-roasts_PR-6143.xls
4,203.4,0.0,export-roasts_PR-6143.xls
5,195.7,0.0,export-roasts_PR-6143.xls
6,187.0,0.0,export-roasts_PR-6143.xls
7,177.9,0.0,export-roasts_PR-6143.xls
8,168.8,0.0,export-roasts_PR-6143.xls
9,160.1,0.0,export-roasts_PR-6143.xls
10,151.7,0.0,export-roasts_PR-6143.xls
11,143.8,0.0,export-roasts_PR-6143.xls
12,136.5,0.0,export-roasts_PR-6143.xls
13,129.6,0.0,export-roasts_PR-6143.xls
14,123.4,0.0,export-roasts_PR-6143.xls
15,117.5,0.0,export-roasts_PR-6143.xls
16,112.1,0.0,export-roasts_PR-6143.xls
17,107.0,0.0,export-roasts_PR-6143.xls
18,102.4,0.0,export-roasts_PR-6143.xls
19,98.3,0.0,export-roasts_PR-6143.xls
20,94.4,0.0,export-roasts_PR-6143.xls
21,91.0,0.0,export-roasts_PR-6143.xls
22,87.8,0.0,export-roasts_PR-6143.xls
23,84.9,100.0,export-roasts_PR-6143.xls
24,82.1,100.0,export-roasts_PR-6143.xls
25,79.5,100.0,export-roasts_PR-6143.xls
26,77.1,100.0,export-roasts_PR-6143.xls
27,75.0,100.0,export-roasts_PR-6143.xls
28,73.1,100.0,export-roasts_PR-6143.xls
29,71.4,100.0,export-roasts_PR-6143.xls
30,69.8,100.0,export-roasts_PR-6143.xls
31,68.4,100.0,export-roasts_PR-6143.xls
32,67.0,100.0,export-roasts_PR-6143.xls
33,65.9,100.0,export-roasts_PR-6143.xls
34,64.9,100.0,export-roasts_PR-6143.xls
35,64.0,100.0,export-roasts_PR-6143.xls
36,63.2,100.0,export-roasts_PR-6143.xls
37,62.5,100.0,export-roasts_PR-6143.xls
38,61.8,100.0,export-roasts_PR-6143.xls
39,61.3,100.0,export-roasts_PR-6143.xls
40,60.9,100.0,export-roasts_PR-6143.xls
41,60.5,100.0,export-roasts_PR-6143.xls
42,60.2,100.0,export-roasts_PR-6143.xls
43,60.0,100.0,export-roasts_PR-6143.xls
44,59.7,100.0,export-roasts_PR-6143.xls
45,59.5,100.0,export-roasts_PR-6143.xls
46,59.4,100.0,export-roasts_PR-6143.xls
47,59.3,100.0,export-roasts_PR-6143.xls
48,59.3,100.0,export-roasts_PR-6143.xls
49,59.3,100.0,export-roasts_PR-6143.xls
50,59.4,100.0,export-roasts_PR-6143.xls
51,59.5,100.0,export-roasts_PR-6143.xls
52,59.6,100.0,export-roasts_PR-6143.xls
53,59.7,100.0,export-roasts_PR-6143.xls
54,59.8,100.0,export-roasts_PR-6143.xls
55,60.0,100.0,export-roasts_PR-6143.xls
56,60.2,100.0,export-roasts_PR-6143.xls
57,60.4,100.0,export-roasts_PR-6143.xls
58,60.6,100.0,export-roasts_PR-6143.xls
59,60.8,100.0,export-roasts_PR-6143.xls
60,61.0,100.0,export-roasts_PR-6143.xls
61,61.3,100.0,export-roasts_PR-6143.xls
62,61.6,100.0,export-roasts_PR-6143.xls
63,61.8,100.0,export-roasts_PR-6143.xls
64,62.2,100.0,export-roasts_PR-6143.xls
65,62.5,100.0,export-roasts_PR-6143.xls
66,62.8,100.0,export-roasts_PR-6143.xls
67,63.1,100.0,export-roasts_PR-6143.xls
68,63.5,100.0,export-roasts_PR-6143.xls
69,63.8,100.0,export-roasts_PR-6143.xls
70,64.1,100.0,export-roasts_PR-6143.xls
71,64.4,100.0,export-roasts_PR-6143.xls
72,64.8,100.0,export-roasts_PR-6143.xls
73,65.1,100.0,export-roasts_PR-6143.xls
74,65.5,100.0,export-roasts_PR-6143.xls
75,65.9,100.0,export-roasts_PR-6143.xls
76,66.2,100.0,export-roasts_PR-6143.xls
77,66.6,100.0,export-roasts_PR-6143.xls
78,67.0,100.0,export-roasts_PR-6143.xls
79,67.4,100.0,export-roasts_PR-6143.xls
80,67.8,100.0,export-roasts_PR-6143.xls
81,68.1,100.0,export-roasts_PR-6143.xls
82,68.5,100.0,export-roasts_PR-6143.xls
83,68.9,100.0,export-roasts_PR-6143.xls
84,69.3,100.0,export-roasts_PR-6143.xls
85,69.7,100.0,export-roasts_PR-6143.xls
86,70.0,100.0,export-roasts_PR-6143.xls
87,70.4,100.0,export-roasts_PR-6143.xls
88,70.8,100.0,export-roasts_PR-6143.xls
89,71.1,100.0,export-roasts_PR-6143.xls
90,71.5,100.0,export-roasts_PR-6143.xls
91,71.9,100.0,export-roasts_PR-6143.xls
92,72.3,100.0,export-roasts_PR-6143.xls
93,72.7,100.0,export-roasts_PR-6143.xls
94,73.1,100.0,export-roasts_PR-6143.xls
95,73.5,100.0,export-roasts_PR-6143.xls
96,73.9,100.0,export-roasts_PR-6143.xls
97,74.3,100.0,export-roasts_PR-6143.xls
98,74.7,100.0,export-roasts_PR-6143.xls
99,75.1,100.0,export-roasts_PR-6143.xls
100,75.4,100.0,export-roasts_PR-6143.xls
101,75.8,100.0,export-roasts_PR-6143.xls
102,76.1,100.0,export-roasts_PR-6143.xls
103,76.5,100.0,export-roasts_PR-6143.xls
104,76.9,100.0,export-roasts_PR-6143.xls
105,77.2,100.0,export-roasts_PR-6143.xls
106,77.6,100.0,export-roasts_PR-6143.xls
107,78.0,100.0,export-roasts_PR-6143.xls
108,78.3,100.0,export-roasts_PR-6143.xls
109,78.7,100.0,export-roasts_PR-6143.xls
110,79.0,100.0,export-roasts_PR-6143.xls
111,79.4,100.0,export-roasts_PR-6143.xls
112,79.7,100.0,export-roasts_PR-6143.xls
113,80.1,100.0,export-roasts_PR-6143.xls
114,80.5,100.0,export-roasts_PR-6143.xls
115,80.8,100.0,export-roasts_PR-6143.xls
116,81.2,100.0,export-roasts_PR-6143.xls
117,81.5,100.0,export-roasts_PR-6143.xls
118,81.9,100.0,export-roasts_PR-6143.xls
119,82.2,100.0,export-roasts_PR-6143.xls
120,82.6,100.0,export-roasts_PR-6143.xls
121,82.9,100.0,export-roasts_PR-6143.xls
122,83.2,100.0,export-roasts_PR-6143.xls
123,83.6,100.0,export-roasts_PR-6143.xls
124,83.9,100.0,export-roasts_PR-6143.xls
125,84.3,100.0,export-roasts_PR-6143.xls
126,84.6,100.0,export-roasts_PR-6143.xls
127,85.0,100.0,export-roasts_PR-6143.xls
128,85.3,100.0,export-roasts_PR-6143.xls
129,85.6,100.0,export-roasts_PR-6143.xls
130,86.0,100.0,export-roasts_PR-6143.xls
131,86.3,100.0,export-roasts_PR-6143.xls
132,86.6,100.0,export-roasts_PR-6143.xls
133,86.9,100.0,export-roasts_PR-6143.xls
134,87.3,100.0,export-roasts_PR-6143.xls
135,87.6,100.0,export-roasts_PR-6143.xls
136,88.0,100.0,export-roasts_PR-6143.xls
137,88.3,100.0,export-roasts_PR-6143.xls
138,88.6,100.0,export-roasts_PR-6143.xls
139,88.9,100.0,export-roasts_PR-6143.xls
140,89.3,100.0,export-roasts_PR-6143.xls
141,89.5,100.0,export-roasts_PR-6143.xls
142,89.9,100.0,export-roasts_PR-6143.xls
143,90.2,100.0,export-roasts_PR-6143.xls
144,90.5,100.0,export-roasts_PR-6143.xls
145,90.8,100.0,export-roasts_PR-6143.xls
146,91.0,100.0,export-roasts_PR-6143.xls
147,91.3,100.0,export-roasts_PR-6143.xls
148,91.6,100.0,export-roasts_PR-6143.xls
149,91.8,100.0,export-roasts_PR-6143.xls
150,92.2,100.0,export-roasts_PR-6143.xls
151,92.5,100.0,export-roasts_PR-6143.xls
152,92.8,100.0,export-roasts_PR-6143.xls
153,93.1,100.0,export-roasts_PR-6143.xls
154,93.4,100.0,export-roasts_PR-6143.xls
155,93.7,100.0,export-roasts_PR-6143.xls
156,94.0,100.0,export-roasts_PR-6143.xls
157,94.3,100.0,export-roasts_PR-6143.xls
158,94.6,100.0,export-roasts_PR-6143.xls
159,94.9,100.0,export-roasts_PR-6143.xls
160,95.2,100.0,export-roasts_PR-6143.xls
161,95.5,100.0,export-roasts_PR-6143.xls
162,95.8,100.0,export-roasts_PR-6143.xls
163,96.1,100.0,export-roasts_PR-6143.xls
164,96.3,100.0,export-roasts_PR-6143.xls
165,96.6,100.0,export-roasts_PR-6143.xls
166,96.9,100.0,export-roasts_PR-6143.xls
167,97.3,100.0,export-roasts_PR-6143.xls
168,97.5,100.0,export-roasts_PR-6143.xls
169,97.8,100.0,export-roasts_PR-6143.xls
170,98.1,100.0,export-roasts_PR-6143.xls
171,98.4,100.0,export-roasts_PR-6143.xls
172,98.6,100.0,export-roasts_PR-6143.xls
173,98.9,100.0,export-roasts_PR-6143.xls
174,99.2,100.0,export-roasts_PR-6143.xls
175,99.5,100.0,export-roasts_PR-6143.xls
176,99.8,100.0,export-roasts_PR-6143.xls
177,100.1,100.0,export-roasts_PR-6143.xls
178,100.4,100.0,export-roasts_PR-6143.xls
179,100.7,100.0,export-roasts_PR-6143.xls
180,100.9,100.0,export-roasts_PR-6143.xls
181,101.2,100.0,export-roasts_PR-6143.xls
182,101.6,100.0,export-roasts_PR-6143.xls
183,101.8,100.0,export-roasts_PR-6143.xls
184,102.1,100.0,export-roasts_PR-6143.xls
185,102.4,100.0,export-roasts_PR-6143.xls
186,102.7,100.0,export-roasts_PR-6143.xls
187,102.9,100.0,export-roasts_PR-6143.xls
188,103.2,100.0,export-roasts_PR-6143.xls
189,103.5,100.0,export-roasts_PR-6143.xls
190,103.7,100.0,export-roasts_PR-6143.xls
191,104.0,100.0,export-roasts_PR-6143.xls
192,104.2,100.0,export-roasts_PR-6143.xls
193,104.5,100.0,export-roasts_PR-6143.xls
194,104.7,100.0,export-roasts_PR-6143.xls
195,105.0,100.0,export-roasts_PR-6143.xls
196,105.3,100.0,export-roasts_PR-6143.xls
197,105.6,100.0,export-roasts_PR-6143.xls
198,105.8,100.0,export-roasts_PR-6143.xls
199,106.1,100.0,export-roasts_PR-6143.xls
200,106.4,100.0,export-roasts_PR-6143.xls
201,106.6,100.0,export-roasts_PR-6143.xls
202,106.9,100.0,export-roasts_PR-6143.xls
203,107.2,100.0,export-roasts_PR-6143.xls
204,107.4,100.0,export-roasts_PR-6143.xls
205,107.7,100.0,export-roasts_PR-6143.xls
206,107.9,100.0,export-roasts_PR-6143.xls
207,108.2,100.0,export-roasts_PR-6143.xls
208,108.5,100.0,export-roasts_PR-6143.xls
209,108.7,100.0,export-roasts_PR-6143.xls
210,109.0,100.0,export-roasts_PR-6143.xls
211,109.3,100.0,export-roasts_PR-6143.xls
212,109.5,100.0,export-roasts_PR-6143.xls
213,109.8,100.0,export-roasts_PR-6143.xls
214,110.0,100.0,export-roasts_PR-6143.xls
215,110.3,100.0,export-roasts_PR-6143.xls
216,110.6,100.0,export-roasts_PR-6143.xls
217,110.8,100.0,export-roasts_PR-6143.xls
218,111.1,100.0,export-roasts_PR-6143.xls
219,111.4,100.0,export-roasts_PR-6143.xls
220,111.6,100.0,export-roasts_PR-6143.xls
221,111.9,100.0,export-roasts_PR-6143.xls
222,112.2,100.0,export-roasts_PR-6143.xls
223,112.4,100.0,export-roasts_PR-6143.xls
224,112.6,100.0,export-roasts_PR-6143.xls
225,112.9,100.0,export-roasts_PR-6143.xls
226,113.1,100.0,export-roasts_PR-6143.xls
227,113.4,100.0,export-roasts_PR-6143.xls
228,113.6,100.0,export-roasts_PR-6143.xls
229,113.9,100.0,export-roasts_PR-6143.xls
230,114.2,100.0,export-roasts_PR-6143.xls
231,114.4,100.0,export-roasts_PR-6143.xls
232,114.7,100.0,export-roasts_PR-6143.xls
233,115.0,100.0,export-roasts_PR-6143.xls
234,115.2,100.0,export-roasts_PR-6143.xls
235,115.5,100.0,export-roasts_PR-6143.xls
236,115.7,100.0,export-roasts_PR-6143.xls
237,115.9,100.0,export-roasts_PR-6143.xls
238,116.2,100.0,export-roasts_PR-6143.xls
239,116.4,100.0,export-roasts_PR-6143.xls
240,116.7,100.0,export-roasts_PR-6143.xls
241,116.9,100.0,export-roasts_PR-6143.xls
242,117.1,100.0,export-roasts_PR-6143.xls
243,117.4,100.0,export-roasts_PR-6143.xls
244,117.6,100.0,export-roasts_PR-6143.xls
245,117.9,100.0,export-roasts_PR-6143.xls
246,118.1,100.0,export-roasts_PR-6143.xls
247,118.3,100.0,export-roasts_PR-6143.xls
248,118.6,100.0,export-roasts_PR-6143.xls
249,118.8,100.0,export-roasts_PR-6143.xls
250,119.1,100.0,export-roasts_PR-6143.xls
251,119.4,100.0,export-roasts_PR-6143.xls
252,119.6,100.0,export-roasts_PR-6143.xls
253,119.9,100.0,export-roasts_PR-6143.xls
254,120.1,100.0,export-roasts_PR-6143.xls
255,120.4,100.0,export-roasts_PR-6143.xls
256,120.6,100.0,export-roasts_PR-6143.xls
257,120.8,100.0,export-roasts_PR-6143.xls
258,121.1,100.0,export-roasts_PR-6143.xls
259,121.3,100.0,export-roasts_PR-6143.xls
260,121.6,100.0,export-roasts_PR-6143.xls
261,121.8,100.0,export-roasts_PR-6143.xls
262,122.1,100.0,export-roasts_PR-6143.xls
263,122.3,100.0,export-roasts_PR-6143.xls
264,122.6,100.0,export-roasts_PR-6143.xls
265,122.8,100.0,export-roasts_PR-6143.xls
266,123.1,100.0,export-roasts_PR-6143.xls
267,123.4,100.0,export-roasts_PR-6143.xls
268,123.6,100.0,export-roasts_PR-6143.xls
269,123.8,100.0,export-roasts_PR-6143.xls
270,124.1,100.0,export-roasts_PR-6143.xls
271,124.3,100.0,export-roasts_PR-6143.xls
272,124.6,100.0,export-roasts_PR-6143.xls
273,124.8,100.0,export-roasts_PR-6143.xls
274,125.0,100.0,export-roasts_PR-6143.xls
275,125.3,100.0,export-roasts_PR-6143.xls
276,125.5,100.0,export-roasts_PR-6143.xls
277,125.7,100.0,export-roasts_PR-6143.xls
278,126.0,100.0,export-roasts_PR-6143.xls
279,126.2,100.0,export-roasts_PR-6143.xls
280,126.4,100.0,export-roasts_PR-6143.xls
281,126.6,100.0,export-roasts_PR-6143.xls
282,126.8,100.0,export-roasts_PR-6143.xls
283,127.1,100.0,export-roasts_PR-6143.xls
284,127.3,100.0,export-roasts_PR-6143.xls
285,127.5,100.0,export-roasts_PR-6143.xls
286,127.8,100.0,export-roasts_PR-6143.xls
287,128.0,100.0,export-roasts_PR-6143.xls
288,128.3,100.0,export-roasts_PR-6143.xls
289,128.5,100.0,export-roasts_PR-6143.xls
290,128.7,100.0,export-roasts_PR-6143.xls
291,129.0,100.0,export-roasts_PR-6143.xls
292,129.2,100.0,export-roasts_PR-6143.xls
293,129.5,100.0,export-roasts_PR-6143.xls
294,129.7,100.0,export-roasts_PR-6143.xls
295,129.9,100.0,export-roasts_PR-6143.xls
296,130.2,100.0,export-roasts_PR-6143.xls
297,130.3,100.0,export-roasts_PR-6143.xls
298,130.6,100.0,export-roasts_PR-6143.xls
299,130.8,100.0,export-roasts_PR-6143.xls
300,131.1,100.0,export-roasts_PR-6143.xls
301,131.2,100.0,export-roasts_PR-6143.xls
302,131.5,100.0,export-roasts_PR-6143.xls
303,131.7,100.0,export-roasts_PR-6143.xls
304,132.0,100.0,export-roasts_PR-6143.xls
305,132.2,100.0,export-roasts_PR-6143.xls
306,132.5,100.0,export-roasts_PR-6143.xls
307,132.7,100.0,export-roasts_PR-6143.xls
308,132.9,100.0,export-roasts_PR-6143.xls
309,133.2,100.0,export-roasts_PR-6143.xls
310,133.4,100.0,export-roasts_PR-6143.xls
311,133.6,100.0,export-roasts_PR-6143.xls
312,133.9,100.0,export-roasts_PR-6143.xls
313,134.1,100.0,export-roasts_PR-6143.xls
314,134.3,100.0,export-roasts_PR-6143.xls
315,134.6,100.0,export-roasts_PR-6143.xls
316,134.8,100.0,export-roasts_PR-6143.xls
317,135.0,100.0,export-roasts_PR-6143.xls
318,135.3,100.0,export-roasts_PR-6143.xls
319,135.5,100.0,export-roasts_PR-6143.xls
320,135.7,100.0,export-roasts_PR-6143.xls
321,135.9,100.0,export-roasts_PR-6143.xls
322,136.2,100.0,export-roasts_PR-6143.xls
323,136.4,100.0,export-roasts_PR-6143.xls
324,136.6,100.0,export-roasts_PR-6143.xls
325,136.9,100.0,export-roasts_PR-6143.xls
326,137.1,100.0,export-roasts_PR-6143.xls
327,137.3,100.0,export-roasts_PR-6143.xls
328,137.6,100.0,export-roasts_PR-6143.xls
329,137.8,100.0,export-roasts_PR-6143.xls
330,137.9,100.0,export-roasts_PR-6143.xls
331,138.2,100.0,export-roasts_PR-6143.xls
332,138.4,100.0,export-roasts_PR-6143.xls
333,138.6,100.0,export-roasts_PR-6143.xls
334,138.8,100.0,export-roasts_PR-6143.xls
335,139.1,100.0,export-roasts_PR-6143.xls
336,139.3,100.0,export-roasts_PR-6143.xls
337,139.5,100.0,export-roasts_PR-6143.xls
338,139.7,100.0,export-roasts_PR-6143.xls
339,139.9,100.0,export-roasts_PR-6143.xls
340,140.2,100.0,export-roasts_PR-6143.xls
341,140.4,100.0,export-roasts_PR-6143.xls
342,140.6,100.0,export-roasts_PR-6143.xls
343,140.8,100.0,export-roasts_PR-6143.xls
344,141.0,100.0,export-roasts_PR-6143.xls
345,141.2,100.0,export-roasts_PR-6143.xls
346,141.4,100.0,export-roasts_PR-6143.xls
347,141.7,100.0,export-roasts_PR-6143.xls
348,141.9,100.0,export-roasts_PR-6143.xls
349,142.1,100.0,export-roasts_PR-6143.xls
350,142.3,100.0,export-roasts_PR-6143.xls
351,142.6,100.0,export-roasts_PR-6143.xls
352,142.7,100.0,export-roasts_PR-6143.xls
353,143.0,100.0,export-roasts_PR-6143.xls
354,143.2,100.0,export-roasts_PR-6143.xls
355,143.4,100.0,export-roasts_PR-6143.xls
356,143.6,100.0,export-roasts_PR-6143.xls
357,143.9,100.0,export-roasts_PR-6143.xls
358,144.0,100.0,export-roasts_PR-6143.xls
359,144.3,100.0,export-roasts_PR-6143.xls
360,144.5,100.0,export-roasts_PR-6143.xls
361,144.7,100.0,export-roasts_PR-6143.xls
362,145.0,100.0,export-roasts_PR-6143.xls
363,145.1,100.0,export-roasts_PR-6143.xls
364,145.4,100.0,export-roasts_PR-6143.xls
365,145.6,100.0,export-roasts_PR-6143.xls
366,145.8,100.0,export-roasts_PR-6143.xls
367,146.0,100.0,export-roasts_PR-6143.xls
368,146.2,100.0,export-roasts_PR-6143.xls
369,146.4,100.0,export-roasts_PR-6143.xls
370,146.5,100.0,export-roasts_PR-6143.xls
371,146.7,100.0,export-roasts_PR-6143.xls
372,146.9,100.0,export-roasts_PR-6143.xls
373,147.1,100.0,export-roasts_PR-6143.xls
374,147.4,100.0,export-roasts_PR-6143.xls
375,147.6,100.0,export-roasts_PR-6143.xls
376,147.8,100.0,export-roasts_PR-6143.xls
377,147.9,100.0,export-roasts_PR-6143.xls
378,148.1,100.0,export-roasts_PR-6143.xls
379,148.3,100.0,export-roasts_PR-6143.xls
380,148.5,100.0,export-roasts_PR-6143.xls
381,148.8,100.0,export-roasts_PR-6143.xls
382,148.9,100.0,export-roasts_PR-6143.xls
383,149.2,100.0,export-roasts_PR-6143.xls
384,149.3,100.0,export-roasts_PR-6143.xls
385,149.5,100.0,export-roasts_PR-6143.xls
386,149.7,100.0,export-roasts_PR-6143.xls
387,149.9,100.0,export-roasts_PR-6143.xls
388,150.1,100.0,export-roasts_PR-6143.xls
389,150.3,100.0,export-roasts_PR-6143.xls
390,150.5,100.0,export-roasts_PR-6143.xls
391,150.7,100.0,export-roasts_PR-6143.xls
392,151.0,100.0,export-roasts_PR-6143.xls
393,151.2,100.0,export-roasts_PR-6143.xls
394,151.4,100.0,export-roasts_PR-6143.xls
395,151.6,100.0,export-roasts_PR-6143.xls
396,151.8,100.0,export-roasts_PR-6143.xls
397,152.0,100.0,export-roasts_PR-6143.xls
398,152.2,100.0,export-roasts_PR-6143.xls
399,152.4,100.0,export-roasts_PR-6143.xls
400,152.7,100.0,export-roasts_PR-6143.xls
401,152.9,100.0,export-roasts_PR-6143.xls
402,153.1,100.0,export-roasts_PR-6143.xls
403,153.3,100.0,export-roasts_PR-6143.xls
404,153.5,100.0,export-roasts_PR-6143.xls
405,153.7,100.0,export-roasts_PR-6143.xls
406,153.9,100.0,export-roasts_PR-6143.xls
407,154.1,100.0,export-roasts_PR-6143.xls
408,154.3,100.0,export-roasts_PR-6143.xls
409,154.6,100.0,export-roasts_PR-6143.xls
410,154.7,100.0,export-roasts_PR-6143.xls
411,154.9,100.0,export-roasts_PR-6143.xls
412,155.2,100.0,export-roasts_PR-6143.xls
413,155.3,100.0,export-roasts_PR-6143.xls
414,155.5,100.0,export-roasts_PR-6143.xls
415,155.7,100.0,export-roasts_PR-6143.xls
416,156.0,100.0,export-roasts_PR-6143.xls
417,156.2,100.0,export-roasts_PR-6143.xls
418,156.4,100.0,export-roasts_PR-6143.xls
419,156.6,100.0,export-roasts_PR-6143.xls
420,156.8,100.0,export-roasts_PR-6143.xls
421,157.0,100.0,export-roasts_PR-6143.xls
422,157.2,100.0,export-roasts_PR-6143.xls
423,157.4,100.0,export-roasts_PR-6143.xls
424,157.6,100.0,export-roasts_PR-6143.xls
425,157.8,100.0,export-roasts_PR-6143.xls
426,158.0,100.0,export-roasts_PR-6143.xls
427,158.2,100.0,export-roasts_PR-6143.xls
428,158.4,100.0,export-roasts_PR-6143.xls
429,158.6,100.0,export-roasts_PR-6143.xls
430,158.8,100.0,export-roasts_PR-6143.xls
431,159.0,100.0,export-roasts_PR-6143.xls
432,159.2,100.0,export-roasts_PR-6143.xls
433,159.4,100.0,export-roasts_PR-6143.xls
434,159.6,100.0,export-roasts_PR-6143.xls
435,159.8,100.0,export-roasts_PR-6143.xls
436,160.0,100.0,export-roasts_PR-6143.xls
437,160.2,100.0,export-roasts_PR-6143.xls
438,160.4,100.0,export-roasts_PR-6143.xls
439,160.6,100.0,export-roasts_PR-6143.xls
440,160.8,100.0,export-roasts_PR-6143.xls
441,161.1,100.0,export-roasts_PR-6143.xls
442,161.3,100.0,export-roasts_PR-6143.xls
443,161.5,100.0,export-roasts_PR-6143.xls
444,161.6,100.0,export-roasts_PR-6143.xls
445,161.8,100.0,export-roasts_PR-6143.xls
446,162.0,100.0,export-roasts_PR-6143.xls
447,162.2,100.0,export-roasts_PR-6143.xls
448,162.4,100.0,export-roasts_PR-6143.xls
449,162.6,100.0,export-roasts_PR-6143.xls
450,162.8,100.0,export-roasts_PR-6143.xls
451,163.0,100.0,export-roasts_PR-6143.xls
452,163.2,100.0,export-roasts_PR-6143.xls
453,163.4,100.0,export-roasts_PR-6143.xls
454,163.6,100.0,export-roasts_PR-6143.xls
455,163.8,100.0,export-roasts_PR-6143.xls
456,164.0,100.0,export-roasts_PR-6143.xls
457,164.1,100.0,export-roasts_PR-6143.xls
458,164.4,100.0,export-roasts_PR-6143.xls
459,164.6,100.0,export-roasts_PR-6143.xls
460,164.8,100.0,export-roasts_PR-6143.xls
461,165.0,100.0,export-roasts_PR-6143.xls
462,165.2,100.0,export-roasts_PR-6143.xls
463,165.4,100.0,export-roasts_PR-6143.xls
464,165.6,100.0,export-roasts_PR-6143.xls
465,165.9,100.0,export-roasts_PR-6143.xls
466,166.0,100.0,export-roasts_PR-6143.xls
467,166.3,100.0,export-roasts_PR-6143.xls
468,166.5,100.0,export-roasts_PR-6143.xls
469,166.7,100.0,export-roasts_PR-6143.xls
470,166.9,100.0,export-roasts_PR-6143.xls
471,167.1,100.0,export-roasts_PR-6143.xls
472,167.3,100.0,export-roasts_PR-6143.xls
473,167.5,100.0,export-roasts_PR-6143.xls
474,167.7,100.0,export-roasts_PR-6143.xls
475,167.9,100.0,export-roasts_PR-6143.xls
476,168.2,100.0,export-roasts_PR-6143.xls
477,168.3,100.0,export-roasts_PR-6143.xls
478,168.5,100.0,export-roasts_PR-6143.xls
479,168.8,100.0,export-roasts_PR-6143.xls
480,168.9,100.0,export-roasts_PR-6143.xls
481,169.2,100.0,export-roasts_PR-6143.xls
482,169.4,100.0,export-roasts_PR-6143.xls
483,169.6,100.0,export-roasts_PR-6143.xls
484,169.8,100.0,export-roasts_PR-6143.xls
485,170.0,100.0,export-roasts_PR-6143.xls
486,170.2,100.0,export-roasts_PR-6143.xls
487,170.4,100.0,export-roasts_PR-6143.xls
488,170.7,100.0,export-roasts_PR-6143.xls
489,170.9,100.0,export-roasts_PR-6143.xls
490,171.1,100.0,export-roasts_PR-6143.xls
491,171.3,100.0,export-roasts_PR-6143.xls
492,171.5,100.0,export-roasts_PR-6143.xls
493,171.7,100.0,export-roasts_PR-6143.xls
494,171.9,100.0,export-roasts_PR-6143.xls
495,172.1,100.0,export-roasts_PR-6143.xls
496,172.3,100.0,export-roasts_PR-6143.xls
497,172.5,100.0,export-roasts_PR-6143.xls
498,172.7,100.0,export-roasts_PR-6143.xls
499,172.9,100.0,export-roasts_PR-6143.xls
500,173.1,100.0,export-roasts_PR-6143.xls
501,173.3,100.0,export-roasts_PR-6143.xls
502,173.5,100.0,export-roasts_PR-6143.xls
503,173.7,100.0,export-roasts_PR-6143.xls
504,173.9,100.0,export-roasts_PR-6143.xls
505,174.1,100.0,export-roasts_PR-6143.xls
506,174.3,100.0,export-roasts_PR-6143.xls
507,174.6,100.0,export-roasts_PR-6143.xls
508,174.8,100.0,export-roasts_PR-6143.xls
509,175.0,100.0,export-roasts_PR-6143.xls
510,175.2,100.0,export-roasts_PR-6143.xls
511,175.5,100.0,export-roasts_PR-6143.xls
512,175.7,100.0,export-roasts_PR-6143.xls
513,175.9,90.0,export-roasts_PR-6143.xls
514,176.1,90.0,export-roasts_PR-6143.xls
515,176.4,90.0,export-roasts_PR-6143.xls
516,176.5,90.0,export-roasts_PR-6143.xls
517,176.8,90.0,export-roasts_PR-6143.xls
518,177.0,90.0,export-roasts_PR-6143.xls
519,177.2,90.0,export-roasts_PR-6143.xls
520,177.4,90.0,export-roasts_PR-6143.xls
521,177.6,90.0,export-roasts_PR-6143.xls
522,177.9,90.0,export-roasts_PR-6143.xls
523,178.0,90.0,export-roasts_PR-6143.xls
524,178.2,90.0,export-roasts_PR-6143.xls
525,178.4,90.0,export-roasts_PR-6143.xls
526,178.6,90.0,export-roasts_PR-6143.xls
527,178.9,90.0,export-roasts_PR-6143.xls
528,179.1,90.0,export-roasts_PR-6143.xls
529,179.3,90.0,export-roasts_PR-6143.xls
530,179.5,90.0,export-roasts_PR-6143.xls
531,179.7,90.0,export-roasts_PR-6143.xls
532,179.9,90.0,export-roasts_PR-6143.xls
533,180.1,90.0,export-roasts_PR-6143.xls
534,180.3,90.0,export-roasts_PR-6143.xls
535,180.5,90.0,export-roasts_PR-6143.xls
536,180.7,90.0,export-roasts_PR-6143.xls
537,181.0,90.0,export-roasts_PR-6143.xls
538,181.2,90.0,export-roasts_PR-6143.xls
539,181.3,90.0,export-roasts_PR-6143.xls
540,181.5,90.0,export-roasts_PR-6143.xls
541,181.7,90.0,export-roasts_PR-6143.xls
542,181.9,90.0,export-roasts_PR-6143.xls
543,182.2,90.0,export-roasts_PR-6143.xls
544,182.3,90.0,export-roasts_PR-6143.xls
545,182.6,90.0,export-roasts_PR-6143.xls
546,182.8,90.0,export-roasts_PR-6143.xls
547,183.1,90.0,export-roasts_PR-6143.xls
548,183.2,90.0,export-roasts_PR-6143.xls
549,183.5,90.0,export-roasts_PR-6143.xls
550,183.7,90.0,export-roasts_PR-6143.xls
551,183.9,90.0,export-roasts_PR-6143.xls
552,184.1,90.0,export-roasts_PR-6143.xls
553,184.3,90.0,export-roasts_PR-6143.xls
554,184.6,90.0,export-roasts_PR-6143.xls
555,184.8,90.0,export-roasts_PR-6143.xls
556,185.0,90.0,export-roasts_PR-6143.xls
557,185.2,90.0,export-roasts_PR-6143.xls
558,185.4,90.0,export-roasts_PR-6143.xls
559,185.6,90.0,export-roasts_PR-6143.xls
560,185.8,90.0,export-roasts_PR-6143.xls
561,186.0,90.0,export-roasts_PR-6143.xls
562,186.2,90.0,export-roasts_PR-6143.xls
563,186.4,90.0,export-roasts_PR-6143.xls
564,186.6,90.0,export-roasts_PR-6143.xls
565,186.9,90.0,export-roasts_PR-6143.xls
566,187.1,90.0,export-roasts_PR-6143.xls
567,187.3,90.0,export-roasts_PR-6143.xls
568,187.4,90.0,export-roasts_PR-6143.xls
569,187.7,90.0,export-roasts_PR-6143.xls
570,187.9,90.0,export-roasts_PR-6143.xls
571,188.1,90.0,export-roasts_PR-6143.xls
572,188.3,90.0,export-roasts_PR-6143.xls
573,188.5,90.0,export-roasts_PR-6143.xls
574,188.8,90.0,export-roasts_PR-6143.xls
575,189.0,90.0,export-roasts_PR-6143.xls
576,189.2,90.0,export-roasts_PR-6143.xls
577,189.4,90.0,export-roasts_PR-6143.xls
578,189.7,90.0,export-roasts_PR-6143.xls
579,189.9,90.0,export-roasts_PR-6143.xls
580,190.1,90.0,export-roasts_PR-6143.xls
581,190.3,90.0,export-roasts_PR-6143.xls
582,190.5,90.0,export-roasts_PR-6143.xls
583,190.8,90.0,export-roasts_PR-6143.xls
584,191.0,90.0,export-roasts_PR-6143.xls
585,191.2,90.0,export-roasts_PR-6143.xls
586,191.4,90.0,export-roasts_PR-6143.xls
587,191.6,0.0,export-roasts_PR-6143.xls
588,191.8,0.0,export-roasts_PR-6143.xls
589,192.0,0.0,export-roasts_PR-6143.xls
590,192.2,0.0,export-roasts_PR-6143.xls
591,192.4,0.0,export-roasts_PR-6143.xls
592,192.7,0.0,export-roasts_PR-6143.xls
593,192.9,0.0,export-roasts_PR-6143.xls
594,193.1,0.0,export-roasts_PR-6143.xls
595,193.2,0.0,export-roasts_PR-6143.xls
596,193.5,0.0,export-roasts_PR-6143.xls
597,193.7,0.0,export-roasts_PR-6143.xls
598,193.9,0.0,export-roasts_PR-6143.xls
599,194.1,0.0,export-roasts_PR-6143.xls
600,194.2,0.0,export-roasts_PR-6143.xls
601,194.5,0.0,export-roasts_PR-6143.xls
602,194.6,0.0,export-roasts_PR-6143.xls
603,194.8,0.0,export-roasts_PR-6143.xls
604,195.0,0.0,export-roasts_PR-6143.xls
605,195.1,0.0,export-roasts_PR-6143.xls
606,195.3,0.0,export-roasts_PR-6143.xls
607,195.4,0.0,export-roasts_PR-6143.xls
608,195.5,0.0,export-roasts_PR-6143.xls
609,195.7,0.0,export-roasts_PR-6143.xls
610,195.9,0.0,export-roasts_PR-6143.xls
611,196.0,0.0,export-roasts_PR-6143.xls
612,196.1,0.0,export-roasts_PR-6143.xls
613,196.3,0.0,export-roasts_PR-6143.xls
614,196.5,0.0,export-roasts_PR-6143.xls
615,196.6,0.0,export-roasts_PR-6143.xls
616,196.7,0.0,export-roasts_PR-6143.xls
617,196.9,0.0,export-roasts_PR-6143.xls
618,197.0,0.0,export-roasts_PR-6143.xls
619,197.0,0.0,export-roasts_PR-6143.xls
620,197.2,0.0,export-roasts_PR-6143.xls
621,197.2,0.0,export-roasts_PR-6143.xls
622,197.3,0.0,export-roasts_PR-6143.xls
623,197.5,0.0,export-roasts_PR-6143.xls
624,197.6,0.0,export-roasts_PR-6143.xls
625,197.7,0.0,export-roasts_PR-6143.xls
626,197.8,0.0,export-roasts_PR-6143.xls
627,197.9,0.0,export-roasts_PR-6143.xls
628,198.0,0.0,export-roasts_PR-6143.xls
629,198.2,0.0,export-roasts_PR-6143.xls
630,198.3,0.0,export-roasts_PR-6143.xls
631,198.4,0.0,export-roasts_PR-6143.xls
632,198.5,0.0,export-roasts_PR-6143.xls
633,198.6,0.0,export-roasts_PR-6143.xls
634,198.7,0.0,export-roasts_PR-6143.xls
635,198.8,0.0,export-roasts_PR-6143.xls
636,198.9,0.0,export-roasts_PR-6143.xls
637,199.0,0.0,export-roasts_PR-6143.xls
638,199.1,0.0,export-roasts_PR-6143.xls
639,199.2,0.0,export-roasts_PR-6143.xls
640,199.3,0.0,export-roasts_PR-6143.xls
641,199.4,0.0,export-roasts_PR-6143.xls
642,199.5,0.0,export-roasts_PR-6143.xls
643,199.6,0.0,export-roasts_PR-6143.xls
644,199.7,5.0,export-roasts_PR-6143.xls
645,199.8,5.0,export-roasts_PR-6143.xls
646,199.9,5.0,export-roasts_PR-6143.xls
647,200.0,5.0,export-roasts_PR-6143.xls
648,200.1,5.0,export-roasts_PR-6143.xls
649,200.2,5.0,export-roasts_PR-6143.xls
650,200.2,5.0,export-roasts_PR-6143.xls
651,200.3,5.0,export-roasts_PR-6143.xls
652,200.3,5.0,export-roasts_PR-6143.xls
653,200.5,5.0,export-roasts_PR-6143.xls
654,200.6,5.0,export-roasts_PR-6143.xls
655,200.7,5.0,export-roasts_PR-6143.xls
656,200.8,5.0,export-roasts_PR-6143.xls
657,200.8,5.0,export-roasts_PR-6143.xls
658,200.9,5.0,export-roasts_PR-6143.xls
659,201.0,5.0,export-roasts_PR-6143.xls
660,201.2,5.0,export-roasts_PR-6143.xls
661,201.3,5.0,export-roasts_PR-6143.xls
662,201.3,5.0,export-roasts_PR-6143.xls
663,201.5,5.0,export-roasts_PR-6143.xls
664,201.6,5.0,export-roasts_PR-6143.xls
665,201.7,5.0,export-roasts_PR-6143.xls
666,201.8,5.0,export-roasts_PR-6143.xls
667,201.9,5.0,export-roasts_PR-6143.xls
668,202.0,5.0,export-roasts_PR-6143.xls
669,202.1,5.0,export-roasts_PR-6143.xls
670,202.2,5.0,export-roasts_PR-6143.xls
671,202.4,5.0,export-roasts_PR-6143.xls
672,202.5,5.0,export-roasts_PR-6143.xls
673,202.6,5.0,export-roasts_PR-6143.xls
674,202.7,5.0,export-roasts_PR-6143.xls
675,202.8,5.0,export-roasts_PR-6143.xls
676,202.9,5.0,export-roasts_PR-6143.xls
677,203.0,5.0,export-roasts_PR-6143.xls
678,203.1,5.0,export-roasts_PR-6143.xls
679,203.3,5.0,export-roasts_PR-6143.xls
680,203.4,5.0,export-roasts_PR-6143.xls
681,203.5,5.0,export-roasts_PR-6143.xls
682,203.7,5.0,export-roasts_PR-6143.xls
683,203.8,5.0,export-roasts_PR-6143.xls
684,203.9,5.0,export-roasts_PR-6143.xls
685,204.0,5.0,export-roasts_PR-6143.xls
686,204.1,5.0,export-roasts_PR-6143.xls
687,204.2,5.0,export-roasts_PR-6143.xls
688,204.3,5.0,export-roasts_PR-6143.xls
689,204.5,5.0,export-roasts_PR-6143.xls
690,204.6,5.0,export-roasts_PR-6143.xls
691,204.7,5.0,export-roasts_PR-6143.xls
692,204.7,5.0,export-roasts_PR-6143.xls
693,204.9,5.0,export-roasts_PR-6143.xls
694,205.0,5.0,export-roasts_PR-6143.xls
695,205.1,5.0,export-roasts_PR-6143.xls
696,205.2,5.0,export-roasts_PR-6143.xls
697,205.3,5.0,export-roasts_PR-6143.xls
698,205.4,5.0,export-roasts_PR-6143.xls
699,205.5,5.0,export-roasts_PR-6143.xls
700,205.6,5.0,export-roasts_PR-6143.xls
701,205.7,10.0,export-roasts_PR-6143.xls
702,205.8,10.0,export-roasts_PR-6143.xls
703,205.9,10.0,export-roasts_PR-6143.xls
704,206.0,10.0,export-roasts_PR-6143.xls
705,206.1,10.0,export-roasts_PR-6143.xls
706,206.2,10.0,export-roasts_PR-6143.xls
707,206.3,10.0,export-roasts_PR-6143.xls
708,206.4,10.0,export-roasts_PR-6143.xls
709,206.5,10.0,export-roasts_PR-6143.xls
710,206.6,10.0,export-roasts_PR-6143.xls
711,206.7,10.0,export-roasts_PR-6143.xls
712,206.8,10.0,export-roasts_PR-6143.xls
713,206.9,10.0,export-roasts_PR-6143.xls
714,207.0,10.0,export-roasts_PR-6143.xls
715,207.1,10.0,export-roasts_PR-6143.xls
716,207.2,10.0,export-roasts_PR-6143.xls
717,207.3,10.0,export-roasts_PR-6143.xls
718,207.3,10.0,export-roasts_PR-6143.xls
719,207.4,10.0,export-roasts_PR-6143.xls
720,207.5,10.0,export-roasts_PR-6143.xls
721,207.6,10.0,export-roasts_PR-6143.xls
722,207.7,10.0,export-roasts_PR-6143.xls
723,207.8,10.0,export-roasts_PR-6143.xls
724,207.9,10.0,export-roasts_PR-6143.xls
725,208.0,10.0,export-roasts_PR-6143.xls
726,208.1,10.0,export-roasts_PR-6143.xls
727,208.2,10.0,export-roasts_PR-6143.xls
728,208.3,10.0,export-roasts_PR-6143.xls
729,208.4,10.0,export-roasts_PR-6143.xls
730,208.5,10.0,export-roasts_PR-6143.xls
731,208.6,10.0,export-roasts_PR-6143.xls
732,208.7,10.0,export-roasts_PR-6143.xls
733,208.8,10.0,export-roasts_PR-6143.xls
734,208.8,10.0,export-roasts_PR-6143.xls
735,209.0,10.0,export-roasts_PR-6143.xls
736,209.1,10.0,export-roasts_PR-6143.xls
737,209.2,10.0,export-roasts_PR-6143.xls
738,209.2,10.0,export-roasts_PR-6143.xls
739,209.3,10.0,export-roasts_PR-6143.xls
740,209.4,10.0,export-roasts_PR-6143.xls
741,209.5,10.0,export-roasts_PR-6143.xls
742,209.6,10.0,export-roasts_PR-6143.xls
743,209.7,10.0,export-roasts_PR-6143.xls
744,209.8,10.0,export-roasts_PR-6143.xls
745,209.9,10.0,export-roasts_PR-6143.xls
746,209.9,10.0,export-roasts_PR-6143.xls
747,210.0,10.0,export-roasts_PR-6143.xls
748,210.1,10.0,export-roasts_PR-6143.xls
749,210.2,10.0,export-roasts_PR-6143.xls
750,210.3,10.0,export-roasts_PR-6143.xls
751,210.4,10.0,export-roasts_PR-6143.xls
752,210.5,10.0,export-roasts_PR-6143.xls
753,210.7,10.0,export-roasts_PR-6143.xls
754,210.7,10.0,export-roasts_PR-6143.xls
755,210.8,10.0,export-roasts_PR-6143.xls
756,211.0,10.0,export-roasts_PR-6143.xls
757,211.1,10.0,export-roasts_PR-6143.xls
758,211.2,10.0,export-roasts_PR-6143.xls
759,211.3,10.0,export-roasts_PR-6143.xls
760,211.4,10.0,export-roasts_PR-6143.xls
761,211.5,10.0,export-roasts_PR-6143.xls
762,211.6,10.0,export-roasts_PR-6143.xls
763,211.7,10.0,export-roasts_PR-6143.xls
764,211.8,10.0,export-roasts_PR-6143.xls
765,211.9,10.0,export-roasts_PR-6143.xls
766,212.0,10.0,export-roasts_PR-6143.xls
767,212.1,10.0,export-roasts_PR-6143.xls
768,212.2,10.0,export-roasts_PR-6143.xls
769,212.4,10.0,export-roasts_PR-6143.xls
770,212.4,10.0,export-roasts_PR-6143.xls
771,212.6,10.0,export-roasts_PR-6143.xls
772,212.7,10.0,export-roasts_PR-6143.xls
773,212.8,10.0,export-roasts_PR-6143.xls
774,212.9,10.0,export-roasts_PR-6143.xls
775,213.0,10.0,export-roasts_PR-6143.xls
776,213.1,10.0,export-roasts_PR-6143.xls
777,213.2,10.0,export-roasts_PR-6143.xls
778,213.3,10.0,export-roasts_PR-6143.xls
779,213.4,10.0,export-roasts_PR-6143.xls
780,213.5,10.0,export-roasts_PR-6143.xls
781,213.6,10.0,export-roasts_PR-6143.xls
782,213.7,10.0,export-roasts_PR-6143.xls
783,213.8,10.0,export-roasts_PR-6143.xls
784,213.9,10.0,export-roasts_PR-6143.xls
785,214.1,10.0,export-roasts_PR-6143.xls
786,214.1,10.0,export-roasts_PR-6143.xls
787,214.2,10.0,export-roasts_PR-6143.xls
788,214.4,10.0,export-roasts_PR-6143.xls
789,214.5,10.0,export-roasts_PR-6143.xls
790,214.7,10.0,export-roasts_PR-6143.xls
791,214.7,10.0,export-roasts_PR-6143.xls
792,214.8,10.0,export-roasts_PR-6143.xls
793,215.0,10.0,export-roasts_PR-6143.xls
794,215.1,10.0,export-roasts_PR-6143.xls
795,215.2,10.0,export-roasts_PR-6143.xls
796,215.3,10.0,export-roasts_PR-6143.xls
797,215.5,10.0,export-roasts_PR-6143.xls
798,215.6,10.0,export-roasts_PR-6143.xls
799,215.7,10.0,export-roasts_PR-6143.xls
800,215.8,10.0,export-roasts_PR-6143.xls
801,215.9,10.0,export-roasts_PR-6143.xls
802,216.0,10.0,export-roasts_PR-6143.xls
803,216.1,10.0,export-roasts_PR-6143.xls
804,216.3,10.0,export-roasts_PR-6143.xls
805,216.4,10.0,export-roasts_PR-6143.xls
806,216.6,10.0,export-roasts_PR-6143.xls
807,216.7,10.0,export-roasts_PR-6143.xls
808,216.8,10.0,export-roasts_PR-6143.xls
809,216.9,10.0,export-roasts_PR-6143.xls
810,217.1,10.0,export-roasts_PR-6143.xls
811,217.2,10.0,export-roasts_PR-6143.xls
812,217.3,10.0,export-roasts_PR-6143.xls
813,217.4,10.0,export-roasts_PR-6143.xls
814,217.5,10.0,export-roasts_PR-6143.xls
0,220.5,0.0,export-roasts_PR-6326.xls
1,219.1,0.0,export-roasts_PR-6326.xls
2,214.9,0.0,export-roasts_PR-6326.xls
3,208.3,0.0,export-roasts_PR-6326.xls
4,199.6,0.0,export-roasts_PR-6326.xls
5,190.5,0.0,export-roasts_PR-6326.xls
6,181.3,0.0,export-roasts_PR-6326.xls
7,172.2,0.0,export-roasts_PR-6326.xls
8,163.5,0.0,export-roasts_PR-6326.xls
9,155.2,0.0,export-roasts_PR-6326.xls
10,147.2,0.0,export-roasts_PR-6326.xls
11,139.7,0.0,export-roasts_PR-6326.xls
12,132.6,0.0,export-roasts_PR-6326.xls
13,126.1,0.0,export-roasts_PR-6326.xls
14,120.2,0.0,export-roasts_PR-6326.xls
15,114.8,0.0,export-roasts_PR-6326.xls
16,109.7,0.0,export-roasts_PR-6326.xls
17,105.1,0.0,export-roasts_PR-6326.xls
18,100.8,0.0,export-roasts_PR-6326.xls
19,96.9,0.0,export-roasts_PR-6326.xls
20,93.3,0.0,export-roasts_PR-6326.xls
21,90.1,0.0,export-roasts_PR-6326.xls
22,87.0,0.0,export-roasts_PR-6326.xls
23,84.2,100.0,export-roasts_PR-6326.xls
24,81.6,100.0,export-roasts_PR-6326.xls
25,79.2,100.0,export-roasts_PR-6326.xls
26,77.0,100.0,export-roasts_PR-6326.xls
27,75.1,100.0,export-roasts_PR-6326.xls
28,73.3,100.0,export-roasts_PR-6326.xls
29,71.7,100.0,export-roasts_PR-6326.xls
30,70.2,100.0,export-roasts_PR-6326.xls
31,68.8,100.0,export-roasts_PR-6326.xls
32,67.6,100.0,export-roasts_PR-6326.xls
33,66.5,100.0,export-roasts_PR-6326.xls
34,65.5,100.0,export-roasts_PR-6326.xls
35,64.6,100.0,export-roasts_PR-6326.xls
36,63.9,100.0,export-roasts_PR-6326.xls
37,63.2,100.0,export-roasts_PR-6326.xls
38,62.6,100.0,export-roasts_PR-6326.xls
39,62.1,100.0,export-roasts_PR-6326.xls
40,61.7,100.0,export-roasts_PR-6326.xls
41,61.3,100.0,export-roasts_PR-6326.xls
42,60.9,100.0,export-roasts_PR-6326.xls
43,60.7,100.0,export-roasts_PR-6326.xls
44,60.5,100.0,export-roasts_PR-6326.xls
45,60.4,100.0,export-roasts_PR-6326.xls
46,60.3,100.0,export-roasts_PR-6326.xls
47,60.2,100.0,export-roasts_PR-6326.xls
48,60.2,100.0,export-roasts_PR-6326.xls
49,60.3,100.0,export-roasts_PR-6326.xls
50,60.3,100.0,export-roasts_PR-6326.xls
51,60.4,100.0,export-roasts_PR-6326.xls
52,60.5,100.0,export-roasts_PR-6326.xls
53,60.6,100.0,export-roasts_PR-6326.xls
54,60.8,100.0,export-roasts_PR-6326.xls
55,61.0,100.0,export-roasts_PR-6326.xls
56,61.2,100.0,export-roasts_PR-6326.xls
57,61.4,100.0,export-roasts_PR-6326.xls
58,61.7,100.0,export-roasts_PR-6326.xls
59,61.9,100.0,export-roasts_PR-6326.xls
60,62.2,100.0,export-roasts_PR-6326.xls
61,62.5,100.0,export-roasts_PR-6326.xls
62,62.7,100.0,export-roasts_PR-6326.xls
63,63.0,100.0,export-roasts_PR-6326.xls
64,63.4,100.0,export-roasts_PR-6326.xls
65,63.7,100.0,export-roasts_PR-6326.xls
66,64.0,100.0,export-roasts_PR-6326.xls
67,64.3,100.0,export-roasts_PR-6326.xls
68,64.6,100.0,export-roasts_PR-6326.xls
69,64.9,100.0,export-roasts_PR-6326.xls
70,65.3,100.0,export-roasts_PR-6326.xls
71,65.6,100.0,export-roasts_PR-6326.xls
72,66.0,100.0,export-roasts_PR-6326.xls
73,66.4,100.0,export-roasts_PR-6326.xls
74,66.7,100.0,export-roasts_PR-6326.xls
75,67.1,100.0,export-roasts_PR-6326.xls
76,67.4,100.0,export-roasts_PR-6326.xls
77,67.8,100.0,export-roasts_PR-6326.xls
78,68.2,100.0,export-roasts_PR-6326.xls
79,68.6,100.0,export-roasts_PR-6326.xls
80,68.9,100.0,export-roasts_PR-6326.xls
81,69.3,100.0,export-roasts_PR-6326.xls
82,69.8,100.0,export-roasts_PR-6326.xls
83,70.1,100.0,export-roasts_PR-6326.xls
84,70.5,100.0,export-roasts_PR-6326.xls
85,70.9,100.0,export-roasts_PR-6326.xls
86,71.2,100.0,export-roasts_PR-6326.xls
87,71.6,100.0,export-roasts_PR-6326.xls
88,72.0,100.0,export-roasts_PR-6326.xls
89,72.3,100.0,export-roasts_PR-6326.xls
90,72.7,100.0,export-roasts_PR-6326.xls
91,73.0,100.0,export-roasts_PR-6326.xls
92,73.4,100.0,export-roasts_PR-6326.xls
93,73.8,100.0,export-roasts_PR-6326.xls
94,74.2,100.0,export-roasts_PR-6326.xls
95,74.5,100.0,export-roasts_PR-6326.xls
96,74.9,100.0,export-roasts_PR-6326.xls
97,75.3,100.0,export-roasts_PR-6326.xls
98,75.7,100.0,export-roasts_PR-6326.xls
99,76.0,100.0,export-roasts_PR-6326.xls
100,76.4,100.0,export-roasts_PR-6326.xls
101,76.8,100.0,export-roasts_PR-6326.xls
102,77.1,100.0,export-roasts_PR-6326.xls
103,77.5,100.0,export-roasts_PR-6326.xls
104,77.9,100.0,export-roasts_PR-6326.xls
105,78.2,100.0,export-roasts_PR-6326.xls
106,78.6,100.0,export-roasts_PR-6326.xls
107,78.9,100.0,export-roasts_PR-6326.xls
108,79.3,100.0,export-roasts_PR-6326.xls
109,79.7,100.0,export-roasts_PR-6326.xls
110,80.0,100.0,export-roasts_PR-6326.xls
111,80.3,100.0,export-roasts_PR-6326.xls
112,80.7,100.0,export-roasts_PR-6326.xls
113,81.1,100.0,export-roasts_PR-6326.xls
114,81.4,100.0,export-roasts_PR-6326.xls
115,81.8,100.0,export-roasts_PR-6326.xls
116,82.1,100.0,export-roasts_PR-6326.xls
117,82.4,100.0,export-roasts_PR-6326.xls
118,82.8,100.0,export-roasts_PR-6326.xls
119,83.1,100.0,export-roasts_PR-6326.xls
120,83.5,100.0,export-roasts_PR-6326.xls
121,83.8,100.0,export-roasts_PR-6326.xls
122,84.2,100.0,export-roasts_PR-6326.xls
123,84.6,100.0,export-roasts_PR-6326.xls
124,84.9,100.0,export-roasts_PR-6326.xls
125,85.3,100.0,export-roasts_PR-6326.xls
126,85.7,100.0,export-roasts_PR-6326.xls
127,86.0,100.0,export-roasts_PR-6326.xls
128,86.3,100.0,export-roasts_PR-6326.xls
129,86.7,100.0,export-roasts_PR-6326.xls
130,87.0,100.0,export-roasts_PR-6326.xls
131,87.4,100.0,export-roasts_PR-6326.xls
132,87.7,100.0,export-roasts_PR-6326.xls
133,88.0,100.0,export-roasts_PR-6326.xls
134,88.3,100.0,export-roasts_PR-6326.xls
135,88.6,100.0,export-roasts_PR-6326.xls
136,88.9,100.0,export-roasts_PR-6326.xls
137,89.3,100.0,export-roasts_PR-6326.xls
138,89.6,100.0,export-roasts_PR-6326.xls
139,89.9,100.0,export-roasts_PR-6326.xls
140,90.2,100.0,export-roasts_PR-6326.xls
141,90.6,100.0,export-roasts_PR-6326.xls
142,90.9,100.0,export-roasts_PR-6326.xls
143,91.2,100.0,export-roasts_PR-6326.xls
144,91.5,100.0,export-roasts_PR-6326.xls
145,91.8,100.0,export-roasts_PR-6326.xls
146,92.2,100.0,export-roasts_PR-6326.xls
147,92.4,100.0,export-roasts_PR-6326.xls
148,92.7,100.0,export-roasts_PR-6326.xls
149,93.1,100.0,export-roasts_PR-6326.xls
150,93.4,100.0,export-roasts_PR-6326.xls
151,93.7,100.0,export-roasts_PR-6326.xls
152,94.1,100.0,export-roasts_PR-6326.xls
153,94.3,100.0,export-roasts_PR-6326.xls
154,94.6,100.0,export-roasts_PR-6326.xls
155,94.9,100.0,export-roasts_PR-6326.xls
156,95.3,100.0,export-roasts_PR-6326.xls
157,95.6,100.0,export-roasts_PR-6326.xls
158,95.9,100.0,export-roasts_PR-6326.xls
159,96.2,100.0,export-roasts_PR-6326.xls
160,96.5,100.0,export-roasts_PR-6326.xls
161,96.8,100.0,export-roasts_PR-6326.xls
162,97.1,100.0,export-roasts_PR-6326.xls
163,97.5,100.0,export-roasts_PR-6326.xls
164,97.8,100.0,export-roasts_PR-6326.xls
165,98.1,100.0,export-roasts_PR-6326.xls
166,98.4,100.0,export-roasts_PR-6326.xls
167,98.7,100.0,export-roasts_PR-6326.xls
168,99.0,100.0,export-roasts_PR-6326.xls
169,99.3,100.0,export-roasts_PR-6326.xls
170,99.6,100.0,export-roasts_PR-6326.xls
171,99.8,100.0,export-roasts_PR-6326.xls
172,100.1,100.0,export-roasts_PR-6326.xls
173,100.4,100.0,export-roasts_PR-6326.xls
174,100.7,100.0,export-roasts_PR-6326.xls
175,101.0,100.0,export-roasts_PR-6326.xls
176,101.3,100.0,export-roasts_PR-6326.xls
177,101.6,100.0,export-roasts_PR-6326.xls
178,101.9,100.0,export-roasts_PR-6326.xls
179,102.2,100.0,export-roasts_PR-6326.xls
180,102.5,100.0,export-roasts_PR-6326.xls
181,102.8,100.0,export-roasts_PR-6326.xls
182,103.1,100.0,export-roasts_PR-6326.xls
183,103.4,100.0,export-roasts_PR-6326.xls
184,103.7,100.0,export-roasts_PR-6326.xls
185,104.0,100.0,export-roasts_PR-6326.xls
186,104.2,100.0,export-roasts_PR-6326.xls
187,104.5,100.0,export-roasts_PR-6326.xls
188,104.8,100.0,export-roasts_PR-6326.xls
189,105.1,100.0,export-roasts_PR-6326.xls
190,105.4,100.0,export-roasts_PR-6326.xls
191,105.7,100.0,export-roasts_PR-6326.xls
192,106.0,100.0,export-roasts_PR-6326.xls
193,106.3,100.0,export-roasts_PR-6326.xls
194,106.5,100.0,export-roasts_PR-6326.xls
195,106.7,100.0,export-roasts_PR-6326.xls
196,107.0,100.0,export-roasts_PR-6326.xls
197,107.3,100.0,export-roasts_PR-6326.xls
198,107.6,100.0,export-roasts_PR-6326.xls
199,107.9,100.0,export-roasts_PR-6326.xls
200,108.2,100.0,export-roasts_PR-6326.xls
201,108.4,100.0,export-roasts_PR-6326.xls
202,108.7,100.0,export-roasts_PR-6326.xls
203,108.9,100.0,export-roasts_PR-6326.xls
204,109.3,100.0,export-roasts_PR-6326.xls
205,109.5,100.0,export-roasts_PR-6326.xls
206,109.8,100.0,export-roasts_PR-6326.xls
207,110.1,100.0,export-roasts_PR-6326.xls
208,110.3,100.0,export-roasts_PR-6326.xls
209,110.6,100.0,export-roasts_PR-6326.xls
210,110.8,100.0,export-roasts_PR-6326.xls
211,111.2,100.0,export-roasts_PR-6326.xls
212,111.4,100.0,export-roasts_PR-6326.xls
213,111.6,100.0,export-roasts_PR-6326.xls
214,111.9,100.0,export-roasts_PR-6326.xls
215,112.2,100.0,export-roasts_PR-6326.xls
216,112.4,100.0,export-roasts_PR-6326.xls
217,112.7,100.0,export-roasts_PR-6326.xls
218,112.9,100.0,export-roasts_PR-6326.xls
219,113.2,100.0,export-roasts_PR-6326.xls
220,113.5,100.0,export-roasts_PR-6326.xls
221,113.8,100.0,export-roasts_PR-6326.xls
222,114.0,100.0,export-roasts_PR-6326.xls
223,114.3,100.0,export-roasts_PR-6326.xls
224,114.6,100.0,export-roasts_PR-6326.xls
225,114.8,100.0,export-roasts_PR-6326.xls
226,115.1,100.0,export-roasts_PR-6326.xls
227,115.4,100.0,export-roasts_PR-6326.xls
228,115.6,100.0,export-roasts_PR-6326.xls
229,115.9,100.0,export-roasts_PR-6326.xls
230,116.1,100.0,export-roasts_PR-6326.xls
231,116.4,100.0,export-roasts_PR-6326.xls
232,116.6,100.0,export-roasts_PR-6326.xls
233,116.9,100.0,export-roasts_PR-6326.xls
234,117.2,100.0,export-roasts_PR-6326.xls
235,117.4,100.0,export-roasts_PR-6326.xls
236,117.7,100.0,export-roasts_PR-6326.xls
237,117.9,100.0,export-roasts_PR-6326.xls
238,118.2,100.0,export-roasts_PR-6326.xls
239,118.5,100.0,export-roasts_PR-6326.xls
240,118.8,100.0,export-roasts_PR-6326.xls
241,119.1,100.0,export-roasts_PR-6326.xls
242,119.3,100.0,export-roasts_PR-6326.xls
243,119.5,100.0,export-roasts_PR-6326.xls
244,119.8,100.0,export-roasts_PR-6326.xls
245,120.0,100.0,export-roasts_PR-6326.xls
246,120.3,100.0,export-roasts_PR-6326.xls
247,120.5,100.0,export-roasts_PR-6326.xls
248,120.8,100.0,export-roasts_PR-6326.xls
249,121.1,100.0,export-roasts_PR-6326.xls
250,121.4,100.0,export-roasts_PR-6326.xls
251,121.7,100.0,export-roasts_PR-6326.xls
252,121.9,100.0,export-roasts_PR-6326.xls
253,122.2,100.0,export-roasts_PR-6326.xls
254,122.5,100.0,export-roasts_PR-6326.xls
255,122.7,100.0,export-roasts_PR-6326.xls
256,123.1,100.0,export-roasts_PR-6326.xls
257,123.3,100.0,export-roasts_PR-6326.xls
258,123.6,100.0,export-roasts_PR-6326.xls
259,123.8,100.0,export-roasts_PR-6326.xls
260,124.1,100.0,export-roasts_PR-6326.xls
261,124.3,100.0,export-roasts_PR-6326.xls
262,124.6,100.0,export-roasts_PR-6326.xls
263,124.9,100.0,export-roasts_PR-6326.xls
264,125.2,100.0,export-roasts_PR-6326.xls
265,125.4,100.0,export-roasts_PR-6326.xls
266,125.6,100.0,export-roasts_PR-6326.xls
267,125.9,100.0,export-roasts_PR-6326.xls
268,126.1,100.0,export-roasts_PR-6326.xls
269,126.3,100.0,export-roasts_PR-6326.xls
270,126.5,100.0,export-roasts_PR-6326.xls
271,126.8,100.0,export-roasts_PR-6326.xls
272,127.0,100.0,export-roasts_PR-6326.xls
273,127.3,100.0,export-roasts_PR-6326.xls
274,127.5,100.0,export-roasts_PR-6326.xls
275,127.8,100.0,export-roasts_PR-6326.xls
276,128.0,100.0,export-roasts_PR-6326.xls
277,128.3,100.0,export-roasts_PR-6326.xls
278,128.5,100.0,export-roasts_PR-6326.xls
279,128.8,100.0,export-roasts_PR-6326.xls
280,129.0,100.0,export-roasts_PR-6326.xls
281,129.3,100.0,export-roasts_PR-6326.xls
282,129.5,100.0,export-roasts_PR-6326.xls
283,129.8,100.0,export-roasts_PR-6326.xls
284,130.0,100.0,export-roasts_PR-6326.xls
285,130.2,100.0,export-roasts_PR-6326.xls
286,130.5,100.0,export-roasts_PR-6326.xls
287,130.7,100.0,export-roasts_PR-6326.xls
288,130.9,100.0,export-roasts_PR-6326.xls
289,131.2,100.0,export-roasts_PR-6326.xls
290,131.5,100.0,export-roasts_PR-6326.xls
291,131.7,100.0,export-roasts_PR-6326.xls
292,132.0,100.0,export-roasts_PR-6326.xls
293,132.3,100.0,export-roasts_PR-6326.xls
294,132.6,100.0,export-roasts_PR-6326.xls
295,132.8,100.0,export-roasts_PR-6326.xls
296,133.0,100.0,export-roasts_PR-6326.xls
297,133.3,100.0,export-roasts_PR-6326.xls
298,133.5,100.0,export-roasts_PR-6326.xls
299,133.8,100.0,export-roasts_PR-6326.xls
300,134.0,100.0,export-roasts_PR-6326.xls
301,134.2,100.0,export-roasts_PR-6326.xls
302,134.5,100.0,export-roasts_PR-6326.xls
303,134.7,100.0,export-roasts_PR-6326.xls
304,135.0,100.0,export-roasts_PR-6326.xls
305,135.2,100.0,export-roasts_PR-6326.xls
306,135.4,100.0,export-roasts_PR-6326.xls
307,135.7,100.0,export-roasts_PR-6326.xls
308,135.9,100.0,export-roasts_PR-6326.xls
309,136.2,100.0,export-roasts_PR-6326.xls
310,136.4,100.0,export-roasts_PR-6326.xls
311,136.6,100.0,export-roasts_PR-6326.xls
312,136.9,100.0,export-roasts_PR-6326.xls
313,137.1,100.0,export-roasts_PR-6326.xls
314,137.4,100.0,export-roasts_PR-6326.xls
315,137.6,100.0,export-roasts_PR-6326.xls
316,137.9,100.0,export-roasts_PR-6326.xls
317,138.1,100.0,export-roasts_PR-6326.xls
318,138.3,100.0,export-roasts_PR-6326.xls
319,138.6,100.0,export-roasts_PR-6326.xls
320,138.8,100.0,export-roasts_PR-6326.xls
321,139.1,100.0,export-roasts_PR-6326.xls
322,139.3,100.0,export-roasts_PR-6326.xls
323,139.5,100.0,export-roasts_PR-6326.xls
324,139.7,100.0,export-roasts_PR-6326.xls
325,140.0,100.0,export-roasts_PR-6326.xls
326,140.2,100.0,export-roasts_PR-6326.xls
327,140.4,100.0,export-roasts_PR-6326.xls
328,140.7,100.0,export-roasts_PR-6326.xls
329,140.9,100.0,export-roasts_PR-6326.xls
330,141.2,100.0,export-roasts_PR-6326.xls
331,141.4,100.0,export-roasts_PR-6326.xls
332,141.6,100.0,export-roasts_PR-6326.xls
333,141.9,100.0,export-roasts_PR-6326.xls
334,142.1,100.0,export-roasts_PR-6326.xls
335,142.2,100.0,export-roasts_PR-6326.xls
336,142.5,100.0,export-roasts_PR-6326.xls
337,142.7,100.0,export-roasts_PR-6326.xls
338,143.0,100.0,export-roasts_PR-6326.xls
339,143.2,100.0,export-roasts_PR-6326.xls
340,143.4,100.0,export-roasts_PR-6326.xls
341,143.6,100.0,export-roasts_PR-6326.xls
342,143.8,100.0,export-roasts_PR-6326.xls
343,144.1,100.0,export-roasts_PR-6326.xls
344,144.3,100.0,export-roasts_PR-6326.xls
345,144.5,100.0,export-roasts_PR-6326.xls
346,144.7,100.0,export-roasts_PR-6326.xls
347,145.0,100.0,export-roasts_PR-6326.xls
348,145.2,100.0,export-roasts_PR-6326.xls
349,145.4,100.0,export-roasts_PR-6326.xls
350,145.7,100.0,export-roasts_PR-6326.xls
351,145.9,100.0,export-roasts_PR-6326.xls
352,146.2,100.0,export-roasts_PR-6326.xls
353,146.4,100.0,export-roasts_PR-6326.xls
354,146.6,100.0,export-roasts_PR-6326.xls
355,146.8,100.0,export-roasts_PR-6326.xls
356,147.1,100.0,export-roasts_PR-6326.xls
357,147.3,100.0,export-roasts_PR-6326.xls
358,147.5,100.0,export-roasts_PR-6326.xls
359,147.7,100.0,export-roasts_PR-6326.xls
360,147.9,100.0,export-roasts_PR-6326.xls
361,148.1,100.0,export-roasts_PR-6326.xls
362,148.3,100.0,export-roasts_PR-6326.xls
363,148.6,100.0,export-roasts_PR-6326.xls
364,148.8,100.0,export-roasts_PR-6326.xls
365,149.0,100.0,export-roasts_PR-6326.xls
366,149.2,100.0,export-roasts_PR-6326.xls
367,149.4,100.0,export-roasts_PR-6326.xls
368,149.7,100.0,export-roasts_PR-6326.xls
369,149.9,100.0,export-roasts_PR-6326.xls
370,150.1,100.0,export-roasts_PR-6326.xls
371,150.3,100.0,export-roasts_PR-6326.xls
372,150.5,100.0,export-roasts_PR-6326.xls
373,150.7,100.0,export-roasts_PR-6326.xls
374,150.9,100.0,export-roasts_PR-6326.xls
375,151.1,100.0,export-roasts_PR-6326.xls
376,151.3,100.0,export-roasts_PR-6326.xls
377,151.5,100.0,export-roasts_PR-6326.xls
378,151.7,100.0,export-roasts_PR-6326.xls
379,151.9,100.0,export-roasts_PR-6326.xls
380,152.1,100.0,export-roasts_PR-6326.xls
381,152.3,100.0,export-roasts_PR-6326.xls
382,152.6,100.0,export-roasts_PR-6326.xls
383,152.8,100.0,export-roasts_PR-6326.xls
384,153.0,100.0,export-roasts_PR-6326.xls
385,153.2,100.0,export-roasts_PR-6326.xls
386,153.5,100.0,export-roasts_PR-6326.xls
387,153.6,100.0,export-roasts_PR-6326.xls
388,153.9,100.0,export-roasts_PR-6326.xls
389,154.1,100.0,export-roasts_PR-6326.xls
390,154.3,100.0,export-roasts_PR-6326.xls
391,154.5,100.0,export-roasts_PR-6326.xls
392,154.7,100.0,export-roasts_PR-6326.xls
393,154.9,100.0,export-roasts_PR-6326.xls
394,155.1,100.0,export-roasts_PR-6326.xls
395,155.3,100.0,export-roasts_PR-6326.xls
396,155.5,100.0,export-roasts_PR-6326.xls
397,155.7,100.0,export-roasts_PR-6326.xls
398,156.0,100.0,export-roasts_PR-6326.xls
399,156.1,100.0,export-roasts_PR-6326.xls
400,156.4,100.0,export-roasts_PR-6326.xls
401,156.6,100.0,export-roasts_PR-6326.xls
402,156.8,100.0,export-roasts_PR-6326.xls
403,157.0,100.0,export-roasts_PR-6326.xls
404,157.2,100.0,export-roasts_PR-6326.xls
405,157.4,100.0,export-roasts_PR-6326.xls
406,157.6,100.0,export-roasts_PR-6326.xls
407,157.8,100.0,export-roasts_PR-6326.xls
408,158.0,100.0,export-roasts_PR-6326.xls
409,158.2,100.0,export-roasts_PR-6326.xls
410,158.4,100.0,export-roasts_PR-6326.xls
411,158.6,100.0,export-roasts_PR-6326.xls
412,158.9,100.0,export-roasts_PR-6326.xls
413,159.1,100.0,export-roasts_PR-6326.xls
414,159.3,100.0,export-roasts_PR-6326.xls
415,159.5,100.0,export-roasts_PR-6326.xls
416,159.8,100.0,export-roasts_PR-6326.xls
417,160.0,100.0,export-roasts_PR-6326.xls
418,160.2,100.0,export-roasts_PR-6326.xls
419,160.4,100.0,export-roasts_PR-6326.xls
420,160.6,100.0,export-roasts_PR-6326.xls
421,160.9,100.0,export-roasts_PR-6326.xls
422,161.1,100.0,export-roasts_PR-6326.xls
423,161.3,100.0,export-roasts_PR-6326.xls
424,161.5,100.0,export-roasts_PR-6326.xls
425,161.7,100.0,export-roasts_PR-6326.xls
426,161.9,100.0,export-roasts_PR-6326.xls
427,162.1,100.0,export-roasts_PR-6326.xls
428,162.3,100.0,export-roasts_PR-6326.xls
429,162.5,100.0,export-roasts_PR-6326.xls
430,162.7,100.0,export-roasts_PR-6326.xls
431,163.0,100.0,export-roasts_PR-6326.xls
432,163.2,100.0,export-roasts_PR-6326.xls
433,163.4,100.0,export-roasts_PR-6326.xls
434,163.6,100.0,export-roasts_PR-6326.xls
435,163.8,100.0,export-roasts_PR-6326.xls
436,164.1,100.0,export-roasts_PR-6326.xls
437,164.3,100.0,export-roasts_PR-6326.xls
438,164.5,100.0,export-roasts_PR-6326.xls
439,164.7,100.0,export-roasts_PR-6326.xls
440,165.0,100.0,export-roasts_PR-6326.xls
441,165.2,100.0,export-roasts_PR-6326.xls
442,165.4,100.0,export-roasts_PR-6326.xls
443,165.6,100.0,export-roasts_PR-6326.xls
444,165.8,100.0,export-roasts_PR-6326.xls
445,166.0,100.0,export-roasts_PR-6326.xls
446,166.1,100.0,export-roasts_PR-6326.xls
447,166.4,100.0,export-roasts_PR-6326.xls
448,166.6,100.0,export-roasts_PR-6326.xls
449,166.8,100.0,export-roasts_PR-6326.xls
450,167.0,100.0,export-roasts_PR-6326.xls
451,167.2,100.0,export-roasts_PR-6326.xls
452,167.4,100.0,export-roasts_PR-6326.xls
453,167.6,100.0,export-roasts_PR-6326.xls
454,167.9,100.0,export-roasts_PR-6326.xls
455,168.1,100.0,export-roasts_PR-6326.xls
456,168.3,100.0,export-roasts_PR-6326.xls
457,168.5,100.0,export-roasts_PR-6326.xls
458,168.8,100.0,export-roasts_PR-6326.xls
459,169.0,100.0,export-roasts_PR-6326.xls
460,169.3,100.0,export-roasts_PR-6326.xls
461,169.5,100.0,export-roasts_PR-6326.xls
462,169.6,100.0,export-roasts_PR-6326.xls
463,169.9,100.0,export-roasts_PR-6326.xls
464,170.1,100.0,export-roasts_PR-6326.xls
465,170.3,100.0,export-roasts_PR-6326.xls
466,170.5,100.0,export-roasts_PR-6326.xls
467,170.7,100.0,export-roasts_PR-6326.xls
468,170.9,100.0,export-roasts_PR-6326.xls
469,171.2,100.0,export-roasts_PR-6326.xls
470,171.4,100.0,export-roasts_PR-6326.xls
471,171.6,100.0,export-roasts_PR-6326.xls
472,171.8,100.0,export-roasts_PR-6326.xls
473,172.0,100.0,export-roasts_PR-6326.xls
474,172.2,100.0,export-roasts_PR-6326.xls
475,172.5,100.0,export-roasts_PR-6326.xls
476,172.7,100.0,export-roasts_PR-6326.xls
477,172.9,100.0,export-roasts_PR-6326.xls
478,173.1,100.0,export-roasts_PR-6326.xls
479,173.3,100.0,export-roasts_PR-6326.xls
480,173.6,100.0,export-roasts_PR-6326.xls
481,173.7,100.0,export-roasts_PR-6326.xls
482,173.9,100.0,export-roasts_PR-6326.xls
483,174.2,100.0,export-roasts_PR-6326.xls
484,174.4,100.0,export-roasts_PR-6326.xls
485,174.6,100.0,export-roasts_PR-6326.xls
486,174.8,100.0,export-roasts_PR-6326.xls
487,175.0,100.0,export-roasts_PR-6326.xls
488,175.2,100.0,export-roasts_PR-6326.xls
489,175.4,100.0,export-roasts_PR-6326.xls
490,175.6,100.0,export-roasts_PR-6326.xls
491,175.9,100.0,export-roasts_PR-6326.xls
492,176.1,90.0,export-roasts_PR-6326.xls
493,176.3,90.0,export-roasts_PR-6326.xls
494,176.5,90.0,export-roasts_PR-6326.xls
495,176.8,90.0,export-roasts_PR-6326.xls
496,177.0,90.0,export-roasts_PR-6326.xls
497,177.3,90.0,export-roasts_PR-6326.xls
498,177.4,90.0,export-roasts_PR-6326.xls
499,177.7,90.0,export-roasts_PR-6326.xls
500,177.9,90.0,export-roasts_PR-6326.xls
501,178.1,90.0,export-roasts_PR-6326.xls
502,178.3,90.0,export-roasts_PR-6326.xls
503,178.6,90.0,export-roasts_PR-6326.xls
504,178.8,90.0,export-roasts_PR-6326.xls
505,179.0,90.0,export-roasts_PR-6326.xls
506,179.3,90.0,export-roasts_PR-6326.xls
507,179.5,90.0,export-roasts_PR-6326.xls
508,179.7,90.0,export-roasts_PR-6326.xls
509,179.9,90.0,export-roasts_PR-6326.xls
510,180.1,90.0,export-roasts_PR-6326.xls
511,180.3,90.0,export-roasts_PR-6326.xls
512,180.5,90.0,export-roasts_PR-6326.xls
513,180.8,90.0,export-roasts_PR-6326.xls
514,181.0,90.0,export-roasts_PR-6326.xls
515,181.2,90.0,export-roasts_PR-6326.xls
516,181.4,90.0,export-roasts_PR-6326.xls
517,181.7,90.0,export-roasts_PR-6326.xls
518,181.8,90.0,export-roasts_PR-6326.xls
519,182.0,90.0,export-roasts_PR-6326.xls
520,182.3,90.0,export-roasts_PR-6326.xls
521,182.5,90.0,export-roasts_PR-6326.xls
522,182.7,90.0,export-roasts_PR-6326.xls
523,182.9,90.0,export-roasts_PR-6326.xls
524,183.1,90.0,export-roasts_PR-6326.xls
525,183.4,90.0,export-roasts_PR-6326.xls
526,183.5,90.0,export-roasts_PR-6326.xls
527,183.7,90.0,export-roasts_PR-6326.xls
528,184.0,90.0,export-roasts_PR-6326.xls
529,184.2,90.0,export-roasts_PR-6326.xls
530,184.4,90.0,export-roasts_PR-6326.xls
531,184.6,90.0,export-roasts_PR-6326.xls
532,184.9,90.0,export-roasts_PR-6326.xls
533,185.1,90.0,export-roasts_PR-6326.xls
534,185.3,90.0,export-roasts_PR-6326.xls
535,185.5,90.0,export-roasts_PR-6326.xls
536,185.7,90.0,export-roasts_PR-6326.xls
537,185.9,90.0,export-roasts_PR-6326.xls
538,186.1,90.0,export-roasts_PR-6326.xls
539,186.3,90.0,export-roasts_PR-6326.xls
540,186.5,90.0,export-roasts_PR-6326.xls
541,186.8,90.0,export-roasts_PR-6326.xls
542,187.0,90.0,export-roasts_PR-6326.xls
543,187.2,90.0,export-roasts_PR-6326.xls
544,187.4,90.0,export-roasts_PR-6326.xls
545,187.7,90.0,export-roasts_PR-6326.xls
546,187.9,90.0,export-roasts_PR-6326.xls
547,188.0,90.0,export-roasts_PR-6326.xls
548,188.3,90.0,export-roasts_PR-6326.xls
549,188.5,90.0,export-roasts_PR-6326.xls
550,188.7,90.0,export-roasts_PR-6326.xls
551,188.9,90.0,export-roasts_PR-6326.xls
552,189.1,90.0,export-roasts_PR-6326.xls
553,189.3,90.0,export-roasts_PR-6326.xls
554,189.6,90.0,export-roasts_PR-6326.xls
555,189.8,90.0,export-roasts_PR-6326.xls
556,189.9,90.0,export-roasts_PR-6326.xls
557,190.2,90.0,export-roasts_PR-6326.xls
558,190.4,90.0,export-roasts_PR-6326.xls
559,190.7,90.0,export-roasts_PR-6326.xls
560,190.9,90.0,export-roasts_PR-6326.xls
561,191.1,90.0,export-roasts_PR-6326.xls
562,191.4,90.0,export-roasts_PR-6326.xls
563,191.6,0.0,export-roasts_PR-6326.xls
564,191.8,0.0,export-roasts_PR-6326.xls
565,192.0,0.0,export-roasts_PR-6326.xls
566,192.2,0.0,export-roasts_PR-6326.xls
567,192.4,0.0,export-roasts_PR-6326.xls
568,192.7,0.0,export-roasts_PR-6326.xls
569,192.9,0.0,export-roasts_PR-6326.xls
570,193.0,0.0,export-roasts_PR-6326.xls
571,193.3,0.0,export-roasts_PR-6326.xls
572,193.5,0.0,export-roasts_PR-6326.xls
573,193.6,0.0,export-roasts_PR-6326.xls
574,193.9,0.0,export-roasts_PR-6326.xls
575,194.1,0.0,export-roasts_PR-6326.xls
576,194.3,0.0,export-roasts_PR-6326.xls
577,194.5,0.0,export-roasts_PR-6326.xls
578,194.7,0.0,export-roasts_PR-6326.xls
579,194.8,0.0,export-roasts_PR-6326.xls
580,195.0,0.0,export-roasts_PR-6326.xls
581,195.2,0.0,export-roasts_PR-6326.xls
582,195.3,0.0,export-roasts_PR-6326.xls
583,195.5,0.0,export-roasts_PR-6326.xls
584,195.7,0.0,export-roasts_PR-6326.xls
585,195.8,0.0,export-roasts_PR-6326.xls
586,195.9,0.0,export-roasts_PR-6326.xls
587,196.1,0.0,export-roasts_PR-6326.xls
588,196.3,0.0,export-roasts_PR-6326.xls
589,196.4,0.0,export-roasts_PR-6326.xls
590,196.5,0.0,export-roasts_PR-6326.xls
591,196.7,0.0,export-roasts_PR-6326.xls
592,196.8,0.0,export-roasts_PR-6326.xls
593,196.9,0.0,export-roasts_PR-6326.xls
594,197.0,0.0,export-roasts_PR-6326.xls
595,197.2,0.0,export-roasts_PR-6326.xls
596,197.3,0.0,export-roasts_PR-6326.xls
597,197.4,0.0,export-roasts_PR-6326.xls
598,197.5,0.0,export-roasts_PR-6326.xls
599,197.6,0.0,export-roasts_PR-6326.xls
600,197.7,0.0,export-roasts_PR-6326.xls
601,197.9,0.0,export-roasts_PR-6326.xls
602,198.0,0.0,export-roasts_PR-6326.xls
603,198.1,0.0,export-roasts_PR-6326.xls
604,198.2,0.0,export-roasts_PR-6326.xls
605,198.4,0.0,export-roasts_PR-6326.xls
606,198.4,0.0,export-roasts_PR-6326.xls
607,198.5,0.0,export-roasts_PR-6326.xls
608,198.7,0.0,export-roasts_PR-6326.xls
609,198.8,0.0,export-roasts_PR-6326.xls
610,198.9,0.0,export-roasts_PR-6326.xls
611,199.0,0.0,export-roasts_PR-6326.xls
612,199.1,0.0,export-roasts_PR-6326.xls
613,199.2,0.0,export-roasts_PR-6326.xls
614,199.3,0.0,export-roasts_PR-6326.xls
615,199.5,0.0,export-roasts_PR-6326.xls
616,199.6,0.0,export-roasts_PR-6326.xls
617,199.7,0.0,export-roasts_PR-6326.xls
618,199.8,0.0,export-roasts_PR-6326.xls
619,199.9,0.0,export-roasts_PR-6326.xls
620,200.0,0.0,export-roasts_PR-6326.xls
621,200.0,0.0,export-roasts_PR-6326.xls
622,200.2,0.0,export-roasts_PR-6326.xls
623,200.2,0.0,export-roasts_PR-6326.xls
624,200.3,0.0,export-roasts_PR-6326.xls
625,200.5,0.0,export-roasts_PR-6326.xls
626,200.6,0.0,export-roasts_PR-6326.xls
627,200.7,0.0,export-roasts_PR-6326.xls
628,200.8,0.0,export-roasts_PR-6326.xls
629,200.9,0.0,export-roasts_PR-6326.xls
630,201.0,0.0,export-roasts_PR-6326.xls
631,201.1,0.0,export-roasts_PR-6326.xls
632,201.2,0.0,export-roasts_PR-6326.xls
633,201.3,0.0,export-roasts_PR-6326.xls
634,201.3,0.0,export-roasts_PR-6326.xls
635,201.4,0.0,export-roasts_PR-6326.xls
636,201.5,0.0,export-roasts_PR-6326.xls
637,201.6,0.0,export-roasts_PR-6326.xls
638,201.7,0.0,export-roasts_PR-6326.xls
639,201.8,0.0,export-roasts_PR-6326.xls
640,201.8,0.0,export-roasts_PR-6326.xls
641,201.9,0.0,export-roasts_PR-6326.xls
642,202.0,0.0,export-roasts_PR-6326.xls
643,202.0,0.0,export-roasts_PR-6326.xls
644,202.1,5.0,export-roasts_PR-6326.xls
645,202.2,5.0,export-roasts_PR-6326.xls
646,202.3,5.0,export-roasts_PR-6326.xls
647,202.4,5.0,export-roasts_PR-6326.xls
648,202.4,5.0,export-roasts_PR-6326.xls
649,202.5,5.0,export-roasts_PR-6326.xls
650,202.6,5.0,export-roasts_PR-6326.xls
651,202.6,5.0,export-roasts_PR-6326.xls
652,202.7,5.0,export-roasts_PR-6326.xls
653,202.8,5.0,export-roasts_PR-6326.xls
654,202.8,5.0,export-roasts_PR-6326.xls
655,202.9,5.0,export-roasts_PR-6326.xls
656,203.0,5.0,export-roasts_PR-6326.xls
657,203.0,5.0,export-roasts_PR-6326.xls
658,203.1,5.0,export-roasts_PR-6326.xls
659,203.2,5.0,export-roasts_PR-6326.xls
660,203.2,5.0,export-roasts_PR-6326.xls
661,203.3,5.0,export-roasts_PR-6326.xls
662,203.4,5.0,export-roasts_PR-6326.xls
663,203.5,5.0,export-roasts_PR-6326.xls
664,203.6,5.0,export-roasts_PR-6326.xls
665,203.7,5.0,export-roasts_PR-6326.xls
666,203.8,5.0,export-roasts_PR-6326.xls
667,203.9,5.0,export-roasts_PR-6326.xls
668,204.0,5.0,export-roasts_PR-6326.xls
669,204.1,5.0,export-roasts_PR-6326.xls
670,204.2,5.0,export-roasts_PR-6326.xls
671,204.3,5.0,export-roasts_PR-6326.xls
672,204.4,5.0,export-roasts_PR-6326.xls
673,204.5,5.0,export-roasts_PR-6326.xls
674,204.5,5.0,export-roasts_PR-6326.xls
675,204.7,5.0,export-roasts_PR-6326.xls
676,204.7,5.0,export-roasts_PR-6326.xls
677,204.9,5.0,export-roasts_PR-6326.xls
678,204.9,5.0,export-roasts_PR-6326.xls
679,205.0,5.0,export-roasts_PR-6326.xls
680,205.1,5.0,export-roasts_PR-6326.xls
681,205.3,5.0,export-roasts_PR-6326.xls
682,205.4,5.0,export-roasts_PR-6326.xls
683,205.5,5.0,export-roasts_PR-6326.xls
684,205.6,5.0,export-roasts_PR-6326.xls
685,205.8,5.0,export-roasts_PR-6326.xls
686,205.9,5.0,export-roasts_PR-6326.xls
687,206.0,5.0,export-roasts_PR-6326.xls
688,206.0,5.0,export-roasts_PR-6326.xls
689,206.1,5.0,export-roasts_PR-6326.xls
690,206.2,5.0,export-roasts_PR-6326.xls
691,206.3,5.0,export-roasts_PR-6326.xls
692,206.4,5.0,export-roasts_PR-6326.xls
693,206.5,5.0,export-roasts_PR-6326.xls
694,206.6,5.0,export-roasts_PR-6326.xls
695,206.7,5.0,export-roasts_PR-6326.xls
696,206.8,5.0,export-roasts_PR-6326.xls
697,206.9,5.0,export-roasts_PR-6326.xls
698,207.0,5.0,export-roasts_PR-6326.xls
699,207.0,5.0,export-roasts_PR-6326.xls
700,207.2,5.0,export-roasts_PR-6326.xls
701,207.3,10.0,export-roasts_PR-6326.xls
702,207.3,10.0,export-roasts_PR-6326.xls
703,207.4,10.0,export-roasts_PR-6326.xls
704,207.5,10.0,export-roasts_PR-6326.xls
705,207.6,10.0,export-roasts_PR-6326.xls
706,207.7,10.0,export-roasts_PR-6326.xls
707,207.8,10.0,export-roasts_PR-6326.xls
708,207.9,10.0,export-roasts_PR-6326.xls
709,208.0,10.0,export-roasts_PR-6326.xls
710,208.1,10.0,export-roasts_PR-6326.xls
711,208.2,10.0,export-roasts_PR-6326.xls
712,208.3,10.0,export-roasts_PR-6326.xls
713,208.4,10.0,export-roasts_PR-6326.xls
714,208.6,10.0,export-roasts_PR-6326.xls
715,208.7,10.0,export-roasts_PR-6326.xls
716,208.8,10.0,export-roasts_PR-6326.xls
717,208.9,10.0,export-roasts_PR-6326.xls
718,208.9,10.0,export-roasts_PR-6326.xls
719,209.1,10.0,export-roasts_PR-6326.xls
720,209.1,10.0,export-roasts_PR-6326.xls
721,209.3,10.0,export-roasts_PR-6326.xls
722,209.3,10.0,export-roasts_PR-6326.xls
723,209.4,10.0,export-roasts_PR-6326.xls
724,209.5,10.0,export-roasts_PR-6326.xls
725,209.6,10.0,export-roasts_PR-6326.xls
726,209.7,10.0,export-roasts_PR-6326.xls
727,209.8,10.0,export-roasts_PR-6326.xls
728,209.9,10.0,export-roasts_PR-6326.xls
729,210.0,10.0,export-roasts_PR-6326.xls
730,210.1,10.0,export-roasts_PR-6326.xls
731,210.2,10.0,export-roasts_PR-6326.xls
732,210.3,10.0,export-roasts_PR-6326.xls
733,210.4,10.0,export-roasts_PR-6326.xls
734,210.6,10.0,export-roasts_PR-6326.xls
735,210.7,10.0,export-roasts_PR-6326.xls
736,210.7,10.0,export-roasts_PR-6326.xls
737,210.8,10.0,export-roasts_PR-6326.xls
738,210.9,10.0,export-roasts_PR-6326.xls
739,211.1,10.0,export-roasts_PR-6326.xls
740,211.1,10.0,export-roasts_PR-6326.xls
741,211.2,10.0,export-roasts_PR-6326.xls
742,211.3,10.0,export-roasts_PR-6326.xls
743,211.4,10.0,export-roasts_PR-6326.xls
744,211.5,10.0,export-roasts_PR-6326.xls
745,211.6,10.0,export-roasts_PR-6326.xls
746,211.7,10.0,export-roasts_PR-6326.xls
747,211.8,10.0,export-roasts_PR-6326.xls
748,211.9,10.0,export-roasts_PR-6326.xls
749,212.0,10.0,export-roasts_PR-6326.xls
750,212.2,10.0,export-roasts_PR-6326.xls
751,212.2,10.0,export-roasts_PR-6326.xls
752,212.3,10.0,export-roasts_PR-6326.xls
753,212.5,10.0,export-roasts_PR-6326.xls
754,212.6,10.0,export-roasts_PR-6326.xls
755,212.6,10.0,export-roasts_PR-6326.xls
756,212.8,10.0,export-roasts_PR-6326.xls
757,212.9,10.0,export-roasts_PR-6326.xls
758,213.0,10.0,export-roasts_PR-6326.xls
759,213.1,10.0,export-roasts_PR-6326.xls
760,213.2,10.0,export-roasts_PR-6326.xls
761,213.3,10.0,export-roasts_PR-6326.xls
762,213.5,10.0,export-roasts_PR-6326.xls
763,213.6,10.0,export-roasts_PR-6326.xls
764,213.7,10.0,export-roasts_PR-6326.xls
765,213.8,10.0,export-roasts_PR-6326.xls
766,213.9,10.0,export-roasts_PR-6326.xls
767,214.0,10.0,export-roasts_PR-6326.xls
768,214.1,10.0,export-roasts_PR-6326.xls
769,214.3,10.0,export-roasts_PR-6326.xls
770,214.4,10.0,export-roasts_PR-6326.xls
771,214.6,10.0,export-roasts_PR-6326.xls
772,214.7,10.0,export-roasts_PR-6326.xls
773,214.8,10.0,export-roasts_PR-6326.xls
774,214.9,10.0,export-roasts_PR-6326.xls
775,215.0,10.0,export-roasts_PR-6326.xls
776,215.1,10.0,export-roasts_PR-6326.xls
777,215.3,10.0,export-roasts_PR-6326.xls
778,215.4,10.0,export-roasts_PR-6326.xls
779,215.5,10.0,export-roasts_PR-6326.xls
780,215.6,10.0,export-roasts_PR-6326.xls
781,215.7,10.0,export-roasts_PR-6326.xls
782,215.9,10.0,export-roasts_PR-6326.xls
783,216.0,10.0,export-roasts_PR-6326.xls
784,216.0,10.0,export-roasts_PR-6326.xls
785,216.2,10.0,export-roasts_PR-6326.xls
786,216.3,10.0,export-roasts_PR-6326.xls
787,216.5,10.0,export-roasts_PR-6326.xls
788,216.6,0.0,export-roasts_PR-6326.xls
789,216.7,0.0,export-roasts_PR-6326.xls
790,216.9,0.0,export-roasts_PR-6326.xls
791,217.0,0.0,export-roasts_PR-6326.xls
792,217.1,0.0,export-roasts_PR-6326.xls
793,217.2,0.0,export-roasts_PR-6326.xls
794,217.3,0.0,export-roasts_PR-6326.xls
795,217.4,0.0,export-roasts_PR-6326.xls
796,217.5,0.0,export-roasts_PR-6326.xls
0,218.4,0.0,export-roasts_PR-7391.xls
1,217.3,0.0,export-roasts_PR-7391.xls
2,213.0,0.0,export-roasts_PR-7391.xls
3,206.5,0.0,export-roasts_PR-7391.xls
4,198.4,0.0,export-roasts_PR-7391.xls
5,189.1,0.0,export-roasts_PR-7391.xls
6,179.4,0.0,export-roasts_PR-7391.xls
7,169.8,0.0,export-roasts_PR-7391.xls
8,160.5,0.0,export-roasts_PR-7391.xls
9,151.9,0.0,export-roasts_PR-7391.xls
10,143.6,0.0,export-roasts_PR-7391.xls
11,135.8,0.0,export-roasts_PR-7391.xls
12,128.8,0.0,export-roasts_PR-7391.xls
13,122.4,0.0,export-roasts_PR-7391.xls
14,116.3,0.0,export-roasts_PR-7391.xls
15,110.8,0.0,export-roasts_PR-7391.xls
16,105.7,0.0,export-roasts_PR-7391.xls
17,100.9,0.0,export-roasts_PR-7391.xls
18,96.7,0.0,export-roasts_PR-7391.xls
19,92.9,0.0,export-roasts_PR-7391.xls
20,89.4,0.0,export-roasts_PR-7391.xls
21,86.2,0.0,export-roasts_PR-7391.xls
22,83.2,0.0,export-roasts_PR-7391.xls
23,80.5,100.0,export-roasts_PR-7391.xls
24,78.0,100.0,export-roasts_PR-7391.xls
25,75.8,100.0,export-roasts_PR-7391.xls
26,73.8,100.0,export-roasts_PR-7391.xls
27,72.0,100.0,export-roasts_PR-7391.xls
28,70.3,100.0,export-roasts_PR-7391.xls
29,68.9,100.0,export-roasts_PR-7391.xls
30,67.5,100.0,export-roasts_PR-7391.xls
31,66.3,100.0,export-roasts_PR-7391.xls
32,65.2,100.0,export-roasts_PR-7391.xls
33,64.2,100.0,export-roasts_PR-7391.xls
34,63.4,100.0,export-roasts_PR-7391.xls
35,62.6,100.0,export-roasts_PR-7391.xls
36,61.9,100.0,export-roasts_PR-7391.xls
37,61.4,100.0,export-roasts_PR-7391.xls
38,60.9,100.0,export-roasts_PR-7391.xls
39,60.5,100.0,export-roasts_PR-7391.xls
40,60.1,100.0,export-roasts_PR-7391.xls
41,59.8,100.0,export-roasts_PR-7391.xls
42,59.5,100.0,export-roasts_PR-7391.xls
43,59.4,100.0,export-roasts_PR-7391.xls
44,59.2,100.0,export-roasts_PR-7391.xls
45,59.1,100.0,export-roasts_PR-7391.xls
46,59.1,100.0,export-roasts_PR-7391.xls
47,59.1,100.0,export-roasts_PR-7391.xls
48,59.2,100.0,export-roasts_PR-7391.xls
49,59.3,100.0,export-roasts_PR-7391.xls
50,59.4,100.0,export-roasts_PR-7391.xls
51,59.5,100.0,export-roasts_PR-7391.xls
52,59.7,100.0,export-roasts_PR-7391.xls
53,59.8,100.0,export-roasts_PR-7391.xls
54,60.0,100.0,export-roasts_PR-7391.xls
55,60.2,100.0,export-roasts_PR-7391.xls
56,60.4,100.0,export-roasts_PR-7391.xls
57,60.7,100.0,export-roasts_PR-7391.xls
58,60.9,100.0,export-roasts_PR-7391.xls
59,61.2,100.0,export-roasts_PR-7391.xls
60,61.5,100.0,export-roasts_PR-7391.xls
61,61.7,100.0,export-roasts_PR-7391.xls
62,62.0,100.0,export-roasts_PR-7391.xls
63,62.3,100.0,export-roasts_PR-7391.xls
64,62.7,100.0,export-roasts_PR-7391.xls
65,63.0,100.0,export-roasts_PR-7391.xls
66,63.4,100.0,export-roasts_PR-7391.xls
67,63.7,100.0,export-roasts_PR-7391.xls
68,64.1,100.0,export-roasts_PR-7391.xls
69,64.5,100.0,export-roasts_PR-7391.xls
70,64.8,100.0,export-roasts_PR-7391.xls
71,65.2,100.0,export-roasts_PR-7391.xls
72,65.6,100.0,export-roasts_PR-7391.xls
73,65.9,100.0,export-roasts_PR-7391.xls
74,66.3,100.0,export-roasts_PR-7391.xls
75,66.6,100.0,export-roasts_PR-7391.xls
76,67.0,100.0,export-roasts_PR-7391.xls
77,67.4,100.0,export-roasts_PR-7391.xls
78,67.8,100.0,export-roasts_PR-7391.xls
79,68.1,100.0,export-roasts_PR-7391.xls
80,68.5,100.0,export-roasts_PR-7391.xls
81,68.9,100.0,export-roasts_PR-7391.xls
82,69.3,100.0,export-roasts_PR-7391.xls
83,69.7,100.0,export-roasts_PR-7391.xls
84,70.1,100.0,export-roasts_PR-7391.xls
85,70.4,100.0,export-roasts_PR-7391.xls
86,70.8,100.0,export-roasts_PR-7391.xls
87,71.1,100.0,export-roasts_PR-7391.xls
88,71.5,100.0,export-roasts_PR-7391.xls
89,71.9,100.0,export-roasts_PR-7391.xls
90,72.2,100.0,export-roasts_PR-7391.xls
91,72.6,100.0,export-roasts_PR-7391.xls
92,72.9,100.0,export-roasts_PR-7391.xls
93,73.3,100.0,export-roasts_PR-7391.xls
94,73.7,100.0,export-roasts_PR-7391.xls
95,74.0,100.0,export-roasts_PR-7391.xls
96,74.4,100.0,export-roasts_PR-7391.xls
97,74.7,100.0,export-roasts_PR-7391.xls
98,75.1,100.0,export-roasts_PR-7391.xls
99,75.5,100.0,export-roasts_PR-7391.xls
100,75.9,100.0,export-roasts_PR-7391.xls
101,76.3,100.0,export-roasts_PR-7391.xls
102,76.6,100.0,export-roasts_PR-7391.xls
103,77.0,100.0,export-roasts_PR-7391.xls
104,77.4,100.0,export-roasts_PR-7391.xls
105,77.8,100.0,export-roasts_PR-7391.xls
106,78.1,100.0,export-roasts_PR-7391.xls
107,78.5,100.0,export-roasts_PR-7391.xls
108,78.9,100.0,export-roasts_PR-7391.xls
109,79.2,100.0,export-roasts_PR-7391.xls
110,79.6,100.0,export-roasts_PR-7391.xls
111,80.0,100.0,export-roasts_PR-7391.xls
112,80.3,100.0,export-roasts_PR-7391.xls
113,80.7,100.0,export-roasts_PR-7391.xls
114,81.1,100.0,export-roasts_PR-7391.xls
115,81.4,100.0,export-roasts_PR-7391.xls
116,81.8,100.0,export-roasts_PR-7391.xls
117,82.1,100.0,export-roasts_PR-7391.xls
118,82.5,100.0,export-roasts_PR-7391.xls
119,82.7,100.0,export-roasts_PR-7391.xls
120,83.2,100.0,export-roasts_PR-7391.xls
121,83.5,100.0,export-roasts_PR-7391.xls
122,83.8,100.0,export-roasts_PR-7391.xls
123,84.1,100.0,export-roasts_PR-7391.xls
124,84.4,100.0,export-roasts_PR-7391.xls
125,84.8,100.0,export-roasts_PR-7391.xls
126,85.1,100.0,export-roasts_PR-7391.xls
127,85.5,100.0,export-roasts_PR-7391.xls
128,85.8,100.0,export-roasts_PR-7391.xls
129,86.2,100.0,export-roasts_PR-7391.xls
130,86.5,100.0,export-roasts_PR-7391.xls
131,86.8,100.0,export-roasts_PR-7391.xls
132,87.1,100.0,export-roasts_PR-7391.xls
133,87.5,100.0,export-roasts_PR-7391.xls
134,87.8,100.0,export-roasts_PR-7391.xls
135,88.1,100.0,export-roasts_PR-7391.xls
136,88.5,100.0,export-roasts_PR-7391.xls
137,88.8,100.0,export-roasts_PR-7391.xls
138,89.1,100.0,export-roasts_PR-7391.xls
139,89.4,100.0,export-roasts_PR-7391.xls
140,89.8,100.0,export-roasts_PR-7391.xls
141,90.1,100.0,export-roasts_PR-7391.xls
142,90.4,100.0,export-roasts_PR-7391.xls
143,90.7,100.0,export-roasts_PR-7391.xls
144,91.0,100.0,export-roasts_PR-7391.xls
145,91.3,100.0,export-roasts_PR-7391.xls
146,91.5,100.0,export-roasts_PR-7391.xls
147,91.8,100.0,export-roasts_PR-7391.xls
148,92.2,100.0,export-roasts_PR-7391.xls
149,92.4,100.0,export-roasts_PR-7391.xls
150,92.7,100.0,export-roasts_PR-7391.xls
151,93.0,100.0,export-roasts_PR-7391.xls
152,93.4,100.0,export-roasts_PR-7391.xls
153,93.7,100.0,export-roasts_PR-7391.xls
154,94.0,100.0,export-roasts_PR-7391.xls
155,94.3,100.0,export-roasts_PR-7391.xls
156,94.6,100.0,export-roasts_PR-7391.xls
157,94.9,100.0,export-roasts_PR-7391.xls
158,95.2,100.0,export-roasts_PR-7391.xls
159,95.5,100.0,export-roasts_PR-7391.xls
160,95.8,100.0,export-roasts_PR-7391.xls
161,96.1,100.0,export-roasts_PR-7391.xls
162,96.4,100.0,export-roasts_PR-7391.xls
163,96.7,100.0,export-roasts_PR-7391.xls
164,97.0,100.0,export-roasts_PR-7391.xls
165,97.3,100.0,export-roasts_PR-7391.xls
166,97.5,100.0,export-roasts_PR-7391.xls
167,97.8,100.0,export-roasts_PR-7391.xls
168,98.1,100.0,export-roasts_PR-7391.xls
169,98.4,100.0,export-roasts_PR-7391.xls
170,98.7,100.0,export-roasts_PR-7391.xls
171,98.9,100.0,export-roasts_PR-7391.xls
172,99.3,100.0,export-roasts_PR-7391.xls
173,99.5,100.0,export-roasts_PR-7391.xls
174,99.8,100.0,export-roasts_PR-7391.xls
175,100.1,100.0,export-roasts_PR-7391.xls
176,100.4,100.0,export-roasts_PR-7391.xls
177,100.7,100.0,export-roasts_PR-7391.xls
178,100.9,100.0,export-roasts_PR-7391.xls
179,101.3,100.0,export-roasts_PR-7391.xls
180,101.5,100.0,export-roasts_PR-7391.xls
181,101.8,100.0,export-roasts_PR-7391.xls
182,102.1,100.0,export-roasts_PR-7391.xls
183,102.3,100.0,export-roasts_PR-7391.xls
184,102.6,100.0,export-roasts_PR-7391.xls
185,102.9,100.0,export-roasts_PR-7391.xls
186,103.2,100.0,export-roasts_PR-7391.xls
187,103.5,100.0,export-roasts_PR-7391.xls
188,103.7,100.0,export-roasts_PR-7391.xls
189,104.0,100.0,export-roasts_PR-7391.xls
190,104.2,100.0,export-roasts_PR-7391.xls
191,104.5,100.0,export-roasts_PR-7391.xls
192,104.7,100.0,export-roasts_PR-7391.xls
193,105.0,100.0,export-roasts_PR-7391.xls
194,105.3,100.0,export-roasts_PR-7391.xls
195,105.6,100.0,export-roasts_PR-7391.xls
196,105.9,100.0,export-roasts_PR-7391.xls
197,106.0,100.0,export-roasts_PR-7391.xls
198,106.4,100.0,export-roasts_PR-7391.xls
199,106.6,100.0,export-roasts_PR-7391.xls
200,106.9,100.0,export-roasts_PR-7391.xls
201,107.2,100.0,export-roasts_PR-7391.xls
202,107.5,100.0,export-roasts_PR-7391.xls
203,107.8,100.0,export-roasts_PR-7391.xls
204,108.1,100.0,export-roasts_PR-7391.xls
205,108.3,100.0,export-roasts_PR-7391.xls
206,108.6,100.0,export-roasts_PR-7391.xls
207,108.9,100.0,export-roasts_PR-7391.xls
208,109.2,100.0,export-roasts_PR-7391.xls
209,109.4,100.0,export-roasts_PR-7391.xls
210,109.7,100.0,export-roasts_PR-7391.xls
211,110.0,100.0,export-roasts_PR-7391.xls
212,110.2,100.0,export-roasts_PR-7391.xls
213,110.5,100.0,export-roasts_PR-7391.xls
214,110.7,100.0,export-roasts_PR-7391.xls
215,110.9,100.0,export-roasts_PR-7391.xls
216,111.2,100.0,export-roasts_PR-7391.xls
217,111.5,100.0,export-roasts_PR-7391.xls
218,111.7,100.0,export-roasts_PR-7391.xls
219,112.0,100.0,export-roasts_PR-7391.xls
220,112.2,100.0,export-roasts_PR-7391.xls
221,112.5,100.0,export-roasts_PR-7391.xls
222,112.7,100.0,export-roasts_PR-7391.xls
223,113.0,100.0,export-roasts_PR-7391.xls
224,113.2,100.0,export-roasts_PR-7391.xls
225,113.5,100.0,export-roasts_PR-7391.xls
226,113.8,100.0,export-roasts_PR-7391.xls
227,114.1,100.0,export-roasts_PR-7391.xls
228,114.3,100.0,export-roasts_PR-7391.xls
229,114.6,100.0,export-roasts_PR-7391.xls
230,114.8,100.0,export-roasts_PR-7391.xls
231,115.0,100.0,export-roasts_PR-7391.xls
232,115.3,100.0,export-roasts_PR-7391.xls
233,115.5,100.0,export-roasts_PR-7391.xls
234,115.8,100.0,export-roasts_PR-7391.xls
235,116.0,100.0,export-roasts_PR-7391.xls
236,116.3,100.0,export-roasts_PR-7391.xls
237,116.5,100.0,export-roasts_PR-7391.xls
238,116.8,100.0,export-roasts_PR-7391.xls
239,117.1,100.0,export-roasts_PR-7391.xls
240,117.3,100.0,export-roasts_PR-7391.xls
241,117.6,100.0,export-roasts_PR-7391.xls
242,117.9,100.0,export-roasts_PR-7391.xls
243,118.1,100.0,export-roasts_PR-7391.xls
244,118.3,100.0,export-roasts_PR-7391.xls
245,118.6,100.0,export-roasts_PR-7391.xls
246,118.8,100.0,export-roasts_PR-7391.xls
247,119.1,100.0,export-roasts_PR-7391.xls
248,119.3,100.0,export-roasts_PR-7391.xls
249,119.5,100.0,export-roasts_PR-7391.xls
250,119.8,100.0,export-roasts_PR-7391.xls
251,120.0,100.0,export-roasts_PR-7391.xls
252,120.2,100.0,export-roasts_PR-7391.xls
253,120.5,100.0,export-roasts_PR-7391.xls
254,120.7,100.0,export-roasts_PR-7391.xls
255,121.0,100.0,export-roasts_PR-7391.xls
256,121.2,100.0,export-roasts_PR-7391.xls
257,121.5,100.0,export-roasts_PR-7391.xls
258,121.7,100.0,export-roasts_PR-7391.xls
259,121.9,100.0,export-roasts_PR-7391.xls
260,122.2,100.0,export-roasts_PR-7391.xls
261,122.4,100.0,export-roasts_PR-7391.xls
262,122.7,100.0,export-roasts_PR-7391.xls
263,122.9,100.0,export-roasts_PR-7391.xls
264,123.2,100.0,export-roasts_PR-7391.xls
265,123.4,100.0,export-roasts_PR-7391.xls
266,123.7,100.0,export-roasts_PR-7391.xls
267,123.9,100.0,export-roasts_PR-7391.xls
268,124.1,100.0,export-roasts_PR-7391.xls
269,124.4,100.0,export-roasts_PR-7391.xls
270,124.7,100.0,export-roasts_PR-7391.xls
271,124.9,100.0,export-roasts_PR-7391.xls
272,125.2,100.0,export-roasts_PR-7391.xls
273,125.4,100.0,export-roasts_PR-7391.xls
274,125.6,100.0,export-roasts_PR-7391.xls
275,125.8,100.0,export-roasts_PR-7391.xls
276,126.0,100.0,export-roasts_PR-7391.xls
277,126.2,100.0,export-roasts_PR-7391.xls
278,126.5,100.0,export-roasts_PR-7391.xls
279,126.7,100.0,export-roasts_PR-7391.xls
280,126.9,100.0,export-roasts_PR-7391.xls
281,127.2,100.0,export-roasts_PR-7391.xls
282,127.4,100.0,export-roasts_PR-7391.xls
283,127.7,100.0,export-roasts_PR-7391.xls
284,127.9,100.0,export-roasts_PR-7391.xls
285,128.2,100.0,export-roasts_PR-7391.xls
286,128.5,100.0,export-roasts_PR-7391.xls
287,128.7,100.0,export-roasts_PR-7391.xls
288,128.9,100.0,export-roasts_PR-7391.xls
289,129.2,100.0,export-roasts_PR-7391.xls
290,129.4,100.0,export-roasts_PR-7391.xls
291,129.6,100.0,export-roasts_PR-7391.xls
292,129.8,100.0,export-roasts_PR-7391.xls
293,130.1,100.0,export-roasts_PR-7391.xls
294,130.3,100.0,export-roasts_PR-7391.xls
295,130.5,100.0,export-roasts_PR-7391.xls
296,130.8,100.0,export-roasts_PR-7391.xls
297,130.9,100.0,export-roasts_PR-7391.xls
298,131.2,100.0,export-roasts_PR-7391.xls
299,131.5,100.0,export-roasts_PR-7391.xls
300,131.7,100.0,export-roasts_PR-7391.xls
301,132.0,100.0,export-roasts_PR-7391.xls
302,132.2,100.0,export-roasts_PR-7391.xls
303,132.5,100.0,export-roasts_PR-7391.xls
304,132.7,100.0,export-roasts_PR-7391.xls
305,133.0,100.0,export-roasts_PR-7391.xls
306,133.3,100.0,export-roasts_PR-7391.xls
307,133.5,100.0,export-roasts_PR-7391.xls
308,133.7,100.0,export-roasts_PR-7391.xls
309,134.0,100.0,export-roasts_PR-7391.xls
310,134.2,100.0,export-roasts_PR-7391.xls
311,134.4,100.0,export-roasts_PR-7391.xls
312,134.6,100.0,export-roasts_PR-7391.xls
313,134.9,100.0,export-roasts_PR-7391.xls
314,135.1,100.0,export-roasts_PR-7391.xls
315,135.4,100.0,export-roasts_PR-7391.xls
316,135.6,100.0,export-roasts_PR-7391.xls
317,135.8,100.0,export-roasts_PR-7391.xls
318,136.0,100.0,export-roasts_PR-7391.xls
319,136.3,100.0,export-roasts_PR-7391.xls
320,136.5,100.0,export-roasts_PR-7391.xls
321,136.7,100.0,export-roasts_PR-7391.xls
322,137.0,100.0,export-roasts_PR-7391.xls
323,137.2,100.0,export-roasts_PR-7391.xls
324,137.4,100.0,export-roasts_PR-7391.xls
325,137.7,100.0,export-roasts_PR-7391.xls
326,137.9,100.0,export-roasts_PR-7391.xls
327,138.1,100.0,export-roasts_PR-7391.xls
328,138.3,100.0,export-roasts_PR-7391.xls
329,138.5,100.0,export-roasts_PR-7391.xls
330,138.8,100.0,export-roasts_PR-7391.xls
331,139.0,100.0,export-roasts_PR-7391.xls
332,139.2,100.0,export-roasts_PR-7391.xls
333,139.4,100.0,export-roasts_PR-7391.xls
334,139.7,100.0,export-roasts_PR-7391.xls
335,139.9,100.0,export-roasts_PR-7391.xls
336,140.1,100.0,export-roasts_PR-7391.xls
337,140.3,100.0,export-roasts_PR-7391.xls
338,140.5,100.0,export-roasts_PR-7391.xls
339,140.8,100.0,export-roasts_PR-7391.xls
340,141.0,100.0,export-roasts_PR-7391.xls
341,141.2,100.0,export-roasts_PR-7391.xls
342,141.4,100.0,export-roasts_PR-7391.xls
343,141.6,100.0,export-roasts_PR-7391.xls
344,141.8,100.0,export-roasts_PR-7391.xls
345,142.0,100.0,export-roasts_PR-7391.xls
346,142.2,100.0,export-roasts_PR-7391.xls
347,142.5,100.0,export-roasts_PR-7391.xls
348,142.7,100.0,export-roasts_PR-7391.xls
349,142.9,100.0,export-roasts_PR-7391.xls
350,143.1,100.0,export-roasts_PR-7391.xls
351,143.4,100.0,export-roasts_PR-7391.xls
352,143.6,100.0,export-roasts_PR-7391.xls
353,143.8,100.0,export-roasts_PR-7391.xls
354,144.0,100.0,export-roasts_PR-7391.xls
355,144.2,100.0,export-roasts_PR-7391.xls
356,144.4,100.0,export-roasts_PR-7391.xls
357,144.6,100.0,export-roasts_PR-7391.xls
358,144.9,100.0,export-roasts_PR-7391.xls
359,145.1,100.0,export-roasts_PR-7391.xls
360,145.3,100.0,export-roasts_PR-7391.xls
361,145.5,100.0,export-roasts_PR-7391.xls
362,145.7,100.0,export-roasts_PR-7391.xls
363,146.0,100.0,export-roasts_PR-7391.xls
364,146.1,100.0,export-roasts_PR-7391.xls
365,146.4,100.0,export-roasts_PR-7391.xls
366,146.6,100.0,export-roasts_PR-7391.xls
367,146.9,100.0,export-roasts_PR-7391.xls
368,147.1,100.0,export-roasts_PR-7391.xls
369,147.3,100.0,export-roasts_PR-7391.xls
370,147.5,100.0,export-roasts_PR-7391.xls
371,147.7,100.0,export-roasts_PR-7391.xls
372,147.9,100.0,export-roasts_PR-7391.xls
373,148.1,100.0,export-roasts_PR-7391.xls
374,148.3,100.0,export-roasts_PR-7391.xls
375,148.5,100.0,export-roasts_PR-7391.xls
376,148.7,100.0,export-roasts_PR-7391.xls
377,148.9,100.0,export-roasts_PR-7391.xls
378,149.2,100.0,export-roasts_PR-7391.xls
379,149.3,100.0,export-roasts_PR-7391.xls
380,149.5,100.0,export-roasts_PR-7391.xls
381,149.8,100.0,export-roasts_PR-7391.xls
382,149.9,100.0,export-roasts_PR-7391.xls
383,150.1,100.0,export-roasts_PR-7391.xls
384,150.3,100.0,export-roasts_PR-7391.xls
385,150.5,100.0,export-roasts_PR-7391.xls
386,150.8,100.0,export-roasts_PR-7391.xls
387,151.0,100.0,export-roasts_PR-7391.xls
388,151.2,100.0,export-roasts_PR-7391.xls
389,151.4,100.0,export-roasts_PR-7391.xls
390,151.7,100.0,export-roasts_PR-7391.xls
391,151.9,100.0,export-roasts_PR-7391.xls
392,152.0,100.0,export-roasts_PR-7391.xls
393,152.2,100.0,export-roasts_PR-7391.xls
394,152.4,100.0,export-roasts_PR-7391.xls
395,152.6,100.0,export-roasts_PR-7391.xls
396,152.9,100.0,export-roasts_PR-7391.xls
397,153.1,100.0,export-roasts_PR-7391.xls
398,153.3,100.0,export-roasts_PR-7391.xls
399,153.6,100.0,export-roasts_PR-7391.xls
400,153.7,100.0,export-roasts_PR-7391.xls
401,154.0,100.0,export-roasts_PR-7391.xls
402,154.2,100.0,export-roasts_PR-7391.xls
403,154.4,100.0,export-roasts_PR-7391.xls
404,154.5,100.0,export-roasts_PR-7391.xls
405,154.7,100.0,export-roasts_PR-7391.xls
406,154.9,100.0,export-roasts_PR-7391.xls
407,155.1,100.0,export-roasts_PR-7391.xls
408,155.3,100.0,export-roasts_PR-7391.xls
409,155.5,100.0,export-roasts_PR-7391.xls
410,155.7,100.0,export-roasts_PR-7391.xls
411,155.9,100.0,export-roasts_PR-7391.xls
412,156.1,100.0,export-roasts_PR-7391.xls
413,156.3,100.0,export-roasts_PR-7391.xls
414,156.5,100.0,export-roasts_PR-7391.xls
415,156.8,100.0,export-roasts_PR-7391.xls
416,157.0,100.0,export-roasts_PR-7391.xls
417,157.2,100.0,export-roasts_PR-7391.xls
418,157.4,100.0,export-roasts_PR-7391.xls
419,157.6,100.0,export-roasts_PR-7391.xls
420,157.9,100.0,export-roasts_PR-7391.xls
421,158.0,100.0,export-roasts_PR-7391.xls
422,158.3,100.0,export-roasts_PR-7391.xls
423,158.5,100.0,export-roasts_PR-7391.xls
424,158.7,100.0,export-roasts_PR-7391.xls
425,159.0,100.0,export-roasts_PR-7391.xls
426,159.2,100.0,export-roasts_PR-7391.xls
427,159.4,100.0,export-roasts_PR-7391.xls
428,159.6,100.0,export-roasts_PR-7391.xls
429,159.8,100.0,export-roasts_PR-7391.xls
430,160.0,100.0,export-roasts_PR-7391.xls
431,160.2,100.0,export-roasts_PR-7391.xls
432,160.4,100.0,export-roasts_PR-7391.xls
433,160.6,100.0,export-roasts_PR-7391.xls
434,160.9,100.0,export-roasts_PR-7391.xls
435,161.0,100.0,export-roasts_PR-7391.xls
436,161.2,100.0,export-roasts_PR-7391.xls
437,161.4,100.0,export-roasts_PR-7391.xls
438,161.6,100.0,export-roasts_PR-7391.xls
439,161.8,100.0,export-roasts_PR-7391.xls
440,162.0,100.0,export-roasts_PR-7391.xls
441,162.2,100.0,export-roasts_PR-7391.xls
442,162.3,100.0,export-roasts_PR-7391.xls
443,162.6,100.0,export-roasts_PR-7391.xls
444,162.7,100.0,export-roasts_PR-7391.xls
445,163.0,100.0,export-roasts_PR-7391.xls
446,163.2,100.0,export-roasts_PR-7391.xls
447,163.3,100.0,export-roasts_PR-7391.xls
448,163.5,100.0,export-roasts_PR-7391.xls
449,163.7,100.0,export-roasts_PR-7391.xls
450,163.9,100.0,export-roasts_PR-7391.xls
451,164.1,100.0,export-roasts_PR-7391.xls
452,164.3,100.0,export-roasts_PR-7391.xls
453,164.5,100.0,export-roasts_PR-7391.xls
454,164.6,100.0,export-roasts_PR-7391.xls
455,164.9,100.0,export-roasts_PR-7391.xls
456,165.1,100.0,export-roasts_PR-7391.xls
457,165.3,100.0,export-roasts_PR-7391.xls
458,165.6,100.0,export-roasts_PR-7391.xls
459,165.8,100.0,export-roasts_PR-7391.xls
460,166.0,100.0,export-roasts_PR-7391.xls
461,166.2,100.0,export-roasts_PR-7391.xls
462,166.4,100.0,export-roasts_PR-7391.xls
463,166.6,100.0,export-roasts_PR-7391.xls
464,166.9,100.0,export-roasts_PR-7391.xls
465,167.1,100.0,export-roasts_PR-7391.xls
466,167.3,100.0,export-roasts_PR-7391.xls
467,167.6,100.0,export-roasts_PR-7391.xls
468,167.8,100.0,export-roasts_PR-7391.xls
469,168.0,100.0,export-roasts_PR-7391.xls
470,168.2,100.0,export-roasts_PR-7391.xls
471,168.4,100.0,export-roasts_PR-7391.xls
472,168.7,100.0,export-roasts_PR-7391.xls
473,168.9,100.0,export-roasts_PR-7391.xls
474,169.1,100.0,export-roasts_PR-7391.xls
475,169.3,100.0,export-roasts_PR-7391.xls
476,169.5,100.0,export-roasts_PR-7391.xls
477,169.7,100.0,export-roasts_PR-7391.xls
478,169.9,100.0,export-roasts_PR-7391.xls
479,170.1,100.0,export-roasts_PR-7391.xls
480,170.3,100.0,export-roasts_PR-7391.xls
481,170.5,100.0,export-roasts_PR-7391.xls
482,170.7,100.0,export-roasts_PR-7391.xls
483,171.0,100.0,export-roasts_PR-7391.xls
484,171.2,100.0,export-roasts_PR-7391.xls
485,171.4,100.0,export-roasts_PR-7391.xls
486,171.6,100.0,export-roasts_PR-7391.xls
487,171.9,100.0,export-roasts_PR-7391.xls
488,172.1,100.0,export-roasts_PR-7391.xls
489,172.3,100.0,export-roasts_PR-7391.xls
490,172.5,100.0,export-roasts_PR-7391.xls
491,172.7,100.0,export-roasts_PR-7391.xls
492,172.9,100.0,export-roasts_PR-7391.xls
493,173.1,100.0,export-roasts_PR-7391.xls
494,173.4,100.0,export-roasts_PR-7391.xls
495,173.6,100.0,export-roasts_PR-7391.xls
496,173.8,100.0,export-roasts_PR-7391.xls
497,174.0,100.0,export-roasts_PR-7391.xls
498,174.1,100.0,export-roasts_PR-7391.xls
499,174.3,100.0,export-roasts_PR-7391.xls
500,174.5,100.0,export-roasts_PR-7391.xls
501,174.7,100.0,export-roasts_PR-7391.xls
502,174.9,100.0,export-roasts_PR-7391.xls
503,175.1,100.0,export-roasts_PR-7391.xls
504,175.3,100.0,export-roasts_PR-7391.xls
505,175.5,100.0,export-roasts_PR-7391.xls
506,175.7,100.0,export-roasts_PR-7391.xls
507,175.9,90.0,export-roasts_PR-7391.xls
508,176.1,90.0,export-roasts_PR-7391.xls
509,176.3,90.0,export-roasts_PR-7391.xls
510,176.5,90.0,export-roasts_PR-7391.xls
511,176.8,90.0,export-roasts_PR-7391.xls
512,177.0,90.0,export-roasts_PR-7391.xls
513,177.2,90.0,export-roasts_PR-7391.xls
514,177.5,90.0,export-roasts_PR-7391.xls
515,177.7,90.0,export-roasts_PR-7391.xls
516,177.9,90.0,export-roasts_PR-7391.xls
517,178.1,90.0,export-roasts_PR-7391.xls
518,178.3,90.0,export-roasts_PR-7391.xls
519,178.5,90.0,export-roasts_PR-7391.xls
520,178.7,90.0,export-roasts_PR-7391.xls
521,178.9,90.0,export-roasts_PR-7391.xls
522,179.1,90.0,export-roasts_PR-7391.xls
523,179.3,90.0,export-roasts_PR-7391.xls
524,179.5,90.0,export-roasts_PR-7391.xls
525,179.7,90.0,export-roasts_PR-7391.xls
526,179.9,90.0,export-roasts_PR-7391.xls
527,180.0,90.0,export-roasts_PR-7391.xls
528,180.3,90.0,export-roasts_PR-7391.xls
529,180.5,90.0,export-roasts_PR-7391.xls
530,180.7,90.0,export-roasts_PR-7391.xls
531,180.9,90.0,export-roasts_PR-7391.xls
532,181.1,90.0,export-roasts_PR-7391.xls
533,181.3,90.0,export-roasts_PR-7391.xls
534,181.5,90.0,export-roasts_PR-7391.xls
535,181.7,90.0,export-roasts_PR-7391.xls
536,181.9,90.0,export-roasts_PR-7391.xls
537,182.2,90.0,export-roasts_PR-7391.xls
538,182.3,90.0,export-roasts_PR-7391.xls
539,182.6,90.0,export-roasts_PR-7391.xls
540,182.8,90.0,export-roasts_PR-7391.xls
541,183.1,90.0,export-roasts_PR-7391.xls
542,183.3,90.0,export-roasts_PR-7391.xls
543,183.5,90.0,export-roasts_PR-7391.xls
544,183.7,90.0,export-roasts_PR-7391.xls
545,184.0,90.0,export-roasts_PR-7391.xls
546,184.2,90.0,export-roasts_PR-7391.xls
547,184.3,90.0,export-roasts_PR-7391.xls
548,184.6,90.0,export-roasts_PR-7391.xls
549,184.8,90.0,export-roasts_PR-7391.xls
550,185.0,90.0,export-roasts_PR-7391.xls
551,185.2,90.0,export-roasts_PR-7391.xls
552,185.5,90.0,export-roasts_PR-7391.xls
553,185.7,90.0,export-roasts_PR-7391.xls
554,185.9,90.0,export-roasts_PR-7391.xls
555,186.1,90.0,export-roasts_PR-7391.xls
556,186.3,90.0,export-roasts_PR-7391.xls
557,186.5,90.0,export-roasts_PR-7391.xls
558,186.8,90.0,export-roasts_PR-7391.xls
559,187.0,90.0,export-roasts_PR-7391.xls
560,187.2,90.0,export-roasts_PR-7391.xls
561,187.4,90.0,export-roasts_PR-7391.xls
562,187.5,90.0,export-roasts_PR-7391.xls
563,187.8,90.0,export-roasts_PR-7391.xls
564,187.9,90.0,export-roasts_PR-7391.xls
565,188.1,90.0,export-roasts_PR-7391.xls
566,188.3,90.0,export-roasts_PR-7391.xls
567,188.6,90.0,export-roasts_PR-7391.xls
568,188.8,90.0,export-roasts_PR-7391.xls
569,189.0,90.0,export-roasts_PR-7391.xls
570,189.2,90.0,export-roasts_PR-7391.xls
571,189.4,90.0,export-roasts_PR-7391.xls
572,189.6,90.0,export-roasts_PR-7391.xls
573,189.8,90.0,export-roasts_PR-7391.xls
574,190.1,90.0,export-roasts_PR-7391.xls
575,190.3,90.0,export-roasts_PR-7391.xls
576,190.5,90.0,export-roasts_PR-7391.xls
577,190.8,90.0,export-roasts_PR-7391.xls
578,191.0,90.0,export-roasts_PR-7391.xls
579,191.2,90.0,export-roasts_PR-7391.xls
580,191.4,90.0,export-roasts_PR-7391.xls
581,191.6,0.0,export-roasts_PR-7391.xls
582,191.8,0.0,export-roasts_PR-7391.xls
583,192.1,0.0,export-roasts_PR-7391.xls
584,192.2,0.0,export-roasts_PR-7391.xls
585,192.4,0.0,export-roasts_PR-7391.xls
586,192.7,0.0,export-roasts_PR-7391.xls
587,192.9,0.0,export-roasts_PR-7391.xls
588,193.1,0.0,export-roasts_PR-7391.xls
589,193.4,0.0,export-roasts_PR-7391.xls
590,193.6,0.0,export-roasts_PR-7391.xls
591,193.8,0.0,export-roasts_PR-7391.xls
592,194.0,0.0,export-roasts_PR-7391.xls
593,194.1,0.0,export-roasts_PR-7391.xls
594,194.3,0.0,export-roasts_PR-7391.xls
595,194.4,0.0,export-roasts_PR-7391.xls
596,194.6,0.0,export-roasts_PR-7391.xls
597,194.8,0.0,export-roasts_PR-7391.xls
598,194.9,0.0,export-roasts_PR-7391.xls
599,195.1,0.0,export-roasts_PR-7391.xls
600,195.3,0.0,export-roasts_PR-7391.xls
601,195.4,0.0,export-roasts_PR-7391.xls
602,195.6,0.0,export-roasts_PR-7391.xls
603,195.7,0.0,export-roasts_PR-7391.xls
604,195.8,0.0,export-roasts_PR-7391.xls
605,195.9,0.0,export-roasts_PR-7391.xls
606,196.0,0.0,export-roasts_PR-7391.xls
607,196.1,0.0,export-roasts_PR-7391.xls
608,196.2,0.0,export-roasts_PR-7391.xls
609,196.4,0.0,export-roasts_PR-7391.xls
610,196.5,0.0,export-roasts_PR-7391.xls
611,196.6,0.0,export-roasts_PR-7391.xls
612,196.7,0.0,export-roasts_PR-7391.xls
613,196.9,0.0,export-roasts_PR-7391.xls
614,197.0,0.0,export-roasts_PR-7391.xls
615,197.1,0.0,export-roasts_PR-7391.xls
616,197.2,0.0,export-roasts_PR-7391.xls
617,197.3,0.0,export-roasts_PR-7391.xls
618,197.5,0.0,export-roasts_PR-7391.xls
619,197.6,0.0,export-roasts_PR-7391.xls
620,197.7,0.0,export-roasts_PR-7391.xls
621,197.8,0.0,export-roasts_PR-7391.xls
622,197.9,0.0,export-roasts_PR-7391.xls
623,197.9,0.0,export-roasts_PR-7391.xls
624,198.1,0.0,export-roasts_PR-7391.xls
625,198.2,0.0,export-roasts_PR-7391.xls
626,198.3,0.0,export-roasts_PR-7391.xls
627,198.4,0.0,export-roasts_PR-7391.xls
628,198.5,0.0,export-roasts_PR-7391.xls
629,198.7,0.0,export-roasts_PR-7391.xls
630,198.8,0.0,export-roasts_PR-7391.xls
631,198.9,0.0,export-roasts_PR-7391.xls
632,199.0,0.0,export-roasts_PR-7391.xls
633,199.1,0.0,export-roasts_PR-7391.xls
634,199.2,0.0,export-roasts_PR-7391.xls
635,199.3,0.0,export-roasts_PR-7391.xls
636,199.4,0.0,export-roasts_PR-7391.xls
637,199.5,0.0,export-roasts_PR-7391.xls
638,199.6,0.0,export-roasts_PR-7391.xls
639,199.8,0.0,export-roasts_PR-7391.xls
640,199.8,0.0,export-roasts_PR-7391.xls
641,199.9,0.0,export-roasts_PR-7391.xls
642,200.1,0.0,export-roasts_PR-7391.xls
643,200.1,0.0,export-roasts_PR-7391.xls
644,200.2,5.0,export-roasts_PR-7391.xls
645,200.3,5.0,export-roasts_PR-7391.xls
646,200.4,5.0,export-roasts_PR-7391.xls
647,200.5,5.0,export-roasts_PR-7391.xls
648,200.6,5.0,export-roasts_PR-7391.xls
649,200.7,5.0,export-roasts_PR-7391.xls
650,200.7,5.0,export-roasts_PR-7391.xls
651,200.9,5.0,export-roasts_PR-7391.xls
652,200.9,5.0,export-roasts_PR-7391.xls
653,201.0,5.0,export-roasts_PR-7391.xls
654,201.1,5.0,export-roasts_PR-7391.xls
655,201.2,5.0,export-roasts_PR-7391.xls
656,201.3,5.0,export-roasts_PR-7391.xls
657,201.4,5.0,export-roasts_PR-7391.xls
658,201.6,5.0,export-roasts_PR-7391.xls
659,201.6,5.0,export-roasts_PR-7391.xls
660,201.8,5.0,export-roasts_PR-7391.xls
661,201.9,5.0,export-roasts_PR-7391.xls
662,202.0,5.0,export-roasts_PR-7391.xls
663,202.2,5.0,export-roasts_PR-7391.xls
664,202.2,5.0,export-roasts_PR-7391.xls
665,202.4,5.0,export-roasts_PR-7391.xls
666,202.5,5.0,export-roasts_PR-7391.xls
667,202.6,5.0,export-roasts_PR-7391.xls
668,202.7,5.0,export-roasts_PR-7391.xls
669,202.9,5.0,export-roasts_PR-7391.xls
670,203.0,5.0,export-roasts_PR-7391.xls
671,203.1,5.0,export-roasts_PR-7391.xls
672,203.2,5.0,export-roasts_PR-7391.xls
673,203.3,5.0,export-roasts_PR-7391.xls
674,203.5,5.0,export-roasts_PR-7391.xls
675,203.6,5.0,export-roasts_PR-7391.xls
676,203.7,5.0,export-roasts_PR-7391.xls
677,203.8,5.0,export-roasts_PR-7391.xls
678,203.9,5.0,export-roasts_PR-7391.xls
679,204.1,5.0,export-roasts_PR-7391.xls
680,204.2,5.0,export-roasts_PR-7391.xls
681,204.3,5.0,export-roasts_PR-7391.xls
682,204.5,5.0,export-roasts_PR-7391.xls
683,204.6,5.0,export-roasts_PR-7391.xls
684,204.6,5.0,export-roasts_PR-7391.xls
685,204.8,5.0,export-roasts_PR-7391.xls
686,205.0,5.0,export-roasts_PR-7391.xls
687,205.0,5.0,export-roasts_PR-7391.xls
688,205.2,5.0,export-roasts_PR-7391.xls
689,205.3,5.0,export-roasts_PR-7391.xls
690,205.4,5.0,export-roasts_PR-7391.xls
691,205.5,5.0,export-roasts_PR-7391.xls
692,205.6,5.0,export-roasts_PR-7391.xls
693,205.8,5.0,export-roasts_PR-7391.xls
694,205.9,5.0,export-roasts_PR-7391.xls
695,206.0,5.0,export-roasts_PR-7391.xls
696,206.1,5.0,export-roasts_PR-7391.xls
697,206.2,5.0,export-roasts_PR-7391.xls
698,206.3,5.0,export-roasts_PR-7391.xls
699,206.4,5.0,export-roasts_PR-7391.xls
700,206.5,5.0,export-roasts_PR-7391.xls
701,206.6,10.0,export-roasts_PR-7391.xls
702,206.7,10.0,export-roasts_PR-7391.xls
703,206.8,10.0,export-roasts_PR-7391.xls
704,206.9,10.0,export-roasts_PR-7391.xls
705,207.0,10.0,export-roasts_PR-7391.xls
706,207.1,10.0,export-roasts_PR-7391.xls
707,207.3,10.0,export-roasts_PR-7391.xls
708,207.4,10.0,export-roasts_PR-7391.xls
709,207.4,10.0,export-roasts_PR-7391.xls
710,207.6,10.0,export-roasts_PR-7391.xls
711,207.7,10.0,export-roasts_PR-7391.xls
712,207.8,10.0,export-roasts_PR-7391.xls
713,207.9,10.0,export-roasts_PR-7391.xls
714,208.0,10.0,export-roasts_PR-7391.xls
715,208.1,10.0,export-roasts_PR-7391.xls
716,208.2,10.0,export-roasts_PR-7391.xls
717,208.3,10.0,export-roasts_PR-7391.xls
718,208.4,10.0,export-roasts_PR-7391.xls
719,208.5,10.0,export-roasts_PR-7391.xls
720,208.6,10.0,export-roasts_PR-7391.xls
721,208.7,10.0,export-roasts_PR-7391.xls
722,208.8,10.0,export-roasts_PR-7391.xls
723,208.9,10.0,export-roasts_PR-7391.xls
724,209.0,10.0,export-roasts_PR-7391.xls
725,209.1,10.0,export-roasts_PR-7391.xls
726,209.2,10.0,export-roasts_PR-7391.xls
727,209.3,10.0,export-roasts_PR-7391.xls
728,209.4,10.0,export-roasts_PR-7391.xls
729,209.5,10.0,export-roasts_PR-7391.xls
730,209.6,10.0,export-roasts_PR-7391.xls
731,209.7,10.0,export-roasts_PR-7391.xls
732,209.8,10.0,export-roasts_PR-7391.xls
733,209.9,10.0,export-roasts_PR-7391.xls
734,210.0,10.0,export-roasts_PR-7391.xls
735,210.1,10.0,export-roasts_PR-7391.xls
736,210.2,10.0,export-roasts_PR-7391.xls
737,210.3,10.0,export-roasts_PR-7391.xls
738,210.4,10.0,export-roasts_PR-7391.xls
739,210.5,10.0,export-roasts_PR-7391.xls
740,210.7,10.0,export-roasts_PR-7391.xls
741,210.7,10.0,export-roasts_PR-7391.xls
742,210.8,10.0,export-roasts_PR-7391.xls
743,210.9,10.0,export-roasts_PR-7391.xls
744,211.0,10.0,export-roasts_PR-7391.xls
745,211.1,10.0,export-roasts_PR-7391.xls
746,211.2,10.0,export-roasts_PR-7391.xls
747,211.3,10.0,export-roasts_PR-7391.xls
748,211.4,10.0,export-roasts_PR-7391.xls
749,211.4,10.0,export-roasts_PR-7391.xls
750,211.5,10.0,export-roasts_PR-7391.xls
751,211.6,10.0,export-roasts_PR-7391.xls
752,211.7,10.0,export-roasts_PR-7391.xls
753,211.8,10.0,export-roasts_PR-7391.xls
754,211.9,10.0,export-roasts_PR-7391.xls
755,212.0,10.0,export-roasts_PR-7391.xls
756,212.1,10.0,export-roasts_PR-7391.xls
757,212.2,10.0,export-roasts_PR-7391.xls
758,212.3,10.0,export-roasts_PR-7391.xls
759,212.4,10.0,export-roasts_PR-7391.xls
760,212.6,10.0,export-roasts_PR-7391.xls
761,212.7,10.0,export-roasts_PR-7391.xls
762,212.8,10.0,export-roasts_PR-7391.xls
763,212.9,10.0,export-roasts_PR-7391.xls
764,213.0,10.0,export-roasts_PR-7391.xls
765,213.1,10.0,export-roasts_PR-7391.xls
766,213.2,10.0,export-roasts_PR-7391.xls
767,213.4,10.0,export-roasts_PR-7391.xls
768,213.5,10.0,export-roasts_PR-7391.xls
769,213.6,10.0,export-roasts_PR-7391.xls
770,213.7,10.0,export-roasts_PR-7391.xls
771,213.8,10.0,export-roasts_PR-7391.xls
772,213.9,10.0,export-roasts_PR-7391.xls
773,214.1,10.0,export-roasts_PR-7391.xls
774,214.2,10.0,export-roasts_PR-7391.xls
775,214.2,10.0,export-roasts_PR-7391.xls
776,214.3,10.0,export-roasts_PR-7391.xls
777,214.5,10.0,export-roasts_PR-7391.xls
778,214.6,10.0,export-roasts_PR-7391.xls
779,214.6,10.0,export-roasts_PR-7391.xls
780,214.7,10.0,export-roasts_PR-7391.xls
781,214.8,10.0,export-roasts_PR-7391.xls
782,215.0,10.0,export-roasts_PR-7391.xls
783,215.0,10.0,export-roasts_PR-7391.xls
784,215.2,10.0,export-roasts_PR-7391.xls
785,215.3,10.0,export-roasts_PR-7391.xls
786,215.4,10.0,export-roasts_PR-7391.xls
787,215.5,10.0,export-roasts_PR-7391.xls
788,215.6,10.0,export-roasts_PR-7391.xls
789,215.7,10.0,export-roasts_PR-7391.xls
790,215.9,10.0,export-roasts_PR-7391.xls
791,216.0,10.0,export-roasts_PR-7391.xls
792,216.1,10.0,export-roasts_PR-7391.xls
793,216.2,10.0,export-roasts_PR-7391.xls
794,216.2,10.0,export-roasts_PR-7391.xls
795,216.4,10.0,export-roasts_PR-7391.xls
796,216.5,10.0,export-roasts_PR-7391.xls
797,216.6,10.0,export-roasts_PR-7391.xls
798,216.8,10.0,export-roasts_PR-7391.xls
799,216.9,10.0,export-roasts_PR-7391.xls
800,217.0,10.0,export-roasts_PR-7391.xls
801,217.1,10.0,export-roasts_PR-7391.xls
802,217.2,10.0,export-roasts_PR-7391.xls
803,217.3,10.0,export-roasts_PR-7391.xls
804,217.4,10.0,export-roasts_PR-7391.xls
805,217.6,10.0,export-roasts_PR-7391.xls
806,217.7,10.0,export-roasts_PR-7391.xls
807,217.9,10.0,export-roasts_PR-7391.xls
808,218.0,10.0,export-roasts_PR-7391.xls
809,218.1,10.0,export-roasts_PR-7391.xls
810,218.2,10.0,export-roasts_PR-7391.xls
811,218.3,10.0,export-roasts_PR-7391.xls
812,218.4,10.0,export-roasts_PR-7391.xls
813,218.6,10.0,export-roasts_PR-7391.xls
814,218.7,10.0,export-roasts_PR-7391.xls
815,218.8,10.0,export-roasts_PR-7391.xls
816,219.0,10.0,export-roasts_PR-7391.xls
817,219.1,10.0,export-roasts_PR-7391.xls
818,219.2,10.0,export-roasts_PR-7391.xls
819,219.3,10.0,export-roasts_PR-7391.xls
820,219.4,10.0,export-roasts_PR-7391.xls
821,219.5,10.0,export-roasts_PR-7391.xls
822,219.7,10.0,export-roasts_PR-7391.xls
823,219.8,10.0,export-roasts_PR-7391.xls
824,219.9,10.0,export-roasts_PR-7391.xls
825,220.0,10.0,export-roasts_PR-7391.xls
826,220.1,10.0,export-roasts_PR-7391.xls
827,220.4,10.0,export-roasts_PR-7391.xls
828,220.5,10.0,export-roasts_PR-7391.xls
0,218.5,0.0,export-roasts_PR-7505.xls
1,220.2,0.0,export-roasts_PR-7505.xls
2,218.4,0.0,export-roasts_PR-7505.xls
3,213.6,0.0,export-roasts_PR-7505.xls
4,206.2,0.0,export-roasts_PR-7505.xls
5,197.0,0.0,export-roasts_PR-7505.xls
6,187.4,0.0,export-roasts_PR-7505.xls
7,177.6,0.0,export-roasts_PR-7505.xls
8,168.1,0.0,export-roasts_PR-7505.xls
9,159.1,0.0,export-roasts_PR-7505.xls
10,150.4,0.0,export-roasts_PR-7505.xls
11,142.4,0.0,export-roasts_PR-7505.xls
12,135.0,0.0,export-roasts_PR-7505.xls
13,128.1,0.0,export-roasts_PR-7505.xls
14,121.9,0.0,export-roasts_PR-7505.xls
15,116.0,0.0,export-roasts_PR-7505.xls
16,110.7,0.0,export-roasts_PR-7505.xls
17,105.7,0.0,export-roasts_PR-7505.xls
18,101.2,0.0,export-roasts_PR-7505.xls
19,97.0,0.0,export-roasts_PR-7505.xls
20,93.2,0.0,export-roasts_PR-7505.xls
21,89.8,0.0,export-roasts_PR-7505.xls
22,86.7,0.0,export-roasts_PR-7505.xls
23,83.9,100.0,export-roasts_PR-7505.xls
24,81.3,100.0,export-roasts_PR-7505.xls
25,78.9,100.0,export-roasts_PR-7505.xls
26,76.7,100.0,export-roasts_PR-7505.xls
27,74.7,100.0,export-roasts_PR-7505.xls
28,72.8,100.0,export-roasts_PR-7505.xls
29,71.2,100.0,export-roasts_PR-7505.xls
30,69.7,100.0,export-roasts_PR-7505.xls
31,68.4,100.0,export-roasts_PR-7505.xls
32,67.1,100.0,export-roasts_PR-7505.xls
33,66.1,100.0,export-roasts_PR-7505.xls
34,65.1,100.0,export-roasts_PR-7505.xls
35,64.2,100.0,export-roasts_PR-7505.xls
36,63.5,100.0,export-roasts_PR-7505.xls
37,62.8,100.0,export-roasts_PR-7505.xls
38,62.2,100.0,export-roasts_PR-7505.xls
39,61.7,100.0,export-roasts_PR-7505.xls
40,61.3,100.0,export-roasts_PR-7505.xls
41,61.0,100.0,export-roasts_PR-7505.xls
42,60.7,100.0,export-roasts_PR-7505.xls
43,60.5,100.0,export-roasts_PR-7505.xls
44,60.3,100.0,export-roasts_PR-7505.xls
45,60.2,100.0,export-roasts_PR-7505.xls
46,60.1,100.0,export-roasts_PR-7505.xls
47,60.1,100.0,export-roasts_PR-7505.xls
48,60.1,100.0,export-roasts_PR-7505.xls
49,60.1,100.0,export-roasts_PR-7505.xls
50,60.3,100.0,export-roasts_PR-7505.xls
51,60.3,100.0,export-roasts_PR-7505.xls
52,60.5,100.0,export-roasts_PR-7505.xls
53,60.6,100.0,export-roasts_PR-7505.xls
54,60.8,100.0,export-roasts_PR-7505.xls
55,61.0,100.0,export-roasts_PR-7505.xls
56,61.2,100.0,export-roasts_PR-7505.xls
57,61.5,100.0,export-roasts_PR-7505.xls
58,61.7,100.0,export-roasts_PR-7505.xls
59,62.0,100.0,export-roasts_PR-7505.xls
60,62.2,100.0,export-roasts_PR-7505.xls
61,62.4,100.0,export-roasts_PR-7505.xls
62,62.8,100.0,export-roasts_PR-7505.xls
63,63.0,100.0,export-roasts_PR-7505.xls
64,63.4,100.0,export-roasts_PR-7505.xls
65,63.7,100.0,export-roasts_PR-7505.xls
66,64.0,100.0,export-roasts_PR-7505.xls
67,64.3,100.0,export-roasts_PR-7505.xls
68,64.6,100.0,export-roasts_PR-7505.xls
69,64.9,100.0,export-roasts_PR-7505.xls
70,65.3,100.0,export-roasts_PR-7505.xls
71,65.6,100.0,export-roasts_PR-7505.xls
72,66.0,100.0,export-roasts_PR-7505.xls
73,66.3,100.0,export-roasts_PR-7505.xls
74,66.7,100.0,export-roasts_PR-7505.xls
75,67.1,100.0,export-roasts_PR-7505.xls
76,67.4,100.0,export-roasts_PR-7505.xls
77,67.9,100.0,export-roasts_PR-7505.xls
78,68.2,100.0,export-roasts_PR-7505.xls
79,68.6,100.0,export-roasts_PR-7505.xls
80,69.0,100.0,export-roasts_PR-7505.xls
81,69.4,100.0,export-roasts_PR-7505.xls
82,69.8,100.0,export-roasts_PR-7505.xls
83,70.1,100.0,export-roasts_PR-7505.xls
84,70.5,100.0,export-roasts_PR-7505.xls
85,70.8,100.0,export-roasts_PR-7505.xls
86,71.2,100.0,export-roasts_PR-7505.xls
87,71.6,100.0,export-roasts_PR-7505.xls
88,72.0,100.0,export-roasts_PR-7505.xls
89,72.3,100.0,export-roasts_PR-7505.xls
90,72.7,100.0,export-roasts_PR-7505.xls
91,73.0,100.0,export-roasts_PR-7505.xls
92,73.4,100.0,export-roasts_PR-7505.xls
93,73.7,100.0,export-roasts_PR-7505.xls
94,74.1,100.0,export-roasts_PR-7505.xls
95,74.5,100.0,export-roasts_PR-7505.xls
96,74.8,100.0,export-roasts_PR-7505.xls
97,75.2,100.0,export-roasts_PR-7505.xls
98,75.6,100.0,export-roasts_PR-7505.xls
99,75.9,100.0,export-roasts_PR-7505.xls
100,76.3,100.0,export-roasts_PR-7505.xls
101,76.6,100.0,export-roasts_PR-7505.xls
102,77.0,100.0,export-roasts_PR-7505.xls
103,77.4,100.0,export-roasts_PR-7505.xls
104,77.8,100.0,export-roasts_PR-7505.xls
105,78.1,100.0,export-roasts_PR-7505.xls
106,78.5,100.0,export-roasts_PR-7505.xls
107,78.9,100.0,export-roasts_PR-7505.xls
108,79.2,100.0,export-roasts_PR-7505.xls
109,79.6,100.0,export-roasts_PR-7505.xls
110,80.0,100.0,export-roasts_PR-7505.xls
111,80.4,100.0,export-roasts_PR-7505.xls
112,80.7,100.0,export-roasts_PR-7505.xls
113,81.0,100.0,export-roasts_PR-7505.xls
114,81.4,100.0,export-roasts_PR-7505.xls
115,81.7,100.0,export-roasts_PR-7505.xls
116,82.0,100.0,export-roasts_PR-7505.xls
117,82.4,100.0,export-roasts_PR-7505.xls
118,82.7,100.0,export-roasts_PR-7505.xls
119,83.1,100.0,export-roasts_PR-7505.xls
120,83.4,100.0,export-roasts_PR-7505.xls
121,83.8,100.0,export-roasts_PR-7505.xls
122,84.2,100.0,export-roasts_PR-7505.xls
123,84.5,100.0,export-roasts_PR-7505.xls
124,84.8,100.0,export-roasts_PR-7505.xls
125,85.1,100.0,export-roasts_PR-7505.xls
126,85.5,100.0,export-roasts_PR-7505.xls
127,85.9,100.0,export-roasts_PR-7505.xls
128,86.2,100.0,export-roasts_PR-7505.xls
129,86.5,100.0,export-roasts_PR-7505.xls
130,86.9,100.0,export-roasts_PR-7505.xls
131,87.2,100.0,export-roasts_PR-7505.xls
132,87.5,100.0,export-roasts_PR-7505.xls
133,87.9,100.0,export-roasts_PR-7505.xls
134,88.2,100.0,export-roasts_PR-7505.xls
135,88.5,100.0,export-roasts_PR-7505.xls
136,88.9,100.0,export-roasts_PR-7505.xls
137,89.2,100.0,export-roasts_PR-7505.xls
138,89.5,100.0,export-roasts_PR-7505.xls
139,89.9,100.0,export-roasts_PR-7505.xls
140,90.1,100.0,export-roasts_PR-7505.xls
141,90.5,100.0,export-roasts_PR-7505.xls
142,90.7,100.0,export-roasts_PR-7505.xls
143,91.0,100.0,export-roasts_PR-7505.xls
144,91.3,100.0,export-roasts_PR-7505.xls
145,91.6,100.0,export-roasts_PR-7505.xls
146,91.9,100.0,export-roasts_PR-7505.xls
147,92.2,100.0,export-roasts_PR-7505.xls
148,92.5,100.0,export-roasts_PR-7505.xls
149,92.8,100.0,export-roasts_PR-7505.xls
150,93.1,100.0,export-roasts_PR-7505.xls
151,93.4,100.0,export-roasts_PR-7505.xls
152,93.7,100.0,export-roasts_PR-7505.xls
153,94.1,100.0,export-roasts_PR-7505.xls
154,94.3,100.0,export-roasts_PR-7505.xls
155,94.6,100.0,export-roasts_PR-7505.xls
156,94.9,100.0,export-roasts_PR-7505.xls
157,95.2,100.0,export-roasts_PR-7505.xls
158,95.5,100.0,export-roasts_PR-7505.xls
159,95.7,100.0,export-roasts_PR-7505.xls
160,96.0,100.0,export-roasts_PR-7505.xls
161,96.3,100.0,export-roasts_PR-7505.xls
162,96.6,100.0,export-roasts_PR-7505.xls
163,96.9,100.0,export-roasts_PR-7505.xls
164,97.3,100.0,export-roasts_PR-7505.xls
165,97.5,100.0,export-roasts_PR-7505.xls
166,97.8,100.0,export-roasts_PR-7505.xls
167,98.1,100.0,export-roasts_PR-7505.xls
168,98.4,100.0,export-roasts_PR-7505.xls
169,98.6,100.0,export-roasts_PR-7505.xls
170,98.9,100.0,export-roasts_PR-7505.xls
171,99.2,100.0,export-roasts_PR-7505.xls
172,99.5,100.0,export-roasts_PR-7505.xls
173,99.7,100.0,export-roasts_PR-7505.xls
174,100.0,100.0,export-roasts_PR-7505.xls
175,100.3,100.0,export-roasts_PR-7505.xls
176,100.6,100.0,export-roasts_PR-7505.xls
177,100.9,100.0,export-roasts_PR-7505.xls
178,101.2,100.0,export-roasts_PR-7505.xls
179,101.4,100.0,export-roasts_PR-7505.xls
180,101.7,100.0,export-roasts_PR-7505.xls
181,102.0,100.0,export-roasts_PR-7505.xls
182,102.2,100.0,export-roasts_PR-7505.xls
183,102.6,100.0,export-roasts_PR-7505.xls
184,102.8,100.0,export-roasts_PR-7505.xls
185,103.1,100.0,export-roasts_PR-7505.xls
186,103.4,100.0,export-roasts_PR-7505.xls
187,103.6,100.0,export-roasts_PR-7505.xls
188,103.9,100.0,export-roasts_PR-7505.xls
189,104.2,100.0,export-roasts_PR-7505.xls
190,104.5,100.0,export-roasts_PR-7505.xls
191,104.7,100.0,export-roasts_PR-7505.xls
192,105.0,100.0,export-roasts_PR-7505.xls
193,105.3,100.0,export-roasts_PR-7505.xls
194,105.5,100.0,export-roasts_PR-7505.xls
195,105.8,100.0,export-roasts_PR-7505.xls
196,106.1,100.0,export-roasts_PR-7505.xls
197,106.4,100.0,export-roasts_PR-7505.xls
198,106.6,100.0,export-roasts_PR-7505.xls
199,106.9,100.0,export-roasts_PR-7505.xls
200,107.1,100.0,export-roasts_PR-7505.xls
201,107.4,100.0,export-roasts_PR-7505.xls
202,107.7,100.0,export-roasts_PR-7505.xls
203,107.9,100.0,export-roasts_PR-7505.xls
204,108.2,100.0,export-roasts_PR-7505.xls
205,108.5,100.0,export-roasts_PR-7505.xls
206,108.7,100.0,export-roasts_PR-7505.xls
207,109.0,100.0,export-roasts_PR-7505.xls
208,109.3,100.0,export-roasts_PR-7505.xls
209,109.5,100.0,export-roasts_PR-7505.xls
210,109.7,100.0,export-roasts_PR-7505.xls
211,110.0,100.0,export-roasts_PR-7505.xls
212,110.2,100.0,export-roasts_PR-7505.xls
213,110.5,100.0,export-roasts_PR-7505.xls
214,110.8,100.0,export-roasts_PR-7505.xls
215,111.0,100.0,export-roasts_PR-7505.xls
216,111.3,100.0,export-roasts_PR-7505.xls
217,111.5,100.0,export-roasts_PR-7505.xls
218,111.8,100.0,export-roasts_PR-7505.xls
219,112.0,100.0,export-roasts_PR-7505.xls
220,112.3,100.0,export-roasts_PR-7505.xls
221,112.6,100.0,export-roasts_PR-7505.xls
222,112.8,100.0,export-roasts_PR-7505.xls
223,113.0,100.0,export-roasts_PR-7505.xls
224,113.3,100.0,export-roasts_PR-7505.xls
225,113.6,100.0,export-roasts_PR-7505.xls
226,113.8,100.0,export-roasts_PR-7505.xls
227,114.1,100.0,export-roasts_PR-7505.xls
228,114.4,100.0,export-roasts_PR-7505.xls
229,114.6,100.0,export-roasts_PR-7505.xls
230,114.9,100.0,export-roasts_PR-7505.xls
231,115.1,100.0,export-roasts_PR-7505.xls
232,115.4,100.0,export-roasts_PR-7505.xls
233,115.6,100.0,export-roasts_PR-7505.xls
234,115.8,100.0,export-roasts_PR-7505.xls
235,116.1,100.0,export-roasts_PR-7505.xls
236,116.3,100.0,export-roasts_PR-7505.xls
237,116.5,100.0,export-roasts_PR-7505.xls
238,116.8,100.0,export-roasts_PR-7505.xls
239,117.0,100.0,export-roasts_PR-7505.xls
240,117.3,100.0,export-roasts_PR-7505.xls
241,117.5,100.0,export-roasts_PR-7505.xls
242,117.7,100.0,export-roasts_PR-7505.xls
243,118.0,100.0,export-roasts_PR-7505.xls
244,118.3,100.0,export-roasts_PR-7505.xls
245,118.5,100.0,export-roasts_PR-7505.xls
246,118.8,100.0,export-roasts_PR-7505.xls
247,119.1,100.0,export-roasts_PR-7505.xls
248,119.3,100.0,export-roasts_PR-7505.xls
249,119.5,100.0,export-roasts_PR-7505.xls
250,119.8,100.0,export-roasts_PR-7505.xls
251,120.1,100.0,export-roasts_PR-7505.xls
252,120.3,100.0,export-roasts_PR-7505.xls
253,120.6,100.0,export-roasts_PR-7505.xls
254,120.8,100.0,export-roasts_PR-7505.xls
255,121.1,100.0,export-roasts_PR-7505.xls
256,121.3,100.0,export-roasts_PR-7505.xls
257,121.6,100.0,export-roasts_PR-7505.xls
258,121.9,100.0,export-roasts_PR-7505.xls
259,122.1,100.0,export-roasts_PR-7505.xls
260,122.3,100.0,export-roasts_PR-7505.xls
261,122.6,100.0,export-roasts_PR-7505.xls
262,122.8,100.0,export-roasts_PR-7505.xls
263,123.1,100.0,export-roasts_PR-7505.xls
264,123.3,100.0,export-roasts_PR-7505.xls
265,123.5,100.0,export-roasts_PR-7505.xls
266,123.8,100.0,export-roasts_PR-7505.xls
267,124.0,100.0,export-roasts_PR-7505.xls
268,124.2,100.0,export-roasts_PR-7505.xls
269,124.5,100.0,export-roasts_PR-7505.xls
270,124.7,100.0,export-roasts_PR-7505.xls
271,124.9,100.0,export-roasts_PR-7505.xls
272,125.2,100.0,export-roasts_PR-7505.xls
273,125.5,100.0,export-roasts_PR-7505.xls
274,125.7,100.0,export-roasts_PR-7505.xls
275,125.9,100.0,export-roasts_PR-7505.xls
276,126.1,100.0,export-roasts_PR-7505.xls
277,126.3,100.0,export-roasts_PR-7505.xls
278,126.5,100.0,export-roasts_PR-7505.xls
279,126.8,100.0,export-roasts_PR-7505.xls
280,127.0,100.0,export-roasts_PR-7505.xls
281,127.3,100.0,export-roasts_PR-7505.xls
282,127.5,100.0,export-roasts_PR-7505.xls
283,127.7,100.0,export-roasts_PR-7505.xls
284,128.0,100.0,export-roasts_PR-7505.xls
285,128.2,100.0,export-roasts_PR-7505.xls
286,128.5,100.0,export-roasts_PR-7505.xls
287,128.7,100.0,export-roasts_PR-7505.xls
288,128.9,100.0,export-roasts_PR-7505.xls
289,129.2,100.0,export-roasts_PR-7505.xls
290,129.4,100.0,export-roasts_PR-7505.xls
291,129.6,100.0,export-roasts_PR-7505.xls
292,129.8,100.0,export-roasts_PR-7505.xls
293,130.1,100.0,export-roasts_PR-7505.xls
294,130.3,100.0,export-roasts_PR-7505.xls
295,130.6,100.0,export-roasts_PR-7505.xls
296,130.8,100.0,export-roasts_PR-7505.xls
297,131.0,100.0,export-roasts_PR-7505.xls
298,131.3,100.0,export-roasts_PR-7505.xls
299,131.6,100.0,export-roasts_PR-7505.xls
300,131.8,100.0,export-roasts_PR-7505.xls
301,132.0,100.0,export-roasts_PR-7505.xls
302,132.2,100.0,export-roasts_PR-7505.xls
303,132.4,100.0,export-roasts_PR-7505.xls
304,132.7,100.0,export-roasts_PR-7505.xls
305,132.9,100.0,export-roasts_PR-7505.xls
306,133.2,100.0,export-roasts_PR-7505.xls
307,133.4,100.0,export-roasts_PR-7505.xls
308,133.7,100.0,export-roasts_PR-7505.xls
309,133.9,100.0,export-roasts_PR-7505.xls
310,134.1,100.0,export-roasts_PR-7505.xls
311,134.4,100.0,export-roasts_PR-7505.xls
312,134.6,100.0,export-roasts_PR-7505.xls
313,134.8,100.0,export-roasts_PR-7505.xls
314,135.0,100.0,export-roasts_PR-7505.xls
315,135.3,100.0,export-roasts_PR-7505.xls
316,135.5,100.0,export-roasts_PR-7505.xls
317,135.8,100.0,export-roasts_PR-7505.xls
318,136.0,100.0,export-roasts_PR-7505.xls
319,136.2,100.0,export-roasts_PR-7505.xls
320,136.4,100.0,export-roasts_PR-7505.xls
321,136.6,100.0,export-roasts_PR-7505.xls
322,136.8,100.0,export-roasts_PR-7505.xls
323,137.1,100.0,export-roasts_PR-7505.xls
324,137.4,100.0,export-roasts_PR-7505.xls
325,137.6,100.0,export-roasts_PR-7505.xls
326,137.8,100.0,export-roasts_PR-7505.xls
327,138.1,100.0,export-roasts_PR-7505.xls
328,138.3,100.0,export-roasts_PR-7505.xls
329,138.5,100.0,export-roasts_PR-7505.xls
330,138.7,100.0,export-roasts_PR-7505.xls
331,139.0,100.0,export-roasts_PR-7505.xls
332,139.1,100.0,export-roasts_PR-7505.xls
333,139.4,100.0,export-roasts_PR-7505.xls
334,139.6,100.0,export-roasts_PR-7505.xls
335,139.8,100.0,export-roasts_PR-7505.xls
336,140.0,100.0,export-roasts_PR-7505.xls
337,140.2,100.0,export-roasts_PR-7505.xls
338,140.4,100.0,export-roasts_PR-7505.xls
339,140.6,100.0,export-roasts_PR-7505.xls
340,140.8,100.0,export-roasts_PR-7505.xls
341,141.1,100.0,export-roasts_PR-7505.xls
342,141.3,100.0,export-roasts_PR-7505.xls
343,141.5,100.0,export-roasts_PR-7505.xls
344,141.8,100.0,export-roasts_PR-7505.xls
345,142.0,100.0,export-roasts_PR-7505.xls
346,142.2,100.0,export-roasts_PR-7505.xls
347,142.5,100.0,export-roasts_PR-7505.xls
348,142.7,100.0,export-roasts_PR-7505.xls
349,143.0,100.0,export-roasts_PR-7505.xls
350,143.1,100.0,export-roasts_PR-7505.xls
351,143.3,100.0,export-roasts_PR-7505.xls
352,143.6,100.0,export-roasts_PR-7505.xls
353,143.7,100.0,export-roasts_PR-7505.xls
354,143.9,100.0,export-roasts_PR-7505.xls
355,144.1,100.0,export-roasts_PR-7505.xls
356,144.4,100.0,export-roasts_PR-7505.xls
357,144.6,100.0,export-roasts_PR-7505.xls
358,144.8,100.0,export-roasts_PR-7505.xls
359,145.1,100.0,export-roasts_PR-7505.xls
360,145.3,100.0,export-roasts_PR-7505.xls
361,145.5,100.0,export-roasts_PR-7505.xls
362,145.8,100.0,export-roasts_PR-7505.xls
363,146.0,100.0,export-roasts_PR-7505.xls
364,146.2,100.0,export-roasts_PR-7505.xls
365,146.4,100.0,export-roasts_PR-7505.xls
366,146.6,100.0,export-roasts_PR-7505.xls
367,146.9,100.0,export-roasts_PR-7505.xls
368,147.1,100.0,export-roasts_PR-7505.xls
369,147.3,100.0,export-roasts_PR-7505.xls
370,147.5,100.0,export-roasts_PR-7505.xls
371,147.7,100.0,export-roasts_PR-7505.xls
372,147.9,100.0,export-roasts_PR-7505.xls
373,148.1,100.0,export-roasts_PR-7505.xls
374,148.3,100.0,export-roasts_PR-7505.xls
375,148.6,100.0,export-roasts_PR-7505.xls
376,148.8,100.0,export-roasts_PR-7505.xls
377,149.1,100.0,export-roasts_PR-7505.xls
378,149.3,100.0,export-roasts_PR-7505.xls
379,149.5,100.0,export-roasts_PR-7505.xls
380,149.7,100.0,export-roasts_PR-7505.xls
381,149.9,100.0,export-roasts_PR-7505.xls
382,150.1,100.0,export-roasts_PR-7505.xls
383,150.3,100.0,export-roasts_PR-7505.xls
384,150.5,100.0,export-roasts_PR-7505.xls
385,150.7,100.0,export-roasts_PR-7505.xls
386,151.0,100.0,export-roasts_PR-7505.xls
387,151.2,100.0,export-roasts_PR-7505.xls
388,151.4,100.0,export-roasts_PR-7505.xls
389,151.6,100.0,export-roasts_PR-7505.xls
390,151.8,100.0,export-roasts_PR-7505.xls
391,152.0,100.0,export-roasts_PR-7505.xls
392,152.2,100.0,export-roasts_PR-7505.xls
393,152.4,100.0,export-roasts_PR-7505.xls
394,152.6,100.0,export-roasts_PR-7505.xls
395,152.9,100.0,export-roasts_PR-7505.xls
396,153.1,100.0,export-roasts_PR-7505.xls
397,153.2,100.0,export-roasts_PR-7505.xls
398,153.5,100.0,export-roasts_PR-7505.xls
399,153.7,100.0,export-roasts_PR-7505.xls
400,153.9,100.0,export-roasts_PR-7505.xls
401,154.1,100.0,export-roasts_PR-7505.xls
402,154.3,100.0,export-roasts_PR-7505.xls
403,154.6,100.0,export-roasts_PR-7505.xls
404,154.7,100.0,export-roasts_PR-7505.xls
405,155.0,100.0,export-roasts_PR-7505.xls
406,155.2,100.0,export-roasts_PR-7505.xls
407,155.4,100.0,export-roasts_PR-7505.xls
408,155.6,100.0,export-roasts_PR-7505.xls
409,155.8,100.0,export-roasts_PR-7505.xls
410,156.0,100.0,export-roasts_PR-7505.xls
411,156.2,100.0,export-roasts_PR-7505.xls
412,156.5,100.0,export-roasts_PR-7505.xls
413,156.7,100.0,export-roasts_PR-7505.xls
414,156.9,100.0,export-roasts_PR-7505.xls
415,157.1,100.0,export-roasts_PR-7505.xls
416,157.3,100.0,export-roasts_PR-7505.xls
417,157.5,100.0,export-roasts_PR-7505.xls
418,157.8,100.0,export-roasts_PR-7505.xls
419,157.9,100.0,export-roasts_PR-7505.xls
420,158.1,100.0,export-roasts_PR-7505.xls
421,158.4,100.0,export-roasts_PR-7505.xls
422,158.5,100.0,export-roasts_PR-7505.xls
423,158.7,100.0,export-roasts_PR-7505.xls
424,158.9,100.0,export-roasts_PR-7505.xls
425,159.1,100.0,export-roasts_PR-7505.xls
426,159.3,100.0,export-roasts_PR-7505.xls
427,159.5,100.0,export-roasts_PR-7505.xls
428,159.7,100.0,export-roasts_PR-7505.xls
429,159.9,100.0,export-roasts_PR-7505.xls
430,160.1,100.0,export-roasts_PR-7505.xls
431,160.3,100.0,export-roasts_PR-7505.xls
432,160.5,100.0,export-roasts_PR-7505.xls
433,160.8,100.0,export-roasts_PR-7505.xls
434,161.0,100.0,export-roasts_PR-7505.xls
435,161.2,100.0,export-roasts_PR-7505.xls
436,161.4,100.0,export-roasts_PR-7505.xls
437,161.6,100.0,export-roasts_PR-7505.xls
438,161.8,100.0,export-roasts_PR-7505.xls
439,162.0,100.0,export-roasts_PR-7505.xls
440,162.2,100.0,export-roasts_PR-7505.xls
441,162.4,100.0,export-roasts_PR-7505.xls
442,162.6,100.0,export-roasts_PR-7505.xls
443,162.8,100.0,export-roasts_PR-7505.xls
444,163.0,100.0,export-roasts_PR-7505.xls
445,163.2,100.0,export-roasts_PR-7505.xls
446,163.4,100.0,export-roasts_PR-7505.xls
447,163.6,100.0,export-roasts_PR-7505.xls
448,163.8,100.0,export-roasts_PR-7505.xls
449,164.0,100.0,export-roasts_PR-7505.xls
450,164.2,100.0,export-roasts_PR-7505.xls
451,164.4,100.0,export-roasts_PR-7505.xls
452,164.6,100.0,export-roasts_PR-7505.xls
453,164.9,100.0,export-roasts_PR-7505.xls
454,165.1,100.0,export-roasts_PR-7505.xls
455,165.3,100.0,export-roasts_PR-7505.xls
456,165.5,100.0,export-roasts_PR-7505.xls
457,165.8,100.0,export-roasts_PR-7505.xls
458,166.0,100.0,export-roasts_PR-7505.xls
459,166.1,100.0,export-roasts_PR-7505.xls
460,166.4,100.0,export-roasts_PR-7505.xls
461,166.6,100.0,export-roasts_PR-7505.xls
462,166.8,100.0,export-roasts_PR-7505.xls
463,167.0,100.0,export-roasts_PR-7505.xls
464,167.2,100.0,export-roasts_PR-7505.xls
465,167.4,100.0,export-roasts_PR-7505.xls
466,167.6,100.0,export-roasts_PR-7505.xls
467,167.8,100.0,export-roasts_PR-7505.xls
468,168.0,100.0,export-roasts_PR-7505.xls
469,168.3,100.0,export-roasts_PR-7505.xls
470,168.4,100.0,export-roasts_PR-7505.xls
471,168.7,100.0,export-roasts_PR-7505.xls
472,168.9,100.0,export-roasts_PR-7505.xls
473,169.1,100.0,export-roasts_PR-7505.xls
474,169.3,100.0,export-roasts_PR-7505.xls
475,169.5,100.0,export-roasts_PR-7505.xls
476,169.7,100.0,export-roasts_PR-7505.xls
477,169.9,100.0,export-roasts_PR-7505.xls
478,170.1,100.0,export-roasts_PR-7505.xls
479,170.3,100.0,export-roasts_PR-7505.xls
480,170.5,100.0,export-roasts_PR-7505.xls
481,170.7,100.0,export-roasts_PR-7505.xls
482,170.9,100.0,export-roasts_PR-7505.xls
483,171.1,100.0,export-roasts_PR-7505.xls
484,171.3,100.0,export-roasts_PR-7505.xls
485,171.5,100.0,export-roasts_PR-7505.xls
486,171.7,100.0,export-roasts_PR-7505.xls
487,171.9,100.0,export-roasts_PR-7505.xls
488,172.1,100.0,export-roasts_PR-7505.xls
489,172.4,100.0,export-roasts_PR-7505.xls
490,172.6,100.0,export-roasts_PR-7505.xls
491,172.8,100.0,export-roasts_PR-7505.xls
492,173.1,100.0,export-roasts_PR-7505.xls
493,173.3,100.0,export-roasts_PR-7505.xls
494,173.6,100.0,export-roasts_PR-7505.xls
495,173.8,100.0,export-roasts_PR-7505.xls
496,174.0,100.0,export-roasts_PR-7505.xls
497,174.2,100.0,export-roasts_PR-7505.xls
498,174.4,100.0,export-roasts_PR-7505.xls
499,174.6,100.0,export-roasts_PR-7505.xls
500,174.9,100.0,export-roasts_PR-7505.xls
501,175.0,100.0,export-roasts_PR-7505.xls
502,175.2,100.0,export-roasts_PR-7505.xls
503,175.4,100.0,export-roasts_PR-7505.xls
504,175.6,100.0,export-roasts_PR-7505.xls
505,175.8,100.0,export-roasts_PR-7505.xls
506,176.0,90.0,export-roasts_PR-7505.xls
507,176.2,90.0,export-roasts_PR-7505.xls
508,176.4,90.0,export-roasts_PR-7505.xls
509,176.6,90.0,export-roasts_PR-7505.xls
510,176.8,90.0,export-roasts_PR-7505.xls
511,177.0,90.0,export-roasts_PR-7505.xls
512,177.3,90.0,export-roasts_PR-7505.xls
513,177.4,90.0,export-roasts_PR-7505.xls
514,177.6,90.0,export-roasts_PR-7505.xls
515,177.9,90.0,export-roasts_PR-7505.xls
516,178.1,90.0,export-roasts_PR-7505.xls
517,178.2,90.0,export-roasts_PR-7505.xls
518,178.4,90.0,export-roasts_PR-7505.xls
519,178.7,90.0,export-roasts_PR-7505.xls
520,178.9,90.0,export-roasts_PR-7505.xls
521,179.2,90.0,export-roasts_PR-7505.xls
522,179.4,90.0,export-roasts_PR-7505.xls
523,179.6,90.0,export-roasts_PR-7505.xls
524,179.8,90.0,export-roasts_PR-7505.xls
525,180.0,90.0,export-roasts_PR-7505.xls
526,180.2,90.0,export-roasts_PR-7505.xls
527,180.4,90.0,export-roasts_PR-7505.xls
528,180.6,90.0,export-roasts_PR-7505.xls
529,180.8,90.0,export-roasts_PR-7505.xls
530,181.1,90.0,export-roasts_PR-7505.xls
531,181.2,90.0,export-roasts_PR-7505.xls
532,181.4,90.0,export-roasts_PR-7505.xls
533,181.7,90.0,export-roasts_PR-7505.xls
534,181.8,90.0,export-roasts_PR-7505.xls
535,182.0,90.0,export-roasts_PR-7505.xls
536,182.2,90.0,export-roasts_PR-7505.xls
537,182.4,90.0,export-roasts_PR-7505.xls
538,182.6,90.0,export-roasts_PR-7505.xls
539,182.8,90.0,export-roasts_PR-7505.xls
540,183.0,90.0,export-roasts_PR-7505.xls
541,183.1,90.0,export-roasts_PR-7505.xls
542,183.4,90.0,export-roasts_PR-7505.xls
543,183.6,90.0,export-roasts_PR-7505.xls
544,183.7,90.0,export-roasts_PR-7505.xls
545,184.0,90.0,export-roasts_PR-7505.xls
546,184.1,90.0,export-roasts_PR-7505.xls
547,184.3,90.0,export-roasts_PR-7505.xls
548,184.5,90.0,export-roasts_PR-7505.xls
549,184.7,90.0,export-roasts_PR-7505.xls
550,185.0,90.0,export-roasts_PR-7505.xls
551,185.2,90.0,export-roasts_PR-7505.xls
552,185.4,90.0,export-roasts_PR-7505.xls
553,185.6,90.0,export-roasts_PR-7505.xls
554,185.8,90.0,export-roasts_PR-7505.xls
555,186.0,90.0,export-roasts_PR-7505.xls
556,186.2,90.0,export-roasts_PR-7505.xls
557,186.5,90.0,export-roasts_PR-7505.xls
558,186.7,90.0,export-roasts_PR-7505.xls
559,186.9,90.0,export-roasts_PR-7505.xls
560,187.1,90.0,export-roasts_PR-7505.xls
561,187.4,90.0,export-roasts_PR-7505.xls
562,187.5,90.0,export-roasts_PR-7505.xls
563,187.8,90.0,export-roasts_PR-7505.xls
564,188.0,90.0,export-roasts_PR-7505.xls
565,188.2,90.0,export-roasts_PR-7505.xls
566,188.4,90.0,export-roasts_PR-7505.xls
567,188.6,90.0,export-roasts_PR-7505.xls
568,188.9,90.0,export-roasts_PR-7505.xls
569,189.0,90.0,export-roasts_PR-7505.xls
570,189.3,90.0,export-roasts_PR-7505.xls
571,189.5,90.0,export-roasts_PR-7505.xls
572,189.7,90.0,export-roasts_PR-7505.xls
573,189.8,90.0,export-roasts_PR-7505.xls
574,190.1,90.0,export-roasts_PR-7505.xls
575,190.3,90.0,export-roasts_PR-7505.xls
576,190.5,90.0,export-roasts_PR-7505.xls
577,190.7,90.0,export-roasts_PR-7505.xls
578,191.0,90.0,export-roasts_PR-7505.xls
579,191.2,90.0,export-roasts_PR-7505.xls
580,191.4,90.0,export-roasts_PR-7505.xls
581,191.6,0.0,export-roasts_PR-7505.xls
582,191.8,0.0,export-roasts_PR-7505.xls
583,192.0,0.0,export-roasts_PR-7505.xls
584,192.2,0.0,export-roasts_PR-7505.xls
585,192.5,0.0,export-roasts_PR-7505.xls
586,192.7,0.0,export-roasts_PR-7505.xls
587,192.9,0.0,export-roasts_PR-7505.xls
588,193.1,0.0,export-roasts_PR-7505.xls
589,193.3,0.0,export-roasts_PR-7505.xls
590,193.5,0.0,export-roasts_PR-7505.xls
591,193.6,0.0,export-roasts_PR-7505.xls
592,193.9,0.0,export-roasts_PR-7505.xls
593,194.0,0.0,export-roasts_PR-7505.xls
594,194.2,0.0,export-roasts_PR-7505.xls
595,194.4,0.0,export-roasts_PR-7505.xls
596,194.5,0.0,export-roasts_PR-7505.xls
597,194.7,0.0,export-roasts_PR-7505.xls
598,194.9,0.0,export-roasts_PR-7505.xls
599,195.1,0.0,export-roasts_PR-7505.xls
600,195.2,0.0,export-roasts_PR-7505.xls
601,195.4,0.0,export-roasts_PR-7505.xls
602,195.5,0.0,export-roasts_PR-7505.xls
603,195.7,0.0,export-roasts_PR-7505.xls
604,195.9,0.0,export-roasts_PR-7505.xls
605,196.0,0.0,export-roasts_PR-7505.xls
606,196.1,0.0,export-roasts_PR-7505.xls
607,196.2,0.0,export-roasts_PR-7505.xls
608,196.4,0.0,export-roasts_PR-7505.xls
609,196.5,0.0,export-roasts_PR-7505.xls
610,196.6,0.0,export-roasts_PR-7505.xls
611,196.7,0.0,export-roasts_PR-7505.xls
612,196.8,0.0,export-roasts_PR-7505.xls
613,196.9,0.0,export-roasts_PR-7505.xls
614,197.0,0.0,export-roasts_PR-7505.xls
615,197.1,0.0,export-roasts_PR-7505.xls
616,197.2,0.0,export-roasts_PR-7505.xls
617,197.3,0.0,export-roasts_PR-7505.xls
618,197.5,0.0,export-roasts_PR-7505.xls
619,197.6,0.0,export-roasts_PR-7505.xls
620,197.7,0.0,export-roasts_PR-7505.xls
621,197.8,0.0,export-roasts_PR-7505.xls
622,197.9,0.0,export-roasts_PR-7505.xls
623,197.9,0.0,export-roasts_PR-7505.xls
624,198.1,0.0,export-roasts_PR-7505.xls
625,198.2,0.0,export-roasts_PR-7505.xls
626,198.3,0.0,export-roasts_PR-7505.xls
627,198.4,0.0,export-roasts_PR-7505.xls
628,198.5,0.0,export-roasts_PR-7505.xls
629,198.5,0.0,export-roasts_PR-7505.xls
630,198.7,0.0,export-roasts_PR-7505.xls
631,198.8,0.0,export-roasts_PR-7505.xls
632,198.9,0.0,export-roasts_PR-7505.xls
633,199.0,0.0,export-roasts_PR-7505.xls
634,199.1,0.0,export-roasts_PR-7505.xls
635,199.2,0.0,export-roasts_PR-7505.xls
636,199.3,0.0,export-roasts_PR-7505.xls
637,199.4,0.0,export-roasts_PR-7505.xls
638,199.5,0.0,export-roasts_PR-7505.xls
639,199.6,0.0,export-roasts_PR-7505.xls
640,199.7,0.0,export-roasts_PR-7505.xls
641,199.8,0.0,export-roasts_PR-7505.xls
642,199.9,0.0,export-roasts_PR-7505.xls
643,200.0,0.0,export-roasts_PR-7505.xls
644,200.1,5.0,export-roasts_PR-7505.xls
645,200.2,5.0,export-roasts_PR-7505.xls
646,200.3,5.0,export-roasts_PR-7505.xls
647,200.3,5.0,export-roasts_PR-7505.xls
648,200.4,5.0,export-roasts_PR-7505.xls
649,200.5,5.0,export-roasts_PR-7505.xls
650,200.5,5.0,export-roasts_PR-7505.xls
651,200.6,5.0,export-roasts_PR-7505.xls
652,200.7,5.0,export-roasts_PR-7505.xls
653,200.7,5.0,export-roasts_PR-7505.xls
654,200.8,5.0,export-roasts_PR-7505.xls
655,200.9,5.0,export-roasts_PR-7505.xls
656,201.0,5.0,export-roasts_PR-7505.xls
657,201.2,5.0,export-roasts_PR-7505.xls
658,201.3,5.0,export-roasts_PR-7505.xls
659,201.4,5.0,export-roasts_PR-7505.xls
660,201.4,5.0,export-roasts_PR-7505.xls
661,201.6,5.0,export-roasts_PR-7505.xls
662,201.6,5.0,export-roasts_PR-7505.xls
663,201.7,5.0,export-roasts_PR-7505.xls
664,201.8,5.0,export-roasts_PR-7505.xls
665,201.9,5.0,export-roasts_PR-7505.xls
666,202.0,5.0,export-roasts_PR-7505.xls
667,202.2,5.0,export-roasts_PR-7505.xls
668,202.2,5.0,export-roasts_PR-7505.xls
669,202.4,5.0,export-roasts_PR-7505.xls
670,202.5,5.0,export-roasts_PR-7505.xls
671,202.7,5.0,export-roasts_PR-7505.xls
672,202.8,5.0,export-roasts_PR-7505.xls
673,202.9,5.0,export-roasts_PR-7505.xls
674,203.0,5.0,export-roasts_PR-7505.xls
675,203.1,5.0,export-roasts_PR-7505.xls
676,203.2,5.0,export-roasts_PR-7505.xls
677,203.3,5.0,export-roasts_PR-7505.xls
678,203.4,5.0,export-roasts_PR-7505.xls
679,203.5,5.0,export-roasts_PR-7505.xls
680,203.6,5.0,export-roasts_PR-7505.xls
681,203.7,5.0,export-roasts_PR-7505.xls
682,203.9,5.0,export-roasts_PR-7505.xls
683,204.0,5.0,export-roasts_PR-7505.xls
684,204.1,5.0,export-roasts_PR-7505.xls
685,204.2,5.0,export-roasts_PR-7505.xls
686,204.3,5.0,export-roasts_PR-7505.xls
687,204.4,5.0,export-roasts_PR-7505.xls
688,204.6,5.0,export-roasts_PR-7505.xls
689,204.7,5.0,export-roasts_PR-7505.xls
690,204.8,5.0,export-roasts_PR-7505.xls
691,204.9,5.0,export-roasts_PR-7505.xls
692,205.0,5.0,export-roasts_PR-7505.xls
693,205.1,5.0,export-roasts_PR-7505.xls
694,205.2,5.0,export-roasts_PR-7505.xls
695,205.3,5.0,export-roasts_PR-7505.xls
696,205.5,5.0,export-roasts_PR-7505.xls
697,205.5,5.0,export-roasts_PR-7505.xls
698,205.6,5.0,export-roasts_PR-7505.xls
699,205.7,5.0,export-roasts_PR-7505.xls
700,205.8,5.0,export-roasts_PR-7505.xls
701,205.9,10.0,export-roasts_PR-7505.xls
702,206.0,10.0,export-roasts_PR-7505.xls
703,206.1,10.0,export-roasts_PR-7505.xls
704,206.2,10.0,export-roasts_PR-7505.xls
705,206.3,10.0,export-roasts_PR-7505.xls
706,206.4,10.0,export-roasts_PR-7505.xls
707,206.5,10.0,export-roasts_PR-7505.xls
708,206.5,10.0,export-roasts_PR-7505.xls
709,206.7,10.0,export-roasts_PR-7505.xls
710,206.7,10.0,export-roasts_PR-7505.xls
711,206.9,10.0,export-roasts_PR-7505.xls
712,206.9,10.0,export-roasts_PR-7505.xls
713,207.0,10.0,export-roasts_PR-7505.xls
714,207.1,10.0,export-roasts_PR-7505.xls
715,207.2,10.0,export-roasts_PR-7505.xls
716,207.3,10.0,export-roasts_PR-7505.xls
717,207.4,10.0,export-roasts_PR-7505.xls
718,207.5,10.0,export-roasts_PR-7505.xls
719,207.6,10.0,export-roasts_PR-7505.xls
720,207.7,10.0,export-roasts_PR-7505.xls
721,207.8,10.0,export-roasts_PR-7505.xls
722,207.9,10.0,export-roasts_PR-7505.xls
723,208.0,10.0,export-roasts_PR-7505.xls
724,208.1,10.0,export-roasts_PR-7505.xls
725,208.2,10.0,export-roasts_PR-7505.xls
726,208.3,10.0,export-roasts_PR-7505.xls
727,208.4,10.0,export-roasts_PR-7505.xls
728,208.6,10.0,export-roasts_PR-7505.xls
729,208.7,10.0,export-roasts_PR-7505.xls
730,208.8,10.0,export-roasts_PR-7505.xls
731,208.9,10.0,export-roasts_PR-7505.xls
732,209.0,10.0,export-roasts_PR-7505.xls
733,209.1,10.0,export-roasts_PR-7505.xls
734,209.2,10.0,export-roasts_PR-7505.xls
735,209.3,10.0,export-roasts_PR-7505.xls
736,209.4,10.0,export-roasts_PR-7505.xls
737,209.5,10.0,export-roasts_PR-7505.xls
738,209.6,10.0,export-roasts_PR-7505.xls
739,209.7,10.0,export-roasts_PR-7505.xls
740,209.8,10.0,export-roasts_PR-7505.xls
741,209.9,10.0,export-roasts_PR-7505.xls
742,210.0,10.0,export-roasts_PR-7505.xls
743,210.1,10.0,export-roasts_PR-7505.xls
744,210.2,10.0,export-roasts_PR-7505.xls
745,210.3,10.0,export-roasts_PR-7505.xls
746,210.4,10.0,export-roasts_PR-7505.xls
747,210.5,10.0,export-roasts_PR-7505.xls
748,210.6,10.0,export-roasts_PR-7505.xls
749,210.7,10.0,export-roasts_PR-7505.xls
750,210.7,10.0,export-roasts_PR-7505.xls
751,210.8,10.0,export-roasts_PR-7505.xls
752,210.9,10.0,export-roasts_PR-7505.xls
753,211.0,10.0,export-roasts_PR-7505.xls
754,211.1,10.0,export-roasts_PR-7505.xls
755,211.2,10.0,export-roasts_PR-7505.xls
756,211.3,10.0,export-roasts_PR-7505.xls
757,211.3,10.0,export-roasts_PR-7505.xls
758,211.5,10.0,export-roasts_PR-7505.xls
759,211.6,10.0,export-roasts_PR-7505.xls
760,211.8,10.0,export-roasts_PR-7505.xls
761,211.9,10.0,export-roasts_PR-7505.xls
762,212.0,10.0,export-roasts_PR-7505.xls
763,212.1,10.0,export-roasts_PR-7505.xls
764,212.2,10.0,export-roasts_PR-7505.xls
765,212.3,10.0,export-roasts_PR-7505.xls
766,212.4,10.0,export-roasts_PR-7505.xls
767,212.5,10.0,export-roasts_PR-7505.xls
768,212.6,10.0,export-roasts_PR-7505.xls
769,212.8,10.0,export-roasts_PR-7505.xls
770,212.9,10.0,export-roasts_PR-7505.xls
771,213.0,10.0,export-roasts_PR-7505.xls
772,213.1,10.0,export-roasts_PR-7505.xls
773,213.2,10.0,export-roasts_PR-7505.xls
774,213.4,10.0,export-roasts_PR-7505.xls
775,213.5,10.0,export-roasts_PR-7505.xls
776,213.6,10.0,export-roasts_PR-7505.xls
777,213.7,10.0,export-roasts_PR-7505.xls
778,213.8,10.0,export-roasts_PR-7505.xls
779,214.0,10.0,export-roasts_PR-7505.xls
780,214.1,10.0,export-roasts_PR-7505.xls
781,214.2,10.0,export-roasts_PR-7505.xls
782,214.3,10.0,export-roasts_PR-7505.xls
783,214.4,10.0,export-roasts_PR-7505.xls
784,214.6,10.0,export-roasts_PR-7505.xls
785,214.7,10.0,export-roasts_PR-7505.xls
786,214.8,10.0,export-roasts_PR-7505.xls
787,215.0,10.0,export-roasts_PR-7505.xls
788,215.0,10.0,export-roasts_PR-7505.xls
789,215.2,10.0,export-roasts_PR-7505.xls
790,215.3,10.0,export-roasts_PR-7505.xls
791,215.4,10.0,export-roasts_PR-7505.xls
792,215.5,10.0,export-roasts_PR-7505.xls
793,215.6,10.0,export-roasts_PR-7505.xls
794,215.7,10.0,export-roasts_PR-7505.xls
795,215.8,10.0,export-roasts_PR-7505.xls
796,216.0,10.0,export-roasts_PR-7505.xls
797,216.1,10.0,export-roasts_PR-7505.xls
798,216.2,10.0,export-roasts_PR-7505.xls
799,216.3,10.0,export-roasts_PR-7505.xls
800,216.5,10.0,export-roasts_PR-7505.xls
801,216.6,10.0,export-roasts_PR-7505.xls
802,216.7,10.0,export-roasts_PR-7505.xls
803,216.8,10.0,export-roasts_PR-7505.xls
804,216.9,10.0,export-roasts_PR-7505.xls
805,217.1,10.0,export-roasts_PR-7505.xls
806,217.2,10.0,export-roasts_PR-7505.xls
807,217.3,10.0,export-roasts_PR-7505.xls
808,217.4,10.0,export-roasts_PR-7505.xls
809,217.6,10.0,export-roasts_PR-7505.xls
0,219.8,0.0,export-roasts_PR-8253.xls
1,217.3,0.0,export-roasts_PR-8253.xls
2,211.7,0.0,export-roasts_PR-8253.xls
3,203.7,0.0,export-roasts_PR-8253.xls
4,194.6,0.0,export-roasts_PR-8253.xls
5,184.7,0.0,export-roasts_PR-8253.xls
6,174.8,0.0,export-roasts_PR-8253.xls
7,165.1,0.0,export-roasts_PR-8253.xls
8,155.7,0.0,export-roasts_PR-8253.xls
9,147.0,0.0,export-roasts_PR-8253.xls
10,138.9,0.0,export-roasts_PR-8253.xls
11,131.3,0.0,export-roasts_PR-8253.xls
12,124.4,0.0,export-roasts_PR-8253.xls
13,118.0,0.0,export-roasts_PR-8253.xls
14,112.0,0.0,export-roasts_PR-8253.xls
15,106.5,0.0,export-roasts_PR-8253.xls
16,101.4,0.0,export-roasts_PR-8253.xls
17,96.8,0.0,export-roasts_PR-8253.xls
18,92.6,0.0,export-roasts_PR-8253.xls
19,88.9,0.0,export-roasts_PR-8253.xls
20,85.5,0.0,export-roasts_PR-8253.xls
21,82.2,0.0,export-roasts_PR-8253.xls
22,79.4,0.0,export-roasts_PR-8253.xls
23,76.7,100.0,export-roasts_PR-8253.xls
24,74.3,100.0,export-roasts_PR-8253.xls
25,72.1,100.0,export-roasts_PR-8253.xls
26,70.1,100.0,export-roasts_PR-8253.xls
27,68.3,100.0,export-roasts_PR-8253.xls
28,66.7,100.0,export-roasts_PR-8253.xls
29,65.2,100.0,export-roasts_PR-8253.xls
30,63.9,100.0,export-roasts_PR-8253.xls
31,62.7,100.0,export-roasts_PR-8253.xls
32,61.6,100.0,export-roasts_PR-8253.xls
33,60.6,100.0,export-roasts_PR-8253.xls
34,59.8,100.0,export-roasts_PR-8253.xls
35,59.0,100.0,export-roasts_PR-8253.xls
36,58.4,100.0,export-roasts_PR-8253.xls
37,57.9,100.0,export-roasts_PR-8253.xls
38,57.4,100.0,export-roasts_PR-8253.xls
39,57.0,100.0,export-roasts_PR-8253.xls
40,56.7,100.0,export-roasts_PR-8253.xls
41,56.5,100.0,export-roasts_PR-8253.xls
42,56.3,100.0,export-roasts_PR-8253.xls
43,56.1,100.0,export-roasts_PR-8253.xls
44,56.0,100.0,export-roasts_PR-8253.xls
45,56.0,100.0,export-roasts_PR-8253.xls
46,55.9,100.0,export-roasts_PR-8253.xls
47,55.9,100.0,export-roasts_PR-8253.xls
48,56.0,100.0,export-roasts_PR-8253.xls
49,56.0,100.0,export-roasts_PR-8253.xls
50,56.1,100.0,export-roasts_PR-8253.xls
51,56.3,100.0,export-roasts_PR-8253.xls
52,56.4,100.0,export-roasts_PR-8253.xls
53,56.5,100.0,export-roasts_PR-8253.xls
54,56.7,100.0,export-roasts_PR-8253.xls
55,56.9,100.0,export-roasts_PR-8253.xls
56,57.1,100.0,export-roasts_PR-8253.xls
57,57.4,100.0,export-roasts_PR-8253.xls
58,57.7,100.0,export-roasts_PR-8253.xls
59,58.0,100.0,export-roasts_PR-8253.xls
60,58.2,100.0,export-roasts_PR-8253.xls
61,58.5,100.0,export-roasts_PR-8253.xls
62,58.8,100.0,export-roasts_PR-8253.xls
63,59.2,100.0,export-roasts_PR-8253.xls
64,59.5,100.0,export-roasts_PR-8253.xls
65,59.8,100.0,export-roasts_PR-8253.xls
66,60.2,100.0,export-roasts_PR-8253.xls
67,60.6,100.0,export-roasts_PR-8253.xls
68,60.9,100.0,export-roasts_PR-8253.xls
69,61.3,100.0,export-roasts_PR-8253.xls
70,61.7,100.0,export-roasts_PR-8253.xls
71,62.0,100.0,export-roasts_PR-8253.xls
72,62.4,100.0,export-roasts_PR-8253.xls
73,62.8,100.0,export-roasts_PR-8253.xls
74,63.2,100.0,export-roasts_PR-8253.xls
75,63.6,100.0,export-roasts_PR-8253.xls
76,64.0,100.0,export-roasts_PR-8253.xls
77,64.4,100.0,export-roasts_PR-8253.xls
78,64.8,100.0,export-roasts_PR-8253.xls
79,65.1,100.0,export-roasts_PR-8253.xls
80,65.5,100.0,export-roasts_PR-8253.xls
81,66.0,100.0,export-roasts_PR-8253.xls
82,66.3,100.0,export-roasts_PR-8253.xls
83,66.7,100.0,export-roasts_PR-8253.xls
84,67.1,100.0,export-roasts_PR-8253.xls
85,67.5,100.0,export-roasts_PR-8253.xls
86,68.0,100.0,export-roasts_PR-8253.xls
87,68.4,100.0,export-roasts_PR-8253.xls
88,68.8,100.0,export-roasts_PR-8253.xls
89,69.2,100.0,export-roasts_PR-8253.xls
90,69.6,100.0,export-roasts_PR-8253.xls
91,70.0,100.0,export-roasts_PR-8253.xls
92,70.3,100.0,export-roasts_PR-8253.xls
93,70.8,100.0,export-roasts_PR-8253.xls
94,71.1,100.0,export-roasts_PR-8253.xls
95,71.5,100.0,export-roasts_PR-8253.xls
96,71.9,100.0,export-roasts_PR-8253.xls
97,72.3,100.0,export-roasts_PR-8253.xls
98,72.7,100.0,export-roasts_PR-8253.xls
99,73.0,100.0,export-roasts_PR-8253.xls
100,73.4,100.0,export-roasts_PR-8253.xls
101,73.8,100.0,export-roasts_PR-8253.xls
102,74.1,100.0,export-roasts_PR-8253.xls
103,74.5,100.0,export-roasts_PR-8253.xls
104,74.9,100.0,export-roasts_PR-8253.xls
105,75.3,100.0,export-roasts_PR-8253.xls
106,75.7,100.0,export-roasts_PR-8253.xls
107,76.0,100.0,export-roasts_PR-8253.xls
108,76.5,100.0,export-roasts_PR-8253.xls
109,76.9,100.0,export-roasts_PR-8253.xls
110,77.2,100.0,export-roasts_PR-8253.xls
111,77.6,100.0,export-roasts_PR-8253.xls
112,78.0,100.0,export-roasts_PR-8253.xls
113,78.4,100.0,export-roasts_PR-8253.xls
114,78.7,100.0,export-roasts_PR-8253.xls
115,79.1,100.0,export-roasts_PR-8253.xls
116,79.4,100.0,export-roasts_PR-8253.xls
117,79.8,100.0,export-roasts_PR-8253.xls
118,80.1,100.0,export-roasts_PR-8253.xls
119,80.5,100.0,export-roasts_PR-8253.xls
120,80.8,100.0,export-roasts_PR-8253.xls
121,81.2,100.0,export-roasts_PR-8253.xls
122,81.5,100.0,export-roasts_PR-8253.xls
123,81.9,100.0,export-roasts_PR-8253.xls
124,82.2,100.0,export-roasts_PR-8253.xls
125,82.6,100.0,export-roasts_PR-8253.xls
126,83.0,100.0,export-roasts_PR-8253.xls
127,83.3,100.0,export-roasts_PR-8253.xls
128,83.7,100.0,export-roasts_PR-8253.xls
129,84.1,100.0,export-roasts_PR-8253.xls
130,84.5,100.0,export-roasts_PR-8253.xls
131,84.8,100.0,export-roasts_PR-8253.xls
132,85.2,100.0,export-roasts_PR-8253.xls
133,85.5,100.0,export-roasts_PR-8253.xls
134,85.9,100.0,export-roasts_PR-8253.xls
135,86.3,100.0,export-roasts_PR-8253.xls
136,86.5,100.0,export-roasts_PR-8253.xls
137,86.9,100.0,export-roasts_PR-8253.xls
138,87.3,100.0,export-roasts_PR-8253.xls
139,87.6,100.0,export-roasts_PR-8253.xls
140,87.9,100.0,export-roasts_PR-8253.xls
141,88.3,100.0,export-roasts_PR-8253.xls
142,88.6,100.0,export-roasts_PR-8253.xls
143,88.9,100.0,export-roasts_PR-8253.xls
144,89.3,100.0,export-roasts_PR-8253.xls
145,89.6,100.0,export-roasts_PR-8253.xls
146,89.9,100.0,export-roasts_PR-8253.xls
147,90.2,100.0,export-roasts_PR-8253.xls
148,90.5,100.0,export-roasts_PR-8253.xls
149,90.8,100.0,export-roasts_PR-8253.xls
150,91.1,100.0,export-roasts_PR-8253.xls
151,91.4,100.0,export-roasts_PR-8253.xls
152,91.7,100.0,export-roasts_PR-8253.xls
153,92.0,100.0,export-roasts_PR-8253.xls
154,92.3,100.0,export-roasts_PR-8253.xls
155,92.6,100.0,export-roasts_PR-8253.xls
156,92.9,100.0,export-roasts_PR-8253.xls
157,93.2,100.0,export-roasts_PR-8253.xls
158,93.6,100.0,export-roasts_PR-8253.xls
159,93.8,100.0,export-roasts_PR-8253.xls
160,94.1,100.0,export-roasts_PR-8253.xls
161,94.5,100.0,export-roasts_PR-8253.xls
162,94.7,100.0,export-roasts_PR-8253.xls
163,95.1,100.0,export-roasts_PR-8253.xls
164,95.4,100.0,export-roasts_PR-8253.xls
165,95.6,100.0,export-roasts_PR-8253.xls
166,96.0,100.0,export-roasts_PR-8253.xls
167,96.2,100.0,export-roasts_PR-8253.xls
168,96.5,100.0,export-roasts_PR-8253.xls
169,96.8,100.0,export-roasts_PR-8253.xls
170,97.1,100.0,export-roasts_PR-8253.xls
171,97.4,100.0,export-roasts_PR-8253.xls
172,97.7,100.0,export-roasts_PR-8253.xls
173,98.0,100.0,export-roasts_PR-8253.xls
174,98.3,100.0,export-roasts_PR-8253.xls
175,98.6,100.0,export-roasts_PR-8253.xls
176,98.9,100.0,export-roasts_PR-8253.xls
177,99.2,100.0,export-roasts_PR-8253.xls
178,99.5,100.0,export-roasts_PR-8253.xls
179,99.8,100.0,export-roasts_PR-8253.xls
180,100.1,100.0,export-roasts_PR-8253.xls
181,100.4,100.0,export-roasts_PR-8253.xls
182,100.7,100.0,export-roasts_PR-8253.xls
183,101.0,100.0,export-roasts_PR-8253.xls
184,101.2,100.0,export-roasts_PR-8253.xls
185,101.6,100.0,export-roasts_PR-8253.xls
186,101.8,100.0,export-roasts_PR-8253.xls
187,102.1,100.0,export-roasts_PR-8253.xls
188,102.4,100.0,export-roasts_PR-8253.xls
189,102.6,100.0,export-roasts_PR-8253.xls
190,102.9,100.0,export-roasts_PR-8253.xls
191,103.2,100.0,export-roasts_PR-8253.xls
192,103.5,100.0,export-roasts_PR-8253.xls
193,103.8,100.0,export-roasts_PR-8253.xls
194,104.1,100.0,export-roasts_PR-8253.xls
195,104.3,100.0,export-roasts_PR-8253.xls
196,104.6,100.0,export-roasts_PR-8253.xls
197,104.8,100.0,export-roasts_PR-8253.xls
198,105.1,100.0,export-roasts_PR-8253.xls
199,105.4,100.0,export-roasts_PR-8253.xls
200,105.7,100.0,export-roasts_PR-8253.xls
201,106.0,100.0,export-roasts_PR-8253.xls
202,106.2,100.0,export-roasts_PR-8253.xls
203,106.5,100.0,export-roasts_PR-8253.xls
204,106.7,100.0,export-roasts_PR-8253.xls
205,107.0,100.0,export-roasts_PR-8253.xls
206,107.3,100.0,export-roasts_PR-8253.xls
207,107.5,100.0,export-roasts_PR-8253.xls
208,107.8,100.0,export-roasts_PR-8253.xls
209,108.1,100.0,export-roasts_PR-8253.xls
210,108.4,100.0,export-roasts_PR-8253.xls
211,108.6,100.0,export-roasts_PR-8253.xls
212,108.9,100.0,export-roasts_PR-8253.xls
213,109.1,100.0,export-roasts_PR-8253.xls
214,109.4,100.0,export-roasts_PR-8253.xls
215,109.7,100.0,export-roasts_PR-8253.xls
216,109.9,100.0,export-roasts_PR-8253.xls
217,110.2,100.0,export-roasts_PR-8253.xls
218,110.4,100.0,export-roasts_PR-8253.xls
219,110.7,100.0,export-roasts_PR-8253.xls
220,110.9,100.0,export-roasts_PR-8253.xls
221,111.2,100.0,export-roasts_PR-8253.xls
222,111.4,100.0,export-roasts_PR-8253.xls
223,111.7,100.0,export-roasts_PR-8253.xls
224,112.0,100.0,export-roasts_PR-8253.xls
225,112.2,100.0,export-roasts_PR-8253.xls
226,112.5,100.0,export-roasts_PR-8253.xls
227,112.7,100.0,export-roasts_PR-8253.xls
228,113.0,100.0,export-roasts_PR-8253.xls
229,113.3,100.0,export-roasts_PR-8253.xls
230,113.6,100.0,export-roasts_PR-8253.xls
231,113.8,100.0,export-roasts_PR-8253.xls
232,114.1,100.0,export-roasts_PR-8253.xls
233,114.4,100.0,export-roasts_PR-8253.xls
234,114.6,100.0,export-roasts_PR-8253.xls
235,114.9,100.0,export-roasts_PR-8253.xls
236,115.1,100.0,export-roasts_PR-8253.xls
237,115.4,100.0,export-roasts_PR-8253.xls
238,115.6,100.0,export-roasts_PR-8253.xls
239,115.9,100.0,export-roasts_PR-8253.xls
240,116.1,100.0,export-roasts_PR-8253.xls
241,116.3,100.0,export-roasts_PR-8253.xls
242,116.6,100.0,export-roasts_PR-8253.xls
243,116.9,100.0,export-roasts_PR-8253.xls
244,117.1,100.0,export-roasts_PR-8253.xls
245,117.4,100.0,export-roasts_PR-8253.xls
246,117.6,100.0,export-roasts_PR-8253.xls
247,117.9,100.0,export-roasts_PR-8253.xls
248,118.1,100.0,export-roasts_PR-8253.xls
249,118.4,100.0,export-roasts_PR-8253.xls
250,118.6,100.0,export-roasts_PR-8253.xls
251,118.8,100.0,export-roasts_PR-8253.xls
252,119.1,100.0,export-roasts_PR-8253.xls
253,119.3,100.0,export-roasts_PR-8253.xls
254,119.6,100.0,export-roasts_PR-8253.xls
255,119.8,100.0,export-roasts_PR-8253.xls
256,120.1,100.0,export-roasts_PR-8253.xls
257,120.4,100.0,export-roasts_PR-8253.xls
258,120.6,100.0,export-roasts_PR-8253.xls
259,120.9,100.0,export-roasts_PR-8253.xls
260,121.2,100.0,export-roasts_PR-8253.xls
261,121.4,100.0,export-roasts_PR-8253.xls
262,121.7,100.0,export-roasts_PR-8253.xls
263,121.9,100.0,export-roasts_PR-8253.xls
264,122.2,100.0,export-roasts_PR-8253.xls
265,122.4,100.0,export-roasts_PR-8253.xls
266,122.6,100.0,export-roasts_PR-8253.xls
267,122.9,100.0,export-roasts_PR-8253.xls
268,123.1,100.0,export-roasts_PR-8253.xls
269,123.4,100.0,export-roasts_PR-8253.xls
270,123.6,100.0,export-roasts_PR-8253.xls
271,123.9,100.0,export-roasts_PR-8253.xls
272,124.1,100.0,export-roasts_PR-8253.xls
273,124.3,100.0,export-roasts_PR-8253.xls
274,124.6,100.0,export-roasts_PR-8253.xls
275,124.8,100.0,export-roasts_PR-8253.xls
276,125.0,100.0,export-roasts_PR-8253.xls
277,125.3,100.0,export-roasts_PR-8253.xls
278,125.5,100.0,export-roasts_PR-8253.xls
279,125.7,100.0,export-roasts_PR-8253.xls
280,125.9,100.0,export-roasts_PR-8253.xls
281,126.2,100.0,export-roasts_PR-8253.xls
282,126.3,100.0,export-roasts_PR-8253.xls
283,126.6,100.0,export-roasts_PR-8253.xls
284,126.8,100.0,export-roasts_PR-8253.xls
285,127.1,100.0,export-roasts_PR-8253.xls
286,127.3,100.0,export-roasts_PR-8253.xls
287,127.5,100.0,export-roasts_PR-8253.xls
288,127.8,100.0,export-roasts_PR-8253.xls
289,128.0,100.0,export-roasts_PR-8253.xls
290,128.3,100.0,export-roasts_PR-8253.xls
291,128.5,100.0,export-roasts_PR-8253.xls
292,128.7,100.0,export-roasts_PR-8253.xls
293,129.1,100.0,export-roasts_PR-8253.xls
294,129.3,100.0,export-roasts_PR-8253.xls
295,129.5,100.0,export-roasts_PR-8253.xls
296,129.8,100.0,export-roasts_PR-8253.xls
297,130.0,100.0,export-roasts_PR-8253.xls
298,130.3,100.0,export-roasts_PR-8253.xls
299,130.5,100.0,export-roasts_PR-8253.xls
300,130.8,100.0,export-roasts_PR-8253.xls
301,131.1,100.0,export-roasts_PR-8253.xls
302,131.3,100.0,export-roasts_PR-8253.xls
303,131.5,100.0,export-roasts_PR-8253.xls
304,131.7,100.0,export-roasts_PR-8253.xls
305,132.0,100.0,export-roasts_PR-8253.xls
306,132.2,100.0,export-roasts_PR-8253.xls
307,132.5,100.0,export-roasts_PR-8253.xls
308,132.7,100.0,export-roasts_PR-8253.xls
309,132.9,100.0,export-roasts_PR-8253.xls
310,133.1,100.0,export-roasts_PR-8253.xls
311,133.3,100.0,export-roasts_PR-8253.xls
312,133.6,100.0,export-roasts_PR-8253.xls
313,133.8,100.0,export-roasts_PR-8253.xls
314,134.0,100.0,export-roasts_PR-8253.xls
315,134.2,100.0,export-roasts_PR-8253.xls
316,134.5,100.0,export-roasts_PR-8253.xls
317,134.7,100.0,export-roasts_PR-8253.xls
318,135.0,100.0,export-roasts_PR-8253.xls
319,135.2,100.0,export-roasts_PR-8253.xls
320,135.5,100.0,export-roasts_PR-8253.xls
321,135.7,100.0,export-roasts_PR-8253.xls
322,135.9,100.0,export-roasts_PR-8253.xls
323,136.2,100.0,export-roasts_PR-8253.xls
324,136.4,100.0,export-roasts_PR-8253.xls
325,136.7,100.0,export-roasts_PR-8253.xls
326,137.0,100.0,export-roasts_PR-8253.xls
327,137.2,100.0,export-roasts_PR-8253.xls
328,137.4,100.0,export-roasts_PR-8253.xls
329,137.7,100.0,export-roasts_PR-8253.xls
330,137.9,100.0,export-roasts_PR-8253.xls
331,138.1,100.0,export-roasts_PR-8253.xls
332,138.4,100.0,export-roasts_PR-8253.xls
333,138.6,100.0,export-roasts_PR-8253.xls
334,138.9,100.0,export-roasts_PR-8253.xls
335,139.1,100.0,export-roasts_PR-8253.xls
336,139.3,100.0,export-roasts_PR-8253.xls
337,139.5,100.0,export-roasts_PR-8253.xls
338,139.8,100.0,export-roasts_PR-8253.xls
339,140.0,100.0,export-roasts_PR-8253.xls
340,140.1,100.0,export-roasts_PR-8253.xls
341,140.3,100.0,export-roasts_PR-8253.xls
342,140.6,100.0,export-roasts_PR-8253.xls
343,140.8,100.0,export-roasts_PR-8253.xls
344,141.0,100.0,export-roasts_PR-8253.xls
345,141.2,100.0,export-roasts_PR-8253.xls
346,141.4,100.0,export-roasts_PR-8253.xls
347,141.6,100.0,export-roasts_PR-8253.xls
348,141.8,100.0,export-roasts_PR-8253.xls
349,142.0,100.0,export-roasts_PR-8253.xls
350,142.2,100.0,export-roasts_PR-8253.xls
351,142.5,100.0,export-roasts_PR-8253.xls
352,142.7,100.0,export-roasts_PR-8253.xls
353,143.0,100.0,export-roasts_PR-8253.xls
354,143.2,100.0,export-roasts_PR-8253.xls
355,143.4,100.0,export-roasts_PR-8253.xls
356,143.6,100.0,export-roasts_PR-8253.xls
357,143.8,100.0,export-roasts_PR-8253.xls
358,144.1,100.0,export-roasts_PR-8253.xls
359,144.3,100.0,export-roasts_PR-8253.xls
360,144.5,100.0,export-roasts_PR-8253.xls
361,144.6,100.0,export-roasts_PR-8253.xls
362,144.9,100.0,export-roasts_PR-8253.xls
363,145.1,100.0,export-roasts_PR-8253.xls
364,145.3,100.0,export-roasts_PR-8253.xls
365,145.5,100.0,export-roasts_PR-8253.xls
366,145.8,100.0,export-roasts_PR-8253.xls
367,146.0,100.0,export-roasts_PR-8253.xls
368,146.2,100.0,export-roasts_PR-8253.xls
369,146.4,100.0,export-roasts_PR-8253.xls
370,146.6,100.0,export-roasts_PR-8253.xls
371,146.9,100.0,export-roasts_PR-8253.xls
372,147.1,100.0,export-roasts_PR-8253.xls
373,147.3,100.0,export-roasts_PR-8253.xls
374,147.5,100.0,export-roasts_PR-8253.xls
375,147.8,100.0,export-roasts_PR-8253.xls
376,148.0,100.0,export-roasts_PR-8253.xls
377,148.2,100.0,export-roasts_PR-8253.xls
378,148.4,100.0,export-roasts_PR-8253.xls
379,148.5,100.0,export-roasts_PR-8253.xls
380,148.8,100.0,export-roasts_PR-8253.xls
381,149.0,100.0,export-roasts_PR-8253.xls
382,149.2,100.0,export-roasts_PR-8253.xls
383,149.4,100.0,export-roasts_PR-8253.xls
384,149.7,100.0,export-roasts_PR-8253.xls
385,149.8,100.0,export-roasts_PR-8253.xls
386,150.1,100.0,export-roasts_PR-8253.xls
387,150.3,100.0,export-roasts_PR-8253.xls
388,150.5,100.0,export-roasts_PR-8253.xls
389,150.7,100.0,export-roasts_PR-8253.xls
390,150.9,100.0,export-roasts_PR-8253.xls
391,151.1,100.0,export-roasts_PR-8253.xls
392,151.3,100.0,export-roasts_PR-8253.xls
393,151.5,100.0,export-roasts_PR-8253.xls
394,151.7,100.0,export-roasts_PR-8253.xls
395,151.9,100.0,export-roasts_PR-8253.xls
396,152.2,100.0,export-roasts_PR-8253.xls
397,152.3,100.0,export-roasts_PR-8253.xls
398,152.6,100.0,export-roasts_PR-8253.xls
399,152.8,100.0,export-roasts_PR-8253.xls
400,153.1,100.0,export-roasts_PR-8253.xls
401,153.2,100.0,export-roasts_PR-8253.xls
402,153.4,100.0,export-roasts_PR-8253.xls
403,153.6,100.0,export-roasts_PR-8253.xls
404,153.8,100.0,export-roasts_PR-8253.xls
405,154.0,100.0,export-roasts_PR-8253.xls
406,154.2,100.0,export-roasts_PR-8253.xls
407,154.4,100.0,export-roasts_PR-8253.xls
408,154.6,100.0,export-roasts_PR-8253.xls
409,154.9,100.0,export-roasts_PR-8253.xls
410,155.0,100.0,export-roasts_PR-8253.xls
411,155.3,100.0,export-roasts_PR-8253.xls
412,155.4,100.0,export-roasts_PR-8253.xls
413,155.6,100.0,export-roasts_PR-8253.xls
414,155.9,100.0,export-roasts_PR-8253.xls
415,156.0,100.0,export-roasts_PR-8253.xls
416,156.2,100.0,export-roasts_PR-8253.xls
417,156.5,100.0,export-roasts_PR-8253.xls
418,156.7,100.0,export-roasts_PR-8253.xls
419,156.9,100.0,export-roasts_PR-8253.xls
420,157.1,100.0,export-roasts_PR-8253.xls
421,157.3,100.0,export-roasts_PR-8253.xls
422,157.5,100.0,export-roasts_PR-8253.xls
423,157.8,100.0,export-roasts_PR-8253.xls
424,157.9,100.0,export-roasts_PR-8253.xls
425,158.1,100.0,export-roasts_PR-8253.xls
426,158.4,100.0,export-roasts_PR-8253.xls
427,158.6,100.0,export-roasts_PR-8253.xls
428,158.8,100.0,export-roasts_PR-8253.xls
429,159.0,100.0,export-roasts_PR-8253.xls
430,159.2,100.0,export-roasts_PR-8253.xls
431,159.5,100.0,export-roasts_PR-8253.xls
432,159.7,100.0,export-roasts_PR-8253.xls
433,159.8,100.0,export-roasts_PR-8253.xls
434,160.1,100.0,export-roasts_PR-8253.xls
435,160.3,100.0,export-roasts_PR-8253.xls
436,160.5,100.0,export-roasts_PR-8253.xls
437,160.7,100.0,export-roasts_PR-8253.xls
438,160.9,100.0,export-roasts_PR-8253.xls
439,161.1,100.0,export-roasts_PR-8253.xls
440,161.3,100.0,export-roasts_PR-8253.xls
441,161.4,100.0,export-roasts_PR-8253.xls
442,161.6,100.0,export-roasts_PR-8253.xls
443,161.8,100.0,export-roasts_PR-8253.xls
444,162.0,100.0,export-roasts_PR-8253.xls
445,162.2,100.0,export-roasts_PR-8253.xls
446,162.4,100.0,export-roasts_PR-8253.xls
447,162.6,100.0,export-roasts_PR-8253.xls
448,162.9,100.0,export-roasts_PR-8253.xls
449,163.1,100.0,export-roasts_PR-8253.xls
450,163.3,100.0,export-roasts_PR-8253.xls
451,163.5,100.0,export-roasts_PR-8253.xls
452,163.7,100.0,export-roasts_PR-8253.xls
453,163.9,100.0,export-roasts_PR-8253.xls
454,164.2,100.0,export-roasts_PR-8253.xls
455,164.4,100.0,export-roasts_PR-8253.xls
456,164.6,100.0,export-roasts_PR-8253.xls
457,164.9,100.0,export-roasts_PR-8253.xls
458,165.1,100.0,export-roasts_PR-8253.xls
459,165.2,100.0,export-roasts_PR-8253.xls
460,165.5,100.0,export-roasts_PR-8253.xls
461,165.7,100.0,export-roasts_PR-8253.xls
462,165.9,100.0,export-roasts_PR-8253.xls
463,166.0,100.0,export-roasts_PR-8253.xls
464,166.2,100.0,export-roasts_PR-8253.xls
465,166.4,100.0,export-roasts_PR-8253.xls
466,166.5,100.0,export-roasts_PR-8253.xls
467,166.7,100.0,export-roasts_PR-8253.xls
468,166.9,100.0,export-roasts_PR-8253.xls
469,167.1,100.0,export-roasts_PR-8253.xls
470,167.3,100.0,export-roasts_PR-8253.xls
471,167.6,100.0,export-roasts_PR-8253.xls
472,167.8,100.0,export-roasts_PR-8253.xls
473,167.9,100.0,export-roasts_PR-8253.xls
474,168.2,100.0,export-roasts_PR-8253.xls
475,168.4,100.0,export-roasts_PR-8253.xls
476,168.6,100.0,export-roasts_PR-8253.xls
477,168.8,100.0,export-roasts_PR-8253.xls
478,169.0,100.0,export-roasts_PR-8253.xls
479,169.3,100.0,export-roasts_PR-8253.xls
480,169.4,100.0,export-roasts_PR-8253.xls
481,169.7,100.0,export-roasts_PR-8253.xls
482,169.9,100.0,export-roasts_PR-8253.xls
483,170.1,100.0,export-roasts_PR-8253.xls
484,170.3,100.0,export-roasts_PR-8253.xls
485,170.5,100.0,export-roasts_PR-8253.xls
486,170.7,100.0,export-roasts_PR-8253.xls
487,170.9,100.0,export-roasts_PR-8253.xls
488,171.1,100.0,export-roasts_PR-8253.xls
489,171.3,100.0,export-roasts_PR-8253.xls
490,171.5,100.0,export-roasts_PR-8253.xls
491,171.7,100.0,export-roasts_PR-8253.xls
492,171.9,100.0,export-roasts_PR-8253.xls
493,172.1,100.0,export-roasts_PR-8253.xls
494,172.3,100.0,export-roasts_PR-8253.xls
495,172.6,100.0,export-roasts_PR-8253.xls
496,172.8,100.0,export-roasts_PR-8253.xls
497,173.0,100.0,export-roasts_PR-8253.xls
498,173.1,100.0,export-roasts_PR-8253.xls
499,173.4,100.0,export-roasts_PR-8253.xls
500,173.6,100.0,export-roasts_PR-8253.xls
501,173.8,100.0,export-roasts_PR-8253.xls
502,174.0,100.0,export-roasts_PR-8253.xls
503,174.3,100.0,export-roasts_PR-8253.xls
504,174.5,100.0,export-roasts_PR-8253.xls
505,174.7,100.0,export-roasts_PR-8253.xls
506,174.9,100.0,export-roasts_PR-8253.xls
507,175.1,100.0,export-roasts_PR-8253.xls
508,175.3,100.0,export-roasts_PR-8253.xls
509,175.5,100.0,export-roasts_PR-8253.xls
510,175.8,100.0,export-roasts_PR-8253.xls
511,176.0,90.0,export-roasts_PR-8253.xls
512,176.2,90.0,export-roasts_PR-8253.xls
513,176.4,90.0,export-roasts_PR-8253.xls
514,176.6,90.0,export-roasts_PR-8253.xls
515,176.9,90.0,export-roasts_PR-8253.xls
516,177.1,90.0,export-roasts_PR-8253.xls
517,177.3,90.0,export-roasts_PR-8253.xls
518,177.5,90.0,export-roasts_PR-8253.xls
519,177.7,90.0,export-roasts_PR-8253.xls
520,177.9,90.0,export-roasts_PR-8253.xls
521,178.1,90.0,export-roasts_PR-8253.xls
522,178.3,90.0,export-roasts_PR-8253.xls
523,178.6,90.0,export-roasts_PR-8253.xls
524,178.8,90.0,export-roasts_PR-8253.xls
525,179.0,90.0,export-roasts_PR-8253.xls
526,179.3,90.0,export-roasts_PR-8253.xls
527,179.5,90.0,export-roasts_PR-8253.xls
528,179.7,90.0,export-roasts_PR-8253.xls
529,179.9,90.0,export-roasts_PR-8253.xls
530,180.1,90.0,export-roasts_PR-8253.xls
531,180.3,90.0,export-roasts_PR-8253.xls
532,180.5,90.0,export-roasts_PR-8253.xls
533,180.7,90.0,export-roasts_PR-8253.xls
534,180.9,90.0,export-roasts_PR-8253.xls
535,181.1,90.0,export-roasts_PR-8253.xls
536,181.3,90.0,export-roasts_PR-8253.xls
537,181.5,90.0,export-roasts_PR-8253.xls
538,181.7,90.0,export-roasts_PR-8253.xls
539,181.8,90.0,export-roasts_PR-8253.xls
540,182.0,90.0,export-roasts_PR-8253.xls
541,182.2,90.0,export-roasts_PR-8253.xls
542,182.4,90.0,export-roasts_PR-8253.xls
543,182.6,90.0,export-roasts_PR-8253.xls
544,182.9,90.0,export-roasts_PR-8253.xls
545,183.1,90.0,export-roasts_PR-8253.xls
546,183.3,90.0,export-roasts_PR-8253.xls
547,183.6,90.0,export-roasts_PR-8253.xls
548,183.8,90.0,export-roasts_PR-8253.xls
549,184.0,90.0,export-roasts_PR-8253.xls
550,184.2,90.0,export-roasts_PR-8253.xls
551,184.3,90.0,export-roasts_PR-8253.xls
552,184.6,90.0,export-roasts_PR-8253.xls
553,184.8,90.0,export-roasts_PR-8253.xls
554,184.9,90.0,export-roasts_PR-8253.xls
555,185.1,90.0,export-roasts_PR-8253.xls
556,185.3,90.0,export-roasts_PR-8253.xls
557,185.5,90.0,export-roasts_PR-8253.xls
558,185.7,90.0,export-roasts_PR-8253.xls
559,186.0,90.0,export-roasts_PR-8253.xls
560,186.2,90.0,export-roasts_PR-8253.xls
561,186.4,90.0,export-roasts_PR-8253.xls
562,186.6,90.0,export-roasts_PR-8253.xls
563,186.8,90.0,export-roasts_PR-8253.xls
564,187.0,90.0,export-roasts_PR-8253.xls
565,187.2,90.0,export-roasts_PR-8253.xls
566,187.4,90.0,export-roasts_PR-8253.xls
567,187.6,90.0,export-roasts_PR-8253.xls
568,187.8,90.0,export-roasts_PR-8253.xls
569,187.9,90.0,export-roasts_PR-8253.xls
570,188.1,90.0,export-roasts_PR-8253.xls
571,188.3,90.0,export-roasts_PR-8253.xls
572,188.5,90.0,export-roasts_PR-8253.xls
573,188.8,90.0,export-roasts_PR-8253.xls
574,189.0,90.0,export-roasts_PR-8253.xls
575,189.2,90.0,export-roasts_PR-8253.xls
576,189.4,90.0,export-roasts_PR-8253.xls
577,189.6,90.0,export-roasts_PR-8253.xls
578,189.8,90.0,export-roasts_PR-8253.xls
579,190.1,90.0,export-roasts_PR-8253.xls
580,190.3,90.0,export-roasts_PR-8253.xls
581,190.5,90.0,export-roasts_PR-8253.xls
582,190.8,90.0,export-roasts_PR-8253.xls
583,191.0,90.0,export-roasts_PR-8253.xls
584,191.2,90.0,export-roasts_PR-8253.xls
585,191.4,90.0,export-roasts_PR-8253.xls
586,191.6,0.0,export-roasts_PR-8253.xls
587,191.8,0.0,export-roasts_PR-8253.xls
588,192.1,0.0,export-roasts_PR-8253.xls
589,192.3,0.0,export-roasts_PR-8253.xls
590,192.6,0.0,export-roasts_PR-8253.xls
591,192.8,0.0,export-roasts_PR-8253.xls
592,193.0,0.0,export-roasts_PR-8253.xls
593,193.2,0.0,export-roasts_PR-8253.xls
594,193.4,0.0,export-roasts_PR-8253.xls
595,193.6,0.0,export-roasts_PR-8253.xls
596,193.8,0.0,export-roasts_PR-8253.xls
597,193.9,0.0,export-roasts_PR-8253.xls
598,194.1,0.0,export-roasts_PR-8253.xls
599,194.2,0.0,export-roasts_PR-8253.xls
600,194.4,0.0,export-roasts_PR-8253.xls
601,194.5,0.0,export-roasts_PR-8253.xls
602,194.7,0.0,export-roasts_PR-8253.xls
603,194.9,0.0,export-roasts_PR-8253.xls
604,195.0,0.0,export-roasts_PR-8253.xls
605,195.2,0.0,export-roasts_PR-8253.xls
606,195.3,0.0,export-roasts_PR-8253.xls
607,195.5,0.0,export-roasts_PR-8253.xls
608,195.6,0.0,export-roasts_PR-8253.xls
609,195.8,0.0,export-roasts_PR-8253.xls
610,195.9,0.0,export-roasts_PR-8253.xls
611,196.0,0.0,export-roasts_PR-8253.xls
612,196.1,0.0,export-roasts_PR-8253.xls
613,196.3,0.0,export-roasts_PR-8253.xls
614,196.4,0.0,export-roasts_PR-8253.xls
615,196.5,0.0,export-roasts_PR-8253.xls
616,196.6,0.0,export-roasts_PR-8253.xls
617,196.7,0.0,export-roasts_PR-8253.xls
618,196.9,0.0,export-roasts_PR-8253.xls
619,196.9,0.0,export-roasts_PR-8253.xls
620,197.1,0.0,export-roasts_PR-8253.xls
621,197.1,0.0,export-roasts_PR-8253.xls
622,197.3,0.0,export-roasts_PR-8253.xls
623,197.4,0.0,export-roasts_PR-8253.xls
624,197.5,0.0,export-roasts_PR-8253.xls
625,197.5,0.0,export-roasts_PR-8253.xls
626,197.6,0.0,export-roasts_PR-8253.xls
627,197.7,0.0,export-roasts_PR-8253.xls
628,197.8,0.0,export-roasts_PR-8253.xls
629,197.9,0.0,export-roasts_PR-8253.xls
630,197.9,0.0,export-roasts_PR-8253.xls
631,198.1,0.0,export-roasts_PR-8253.xls
632,198.2,0.0,export-roasts_PR-8253.xls
633,198.3,0.0,export-roasts_PR-8253.xls
634,198.4,0.0,export-roasts_PR-8253.xls
635,198.4,0.0,export-roasts_PR-8253.xls
636,198.5,0.0,export-roasts_PR-8253.xls
637,198.7,0.0,export-roasts_PR-8253.xls
638,198.7,0.0,export-roasts_PR-8253.xls
639,198.8,0.0,export-roasts_PR-8253.xls
640,198.8,0.0,export-roasts_PR-8253.xls
641,198.9,0.0,export-roasts_PR-8253.xls
642,199.0,0.0,export-roasts_PR-8253.xls
643,199.1,0.0,export-roasts_PR-8253.xls
644,199.1,5.0,export-roasts_PR-8253.xls
645,199.2,5.0,export-roasts_PR-8253.xls
646,199.3,5.0,export-roasts_PR-8253.xls
647,199.3,5.0,export-roasts_PR-8253.xls
648,199.4,5.0,export-roasts_PR-8253.xls
649,199.4,5.0,export-roasts_PR-8253.xls
650,199.6,5.0,export-roasts_PR-8253.xls
651,199.6,5.0,export-roasts_PR-8253.xls
652,199.8,5.0,export-roasts_PR-8253.xls
653,199.9,5.0,export-roasts_PR-8253.xls
654,200.0,5.0,export-roasts_PR-8253.xls
655,200.1,5.0,export-roasts_PR-8253.xls
656,200.2,5.0,export-roasts_PR-8253.xls
657,200.3,5.0,export-roasts_PR-8253.xls
658,200.5,5.0,export-roasts_PR-8253.xls
659,200.6,5.0,export-roasts_PR-8253.xls
660,200.7,5.0,export-roasts_PR-8253.xls
661,200.9,5.0,export-roasts_PR-8253.xls
662,201.0,5.0,export-roasts_PR-8253.xls
663,201.1,5.0,export-roasts_PR-8253.xls
664,201.2,5.0,export-roasts_PR-8253.xls
665,201.4,5.0,export-roasts_PR-8253.xls
666,201.5,5.0,export-roasts_PR-8253.xls
667,201.6,5.0,export-roasts_PR-8253.xls
668,201.7,5.0,export-roasts_PR-8253.xls
669,201.8,5.0,export-roasts_PR-8253.xls
670,202.0,5.0,export-roasts_PR-8253.xls
671,202.1,5.0,export-roasts_PR-8253.xls
672,202.2,5.0,export-roasts_PR-8253.xls
673,202.3,5.0,export-roasts_PR-8253.xls
674,202.4,5.0,export-roasts_PR-8253.xls
675,202.5,5.0,export-roasts_PR-8253.xls
676,202.6,5.0,export-roasts_PR-8253.xls
677,202.7,5.0,export-roasts_PR-8253.xls
678,202.8,5.0,export-roasts_PR-8253.xls
679,202.9,5.0,export-roasts_PR-8253.xls
680,203.0,5.0,export-roasts_PR-8253.xls
681,203.1,5.0,export-roasts_PR-8253.xls
682,203.2,5.0,export-roasts_PR-8253.xls
683,203.3,5.0,export-roasts_PR-8253.xls
684,203.4,5.0,export-roasts_PR-8253.xls
685,203.6,5.0,export-roasts_PR-8253.xls
686,203.7,5.0,export-roasts_PR-8253.xls
687,203.8,5.0,export-roasts_PR-8253.xls
688,203.9,5.0,export-roasts_PR-8253.xls
689,204.0,5.0,export-roasts_PR-8253.xls
690,204.1,5.0,export-roasts_PR-8253.xls
691,204.2,5.0,export-roasts_PR-8253.xls
692,204.3,5.0,export-roasts_PR-8253.xls
693,204.4,5.0,export-roasts_PR-8253.xls
694,204.5,5.0,export-roasts_PR-8253.xls
695,204.7,5.0,export-roasts_PR-8253.xls
696,204.7,5.0,export-roasts_PR-8253.xls
697,204.9,5.0,export-roasts_PR-8253.xls
698,205.0,5.0,export-roasts_PR-8253.xls
699,205.1,5.0,export-roasts_PR-8253.xls
700,205.2,5.0,export-roasts_PR-8253.xls
701,205.3,10.0,export-roasts_PR-8253.xls
702,205.4,10.0,export-roasts_PR-8253.xls
703,205.5,10.0,export-roasts_PR-8253.xls
704,205.6,10.0,export-roasts_PR-8253.xls
705,205.8,10.0,export-roasts_PR-8253.xls
706,205.9,10.0,export-roasts_PR-8253.xls
707,206.0,10.0,export-roasts_PR-8253.xls
708,206.1,10.0,export-roasts_PR-8253.xls
709,206.2,10.0,export-roasts_PR-8253.xls
710,206.3,10.0,export-roasts_PR-8253.xls
711,206.5,10.0,export-roasts_PR-8253.xls
712,206.6,10.0,export-roasts_PR-8253.xls
713,206.7,10.0,export-roasts_PR-8253.xls
714,206.8,10.0,export-roasts_PR-8253.xls
715,206.9,10.0,export-roasts_PR-8253.xls
716,206.9,10.0,export-roasts_PR-8253.xls
717,207.0,10.0,export-roasts_PR-8253.xls
718,207.1,10.0,export-roasts_PR-8253.xls
719,207.2,10.0,export-roasts_PR-8253.xls
720,207.3,10.0,export-roasts_PR-8253.xls
721,207.4,10.0,export-roasts_PR-8253.xls
722,207.4,10.0,export-roasts_PR-8253.xls
723,207.5,10.0,export-roasts_PR-8253.xls
724,207.6,10.0,export-roasts_PR-8253.xls
725,207.7,10.0,export-roasts_PR-8253.xls
726,207.8,10.0,export-roasts_PR-8253.xls
727,207.9,10.0,export-roasts_PR-8253.xls
728,208.0,10.0,export-roasts_PR-8253.xls
729,208.1,10.0,export-roasts_PR-8253.xls
730,208.2,10.0,export-roasts_PR-8253.xls
731,208.3,10.0,export-roasts_PR-8253.xls
732,208.5,10.0,export-roasts_PR-8253.xls
733,208.6,10.0,export-roasts_PR-8253.xls
734,208.7,10.0,export-roasts_PR-8253.xls
735,208.8,10.0,export-roasts_PR-8253.xls
736,208.9,10.0,export-roasts_PR-8253.xls
737,209.0,10.0,export-roasts_PR-8253.xls
738,209.1,10.0,export-roasts_PR-8253.xls
739,209.2,10.0,export-roasts_PR-8253.xls
740,209.3,10.0,export-roasts_PR-8253.xls
741,209.4,10.0,export-roasts_PR-8253.xls
742,209.4,10.0,export-roasts_PR-8253.xls
743,209.5,10.0,export-roasts_PR-8253.xls
744,209.6,10.0,export-roasts_PR-8253.xls
745,209.8,10.0,export-roasts_PR-8253.xls
746,209.8,10.0,export-roasts_PR-8253.xls
747,209.9,10.0,export-roasts_PR-8253.xls
748,210.1,10.0,export-roasts_PR-8253.xls
749,210.1,10.0,export-roasts_PR-8253.xls
750,210.2,10.0,export-roasts_PR-8253.xls
751,210.3,10.0,export-roasts_PR-8253.xls
752,210.4,10.0,export-roasts_PR-8253.xls
753,210.6,10.0,export-roasts_PR-8253.xls
754,210.7,10.0,export-roasts_PR-8253.xls
755,210.7,10.0,export-roasts_PR-8253.xls
756,210.8,10.0,export-roasts_PR-8253.xls
757,210.9,10.0,export-roasts_PR-8253.xls
758,211.0,10.0,export-roasts_PR-8253.xls
759,211.1,10.0,export-roasts_PR-8253.xls
760,211.2,10.0,export-roasts_PR-8253.xls
761,211.2,10.0,export-roasts_PR-8253.xls
762,211.3,10.0,export-roasts_PR-8253.xls
763,211.4,10.0,export-roasts_PR-8253.xls
764,211.5,10.0,export-roasts_PR-8253.xls
765,211.6,10.0,export-roasts_PR-8253.xls
766,211.7,10.0,export-roasts_PR-8253.xls
767,211.8,10.0,export-roasts_PR-8253.xls
768,211.9,10.0,export-roasts_PR-8253.xls
769,212.0,10.0,export-roasts_PR-8253.xls
770,212.1,10.0,export-roasts_PR-8253.xls
771,212.2,10.0,export-roasts_PR-8253.xls
772,212.3,10.0,export-roasts_PR-8253.xls
773,212.4,10.0,export-roasts_PR-8253.xls
774,212.6,10.0,export-roasts_PR-8253.xls
775,212.6,10.0,export-roasts_PR-8253.xls
776,212.7,10.0,export-roasts_PR-8253.xls
777,212.8,10.0,export-roasts_PR-8253.xls
778,213.0,10.0,export-roasts_PR-8253.xls
779,213.1,10.0,export-roasts_PR-8253.xls
780,213.2,10.0,export-roasts_PR-8253.xls
781,213.4,10.0,export-roasts_PR-8253.xls
782,213.4,10.0,export-roasts_PR-8253.xls
783,213.6,10.0,export-roasts_PR-8253.xls
784,213.7,10.0,export-roasts_PR-8253.xls
785,213.8,10.0,export-roasts_PR-8253.xls
786,214.0,10.0,export-roasts_PR-8253.xls
787,214.1,10.0,export-roasts_PR-8253.xls
788,214.2,10.0,export-roasts_PR-8253.xls
789,214.2,10.0,export-roasts_PR-8253.xls
790,214.4,10.0,export-roasts_PR-8253.xls
791,214.5,10.0,export-roasts_PR-8253.xls
792,214.6,10.0,export-roasts_PR-8253.xls
793,214.8,10.0,export-roasts_PR-8253.xls
794,214.9,10.0,export-roasts_PR-8253.xls
795,215.0,10.0,export-roasts_PR-8253.xls
796,215.1,10.0,export-roasts_PR-8253.xls
797,215.2,10.0,export-roasts_PR-8253.xls
798,215.4,10.0,export-roasts_PR-8253.xls
799,215.5,10.0,export-roasts_PR-8253.xls
800,215.5,10.0,export-roasts_PR-8253.xls
801,215.7,10.0,export-roasts_PR-8253.xls
802,215.8,10.0,export-roasts_PR-8253.xls
803,215.9,10.0,export-roasts_PR-8253.xls
804,216.0,10.0,export-roasts_PR-8253.xls
805,216.2,10.0,export-roasts_PR-8253.xls
806,216.3,10.0,export-roasts_PR-8253.xls
807,216.3,10.0,export-roasts_PR-8253.xls
808,216.5,10.0,export-roasts_PR-8253.xls
809,216.6,10.0,export-roasts_PR-8253.xls
810,216.7,10.0,export-roasts_PR-8253.xls
811,216.9,10.0,export-roasts_PR-8253.xls
812,216.9,10.0,export-roasts_PR-8253.xls
813,217.1,10.0,export-roasts_PR-8253.xls
814,217.2,10.0,export-roasts_PR-8253.xls
815,217.3,10.0,export-roasts_PR-8253.xls
816,217.5,10.0,export-roasts_PR-8253.xls
0,221.3,0.0,export-roasts_PR-8364.xls
1,222.9,0.0,export-roasts_PR-8364.xls
2,220.7,0.0,export-roasts_PR-8364.xls
3,215.8,0.0,export-roasts_PR-8364.xls
4,208.7,0.0,export-roasts_PR-8364.xls
5,200.0,0.0,export-roasts_PR-8364.xls
6,190.5,0.0,export-roasts_PR-8364.xls
7,180.4,0.0,export-roasts_PR-8364.xls
8,170.3,0.0,export-roasts_PR-8364.xls
9,160.9,0.0,export-roasts_PR-8364.xls
10,152.0,0.0,export-roasts_PR-8364.xls
11,143.7,0.0,export-roasts_PR-8364.xls
12,136.0,0.0,export-roasts_PR-8364.xls
13,129.0,0.0,export-roasts_PR-8364.xls
14,122.6,0.0,export-roasts_PR-8364.xls
15,116.8,0.0,export-roasts_PR-8364.xls
16,111.3,0.0,export-roasts_PR-8364.xls
17,106.4,0.0,export-roasts_PR-8364.xls
18,101.8,0.0,export-roasts_PR-8364.xls
19,97.8,0.0,export-roasts_PR-8364.xls
20,93.9,0.0,export-roasts_PR-8364.xls
21,90.5,0.0,export-roasts_PR-8364.xls
22,87.3,0.0,export-roasts_PR-8364.xls
23,84.3,100.0,export-roasts_PR-8364.xls
24,81.6,100.0,export-roasts_PR-8364.xls
25,79.1,100.0,export-roasts_PR-8364.xls
26,76.9,100.0,export-roasts_PR-8364.xls
27,74.9,100.0,export-roasts_PR-8364.xls
28,73.0,100.0,export-roasts_PR-8364.xls
29,71.4,100.0,export-roasts_PR-8364.xls
30,69.8,100.0,export-roasts_PR-8364.xls
31,68.5,100.0,export-roasts_PR-8364.xls
32,67.2,100.0,export-roasts_PR-8364.xls
33,66.1,100.0,export-roasts_PR-8364.xls
34,65.2,100.0,export-roasts_PR-8364.xls
35,64.3,100.0,export-roasts_PR-8364.xls
36,63.6,100.0,export-roasts_PR-8364.xls
37,62.9,100.0,export-roasts_PR-8364.xls
38,62.3,100.0,export-roasts_PR-8364.xls
39,61.9,100.0,export-roasts_PR-8364.xls
40,61.4,100.0,export-roasts_PR-8364.xls
41,61.0,100.0,export-roasts_PR-8364.xls
42,60.7,100.0,export-roasts_PR-8364.xls
43,60.5,100.0,export-roasts_PR-8364.xls
44,60.3,100.0,export-roasts_PR-8364.xls
45,60.2,100.0,export-roasts_PR-8364.xls
46,60.2,100.0,export-roasts_PR-8364.xls
47,60.2,100.0,export-roasts_PR-8364.xls
48,60.2,100.0,export-roasts_PR-8364.xls
49,60.3,100.0,export-roasts_PR-8364.xls
50,60.4,100.0,export-roasts_PR-8364.xls
51,60.5,100.0,export-roasts_PR-8364.xls
52,60.7,100.0,export-roasts_PR-8364.xls
53,60.9,100.0,export-roasts_PR-8364.xls
54,61.1,100.0,export-roasts_PR-8364.xls
55,61.3,100.0,export-roasts_PR-8364.xls
56,61.5,100.0,export-roasts_PR-8364.xls
57,61.8,100.0,export-roasts_PR-8364.xls
58,62.1,100.0,export-roasts_PR-8364.xls
59,62.3,100.0,export-roasts_PR-8364.xls
60,62.6,100.0,export-roasts_PR-8364.xls
61,62.9,100.0,export-roasts_PR-8364.xls
62,63.2,100.0,export-roasts_PR-8364.xls
63,63.6,100.0,export-roasts_PR-8364.xls
64,64.0,100.0,export-roasts_PR-8364.xls
65,64.3,100.0,export-roasts_PR-8364.xls
66,64.6,100.0,export-roasts_PR-8364.xls
67,65.0,100.0,export-roasts_PR-8364.xls
68,65.4,100.0,export-roasts_PR-8364.xls
69,65.7,100.0,export-roasts_PR-8364.xls
70,66.1,100.0,export-roasts_PR-8364.xls
71,66.5,100.0,export-roasts_PR-8364.xls
72,66.9,100.0,export-roasts_PR-8364.xls
73,67.3,100.0,export-roasts_PR-8364.xls
74,67.7,100.0,export-roasts_PR-8364.xls
75,68.0,100.0,export-roasts_PR-8364.xls
76,68.4,100.0,export-roasts_PR-8364.xls
77,68.7,100.0,export-roasts_PR-8364.xls
78,69.1,100.0,export-roasts_PR-8364.xls
79,69.5,100.0,export-roasts_PR-8364.xls
80,69.9,100.0,export-roasts_PR-8364.xls
81,70.3,100.0,export-roasts_PR-8364.xls
82,70.6,100.0,export-roasts_PR-8364.xls
83,71.0,100.0,export-roasts_PR-8364.xls
84,71.5,100.0,export-roasts_PR-8364.xls
85,71.8,100.0,export-roasts_PR-8364.xls
86,72.2,100.0,export-roasts_PR-8364.xls
87,72.7,100.0,export-roasts_PR-8364.xls
88,73.0,100.0,export-roasts_PR-8364.xls
89,73.5,100.0,export-roasts_PR-8364.xls
90,73.9,100.0,export-roasts_PR-8364.xls
91,74.3,100.0,export-roasts_PR-8364.xls
92,74.7,100.0,export-roasts_PR-8364.xls
93,75.1,100.0,export-roasts_PR-8364.xls
94,75.5,100.0,export-roasts_PR-8364.xls
95,75.9,100.0,export-roasts_PR-8364.xls
96,76.2,100.0,export-roasts_PR-8364.xls
97,76.6,100.0,export-roasts_PR-8364.xls
98,77.0,100.0,export-roasts_PR-8364.xls
99,77.4,100.0,export-roasts_PR-8364.xls
100,77.7,100.0,export-roasts_PR-8364.xls
101,78.1,100.0,export-roasts_PR-8364.xls
102,78.4,100.0,export-roasts_PR-8364.xls
103,78.8,100.0,export-roasts_PR-8364.xls
104,79.1,100.0,export-roasts_PR-8364.xls
105,79.6,100.0,export-roasts_PR-8364.xls
106,80.0,100.0,export-roasts_PR-8364.xls
107,80.3,100.0,export-roasts_PR-8364.xls
108,80.7,100.0,export-roasts_PR-8364.xls
109,81.1,100.0,export-roasts_PR-8364.xls
110,81.5,100.0,export-roasts_PR-8364.xls
111,81.9,100.0,export-roasts_PR-8364.xls
112,82.2,100.0,export-roasts_PR-8364.xls
113,82.7,100.0,export-roasts_PR-8364.xls
114,83.0,100.0,export-roasts_PR-8364.xls
115,83.3,100.0,export-roasts_PR-8364.xls
116,83.7,100.0,export-roasts_PR-8364.xls
117,84.0,100.0,export-roasts_PR-8364.xls
118,84.3,100.0,export-roasts_PR-8364.xls
119,84.6,100.0,export-roasts_PR-8364.xls
120,85.0,100.0,export-roasts_PR-8364.xls
121,85.4,100.0,export-roasts_PR-8364.xls
122,85.7,100.0,export-roasts_PR-8364.xls
123,86.1,100.0,export-roasts_PR-8364.xls
124,86.4,100.0,export-roasts_PR-8364.xls
125,86.8,100.0,export-roasts_PR-8364.xls
126,87.1,100.0,export-roasts_PR-8364.xls
127,87.5,100.0,export-roasts_PR-8364.xls
128,87.9,100.0,export-roasts_PR-8364.xls
129,88.2,100.0,export-roasts_PR-8364.xls
130,88.6,100.0,export-roasts_PR-8364.xls
131,88.9,100.0,export-roasts_PR-8364.xls
132,89.3,100.0,export-roasts_PR-8364.xls
133,89.7,100.0,export-roasts_PR-8364.xls
134,90.0,100.0,export-roasts_PR-8364.xls
135,90.3,100.0,export-roasts_PR-8364.xls
136,90.7,100.0,export-roasts_PR-8364.xls
137,91.0,100.0,export-roasts_PR-8364.xls
138,91.3,100.0,export-roasts_PR-8364.xls
139,91.6,100.0,export-roasts_PR-8364.xls
140,91.9,100.0,export-roasts_PR-8364.xls
141,92.2,100.0,export-roasts_PR-8364.xls
142,92.6,100.0,export-roasts_PR-8364.xls
143,92.9,100.0,export-roasts_PR-8364.xls
144,93.2,100.0,export-roasts_PR-8364.xls
145,93.6,100.0,export-roasts_PR-8364.xls
146,93.8,100.0,export-roasts_PR-8364.xls
147,94.2,100.0,export-roasts_PR-8364.xls
148,94.6,100.0,export-roasts_PR-8364.xls
149,94.8,100.0,export-roasts_PR-8364.xls
150,95.2,100.0,export-roasts_PR-8364.xls
151,95.5,100.0,export-roasts_PR-8364.xls
152,95.9,100.0,export-roasts_PR-8364.xls
153,96.1,100.0,export-roasts_PR-8364.xls
154,96.5,100.0,export-roasts_PR-8364.xls
155,96.9,100.0,export-roasts_PR-8364.xls
156,97.2,100.0,export-roasts_PR-8364.xls
157,97.5,100.0,export-roasts_PR-8364.xls
158,97.8,100.0,export-roasts_PR-8364.xls
159,98.1,100.0,export-roasts_PR-8364.xls
160,98.4,100.0,export-roasts_PR-8364.xls
161,98.7,100.0,export-roasts_PR-8364.xls
162,99.0,100.0,export-roasts_PR-8364.xls
163,99.3,100.0,export-roasts_PR-8364.xls
164,99.6,100.0,export-roasts_PR-8364.xls
165,99.8,100.0,export-roasts_PR-8364.xls
166,100.1,100.0,export-roasts_PR-8364.xls
167,100.4,100.0,export-roasts_PR-8364.xls
168,100.7,100.0,export-roasts_PR-8364.xls
169,100.9,100.0,export-roasts_PR-8364.xls
170,101.2,100.0,export-roasts_PR-8364.xls
171,101.6,100.0,export-roasts_PR-8364.xls
172,101.8,100.0,export-roasts_PR-8364.xls
173,102.1,100.0,export-roasts_PR-8364.xls
174,102.4,100.0,export-roasts_PR-8364.xls
175,102.7,100.0,export-roasts_PR-8364.xls
176,103.0,100.0,export-roasts_PR-8364.xls
177,103.3,100.0,export-roasts_PR-8364.xls
178,103.6,100.0,export-roasts_PR-8364.xls
179,103.8,100.0,export-roasts_PR-8364.xls
180,104.1,100.0,export-roasts_PR-8364.xls
181,104.4,100.0,export-roasts_PR-8364.xls
182,104.7,100.0,export-roasts_PR-8364.xls
183,105.0,100.0,export-roasts_PR-8364.xls
184,105.3,100.0,export-roasts_PR-8364.xls
185,105.6,100.0,export-roasts_PR-8364.xls
186,105.9,100.0,export-roasts_PR-8364.xls
187,106.1,100.0,export-roasts_PR-8364.xls
188,106.4,100.0,export-roasts_PR-8364.xls
189,106.7,100.0,export-roasts_PR-8364.xls
190,107.0,100.0,export-roasts_PR-8364.xls
191,107.2,100.0,export-roasts_PR-8364.xls
192,107.5,100.0,export-roasts_PR-8364.xls
193,107.8,100.0,export-roasts_PR-8364.xls
194,108.1,100.0,export-roasts_PR-8364.xls
195,108.4,100.0,export-roasts_PR-8364.xls
196,108.7,100.0,export-roasts_PR-8364.xls
197,108.9,100.0,export-roasts_PR-8364.xls
198,109.2,100.0,export-roasts_PR-8364.xls
199,109.5,100.0,export-roasts_PR-8364.xls
200,109.8,100.0,export-roasts_PR-8364.xls
201,110.0,100.0,export-roasts_PR-8364.xls
202,110.3,100.0,export-roasts_PR-8364.xls
203,110.5,100.0,export-roasts_PR-8364.xls
204,110.8,100.0,export-roasts_PR-8364.xls
205,111.0,100.0,export-roasts_PR-8364.xls
206,111.3,100.0,export-roasts_PR-8364.xls
207,111.5,100.0,export-roasts_PR-8364.xls
208,111.8,100.0,export-roasts_PR-8364.xls
209,112.0,100.0,export-roasts_PR-8364.xls
210,112.3,100.0,export-roasts_PR-8364.xls
211,112.6,100.0,export-roasts_PR-8364.xls
212,112.8,100.0,export-roasts_PR-8364.xls
213,113.1,100.0,export-roasts_PR-8364.xls
214,113.4,100.0,export-roasts_PR-8364.xls
215,113.6,100.0,export-roasts_PR-8364.xls
216,113.9,100.0,export-roasts_PR-8364.xls
217,114.2,100.0,export-roasts_PR-8364.xls
218,114.4,100.0,export-roasts_PR-8364.xls
219,114.6,100.0,export-roasts_PR-8364.xls
220,115.0,100.0,export-roasts_PR-8364.xls
221,115.2,100.0,export-roasts_PR-8364.xls
222,115.5,100.0,export-roasts_PR-8364.xls
223,115.7,100.0,export-roasts_PR-8364.xls
224,116.0,100.0,export-roasts_PR-8364.xls
225,116.2,100.0,export-roasts_PR-8364.xls
226,116.5,100.0,export-roasts_PR-8364.xls
227,116.7,100.0,export-roasts_PR-8364.xls
228,117.0,100.0,export-roasts_PR-8364.xls
229,117.3,100.0,export-roasts_PR-8364.xls
230,117.5,100.0,export-roasts_PR-8364.xls
231,117.8,100.0,export-roasts_PR-8364.xls
232,118.0,100.0,export-roasts_PR-8364.xls
233,118.3,100.0,export-roasts_PR-8364.xls
234,118.5,100.0,export-roasts_PR-8364.xls
235,118.8,100.0,export-roasts_PR-8364.xls
236,119.1,100.0,export-roasts_PR-8364.xls
237,119.3,100.0,export-roasts_PR-8364.xls
238,119.5,100.0,export-roasts_PR-8364.xls
239,119.8,100.0,export-roasts_PR-8364.xls
240,120.1,100.0,export-roasts_PR-8364.xls
241,120.4,100.0,export-roasts_PR-8364.xls
242,120.6,100.0,export-roasts_PR-8364.xls
243,120.9,100.0,export-roasts_PR-8364.xls
244,121.2,100.0,export-roasts_PR-8364.xls
245,121.4,100.0,export-roasts_PR-8364.xls
246,121.7,100.0,export-roasts_PR-8364.xls
247,121.9,100.0,export-roasts_PR-8364.xls
248,122.2,100.0,export-roasts_PR-8364.xls
249,122.5,100.0,export-roasts_PR-8364.xls
250,122.7,100.0,export-roasts_PR-8364.xls
251,123.0,100.0,export-roasts_PR-8364.xls
252,123.2,100.0,export-roasts_PR-8364.xls
253,123.5,100.0,export-roasts_PR-8364.xls
254,123.7,100.0,export-roasts_PR-8364.xls
255,124.0,100.0,export-roasts_PR-8364.xls
256,124.2,100.0,export-roasts_PR-8364.xls
257,124.5,100.0,export-roasts_PR-8364.xls
258,124.7,100.0,export-roasts_PR-8364.xls
259,124.9,100.0,export-roasts_PR-8364.xls
260,125.3,100.0,export-roasts_PR-8364.xls
261,125.5,100.0,export-roasts_PR-8364.xls
262,125.7,100.0,export-roasts_PR-8364.xls
263,126.0,100.0,export-roasts_PR-8364.xls
264,126.2,100.0,export-roasts_PR-8364.xls
265,126.5,100.0,export-roasts_PR-8364.xls
266,126.7,100.0,export-roasts_PR-8364.xls
267,126.9,100.0,export-roasts_PR-8364.xls
268,127.2,100.0,export-roasts_PR-8364.xls
269,127.4,100.0,export-roasts_PR-8364.xls
270,127.6,100.0,export-roasts_PR-8364.xls
271,127.9,100.0,export-roasts_PR-8364.xls
272,128.1,100.0,export-roasts_PR-8364.xls
273,128.4,100.0,export-roasts_PR-8364.xls
274,128.6,100.0,export-roasts_PR-8364.xls
275,128.9,100.0,export-roasts_PR-8364.xls
276,129.1,100.0,export-roasts_PR-8364.xls
277,129.3,100.0,export-roasts_PR-8364.xls
278,129.6,100.0,export-roasts_PR-8364.xls
279,129.8,100.0,export-roasts_PR-8364.xls
280,130.1,100.0,export-roasts_PR-8364.xls
281,130.3,100.0,export-roasts_PR-8364.xls
282,130.6,100.0,export-roasts_PR-8364.xls
283,130.8,100.0,export-roasts_PR-8364.xls
284,131.1,100.0,export-roasts_PR-8364.xls
285,131.4,100.0,export-roasts_PR-8364.xls
286,131.6,100.0,export-roasts_PR-8364.xls
287,131.8,100.0,export-roasts_PR-8364.xls
288,132.1,100.0,export-roasts_PR-8364.xls
289,132.3,100.0,export-roasts_PR-8364.xls
290,132.6,100.0,export-roasts_PR-8364.xls
291,132.8,100.0,export-roasts_PR-8364.xls
292,133.1,100.0,export-roasts_PR-8364.xls
293,133.3,100.0,export-roasts_PR-8364.xls
294,133.6,100.0,export-roasts_PR-8364.xls
295,133.8,100.0,export-roasts_PR-8364.xls
296,134.1,100.0,export-roasts_PR-8364.xls
297,134.3,100.0,export-roasts_PR-8364.xls
298,134.6,100.0,export-roasts_PR-8364.xls
299,134.8,100.0,export-roasts_PR-8364.xls
300,135.1,100.0,export-roasts_PR-8364.xls
301,135.3,100.0,export-roasts_PR-8364.xls
302,135.6,100.0,export-roasts_PR-8364.xls
303,135.8,100.0,export-roasts_PR-8364.xls
304,136.0,100.0,export-roasts_PR-8364.xls
305,136.3,100.0,export-roasts_PR-8364.xls
306,136.5,100.0,export-roasts_PR-8364.xls
307,136.7,100.0,export-roasts_PR-8364.xls
308,137.0,100.0,export-roasts_PR-8364.xls
309,137.2,100.0,export-roasts_PR-8364.xls
310,137.5,100.0,export-roasts_PR-8364.xls
311,137.6,100.0,export-roasts_PR-8364.xls
312,137.9,100.0,export-roasts_PR-8364.xls
313,138.1,100.0,export-roasts_PR-8364.xls
314,138.3,100.0,export-roasts_PR-8364.xls
315,138.5,100.0,export-roasts_PR-8364.xls
316,138.7,100.0,export-roasts_PR-8364.xls
317,139.0,100.0,export-roasts_PR-8364.xls
318,139.3,100.0,export-roasts_PR-8364.xls
319,139.5,100.0,export-roasts_PR-8364.xls
320,139.7,100.0,export-roasts_PR-8364.xls
321,139.9,100.0,export-roasts_PR-8364.xls
322,140.1,100.0,export-roasts_PR-8364.xls
323,140.3,100.0,export-roasts_PR-8364.xls
324,140.5,100.0,export-roasts_PR-8364.xls
325,140.8,100.0,export-roasts_PR-8364.xls
326,141.0,100.0,export-roasts_PR-8364.xls
327,141.3,100.0,export-roasts_PR-8364.xls
328,141.5,100.0,export-roasts_PR-8364.xls
329,141.7,100.0,export-roasts_PR-8364.xls
330,142.0,100.0,export-roasts_PR-8364.xls
331,142.2,100.0,export-roasts_PR-8364.xls
332,142.4,100.0,export-roasts_PR-8364.xls
333,142.7,100.0,export-roasts_PR-8364.xls
334,142.8,100.0,export-roasts_PR-8364.xls
335,143.1,100.0,export-roasts_PR-8364.xls
336,143.3,100.0,export-roasts_PR-8364.xls
337,143.6,100.0,export-roasts_PR-8364.xls
338,143.7,100.0,export-roasts_PR-8364.xls
339,144.0,100.0,export-roasts_PR-8364.xls
340,144.2,100.0,export-roasts_PR-8364.xls
341,144.4,100.0,export-roasts_PR-8364.xls
342,144.6,100.0,export-roasts_PR-8364.xls
343,144.8,100.0,export-roasts_PR-8364.xls
344,145.1,100.0,export-roasts_PR-8364.xls
345,145.3,100.0,export-roasts_PR-8364.xls
346,145.5,100.0,export-roasts_PR-8364.xls
347,145.7,100.0,export-roasts_PR-8364.xls
348,145.9,100.0,export-roasts_PR-8364.xls
349,146.1,100.0,export-roasts_PR-8364.xls
350,146.4,100.0,export-roasts_PR-8364.xls
351,146.6,100.0,export-roasts_PR-8364.xls
352,146.8,100.0,export-roasts_PR-8364.xls
353,147.0,100.0,export-roasts_PR-8364.xls
354,147.3,100.0,export-roasts_PR-8364.xls
355,147.5,100.0,export-roasts_PR-8364.xls
356,147.7,100.0,export-roasts_PR-8364.xls
357,147.9,100.0,export-roasts_PR-8364.xls
358,148.1,100.0,export-roasts_PR-8364.xls
359,148.3,100.0,export-roasts_PR-8364.xls
360,148.6,100.0,export-roasts_PR-8364.xls
361,148.8,100.0,export-roasts_PR-8364.xls
362,149.0,100.0,export-roasts_PR-8364.xls
363,149.2,100.0,export-roasts_PR-8364.xls
364,149.4,100.0,export-roasts_PR-8364.xls
365,149.7,100.0,export-roasts_PR-8364.xls
366,149.9,100.0,export-roasts_PR-8364.xls
367,150.1,100.0,export-roasts_PR-8364.xls
368,150.3,100.0,export-roasts_PR-8364.xls
369,150.5,100.0,export-roasts_PR-8364.xls
370,150.7,100.0,export-roasts_PR-8364.xls
371,151.0,100.0,export-roasts_PR-8364.xls
372,151.2,100.0,export-roasts_PR-8364.xls
373,151.3,100.0,export-roasts_PR-8364.xls
374,151.6,100.0,export-roasts_PR-8364.xls
375,151.7,100.0,export-roasts_PR-8364.xls
376,152.0,100.0,export-roasts_PR-8364.xls
377,152.2,100.0,export-roasts_PR-8364.xls
378,152.3,100.0,export-roasts_PR-8364.xls
379,152.5,100.0,export-roasts_PR-8364.xls
380,152.7,100.0,export-roasts_PR-8364.xls
381,153.0,100.0,export-roasts_PR-8364.xls
382,153.1,100.0,export-roasts_PR-8364.xls
383,153.3,100.0,export-roasts_PR-8364.xls
384,153.5,100.0,export-roasts_PR-8364.xls
385,153.7,100.0,export-roasts_PR-8364.xls
386,153.9,100.0,export-roasts_PR-8364.xls
387,154.1,100.0,export-roasts_PR-8364.xls
388,154.3,100.0,export-roasts_PR-8364.xls
389,154.5,100.0,export-roasts_PR-8364.xls
390,154.7,100.0,export-roasts_PR-8364.xls
391,155.0,100.0,export-roasts_PR-8364.xls
392,155.2,100.0,export-roasts_PR-8364.xls
393,155.4,100.0,export-roasts_PR-8364.xls
394,155.6,100.0,export-roasts_PR-8364.xls
395,155.9,100.0,export-roasts_PR-8364.xls
396,156.1,100.0,export-roasts_PR-8364.xls
397,156.3,100.0,export-roasts_PR-8364.xls
398,156.5,100.0,export-roasts_PR-8364.xls
399,156.7,100.0,export-roasts_PR-8364.xls
400,156.9,100.0,export-roasts_PR-8364.xls
401,157.1,100.0,export-roasts_PR-8364.xls
402,157.3,100.0,export-roasts_PR-8364.xls
403,157.5,100.0,export-roasts_PR-8364.xls
404,157.8,100.0,export-roasts_PR-8364.xls
405,158.0,100.0,export-roasts_PR-8364.xls
406,158.2,100.0,export-roasts_PR-8364.xls
407,158.4,100.0,export-roasts_PR-8364.xls
408,158.6,100.0,export-roasts_PR-8364.xls
409,158.9,100.0,export-roasts_PR-8364.xls
410,159.1,100.0,export-roasts_PR-8364.xls
411,159.3,100.0,export-roasts_PR-8364.xls
412,159.5,100.0,export-roasts_PR-8364.xls
413,159.7,100.0,export-roasts_PR-8364.xls
414,159.9,100.0,export-roasts_PR-8364.xls
415,160.1,100.0,export-roasts_PR-8364.xls
416,160.3,100.0,export-roasts_PR-8364.xls
417,160.5,100.0,export-roasts_PR-8364.xls
418,160.7,100.0,export-roasts_PR-8364.xls
419,160.9,100.0,export-roasts_PR-8364.xls
420,161.1,100.0,export-roasts_PR-8364.xls
421,161.4,100.0,export-roasts_PR-8364.xls
422,161.5,100.0,export-roasts_PR-8364.xls
423,161.7,100.0,export-roasts_PR-8364.xls
424,161.9,100.0,export-roasts_PR-8364.xls
425,162.1,100.0,export-roasts_PR-8364.xls
426,162.2,100.0,export-roasts_PR-8364.xls
427,162.4,100.0,export-roasts_PR-8364.xls
428,162.7,100.0,export-roasts_PR-8364.xls
429,162.9,100.0,export-roasts_PR-8364.xls
430,163.1,100.0,export-roasts_PR-8364.xls
431,163.3,100.0,export-roasts_PR-8364.xls
432,163.5,100.0,export-roasts_PR-8364.xls
433,163.8,100.0,export-roasts_PR-8364.xls
434,164.1,100.0,export-roasts_PR-8364.xls
435,164.2,100.0,export-roasts_PR-8364.xls
436,164.5,100.0,export-roasts_PR-8364.xls
437,164.7,100.0,export-roasts_PR-8364.xls
438,164.9,100.0,export-roasts_PR-8364.xls
439,165.1,100.0,export-roasts_PR-8364.xls
440,165.3,100.0,export-roasts_PR-8364.xls
441,165.5,100.0,export-roasts_PR-8364.xls
442,165.7,100.0,export-roasts_PR-8364.xls
443,166.0,100.0,export-roasts_PR-8364.xls
444,166.2,100.0,export-roasts_PR-8364.xls
445,166.4,100.0,export-roasts_PR-8364.xls
446,166.6,100.0,export-roasts_PR-8364.xls
447,166.9,100.0,export-roasts_PR-8364.xls
448,167.1,100.0,export-roasts_PR-8364.xls
449,167.3,100.0,export-roasts_PR-8364.xls
450,167.4,100.0,export-roasts_PR-8364.xls
451,167.7,100.0,export-roasts_PR-8364.xls
452,167.9,100.0,export-roasts_PR-8364.xls
453,168.1,100.0,export-roasts_PR-8364.xls
454,168.4,100.0,export-roasts_PR-8364.xls
455,168.6,100.0,export-roasts_PR-8364.xls
456,168.8,100.0,export-roasts_PR-8364.xls
457,169.0,100.0,export-roasts_PR-8364.xls
458,169.3,100.0,export-roasts_PR-8364.xls
459,169.4,100.0,export-roasts_PR-8364.xls
460,169.6,100.0,export-roasts_PR-8364.xls
461,169.8,100.0,export-roasts_PR-8364.xls
462,170.0,100.0,export-roasts_PR-8364.xls
463,170.2,100.0,export-roasts_PR-8364.xls
464,170.4,100.0,export-roasts_PR-8364.xls
465,170.7,100.0,export-roasts_PR-8364.xls
466,170.9,100.0,export-roasts_PR-8364.xls
467,171.2,100.0,export-roasts_PR-8364.xls
468,171.3,100.0,export-roasts_PR-8364.xls
469,171.6,100.0,export-roasts_PR-8364.xls
470,171.7,100.0,export-roasts_PR-8364.xls
471,172.0,100.0,export-roasts_PR-8364.xls
472,172.2,100.0,export-roasts_PR-8364.xls
473,172.3,100.0,export-roasts_PR-8364.xls
474,172.6,100.0,export-roasts_PR-8364.xls
475,172.8,100.0,export-roasts_PR-8364.xls
476,173.0,100.0,export-roasts_PR-8364.xls
477,173.2,100.0,export-roasts_PR-8364.xls
478,173.4,100.0,export-roasts_PR-8364.xls
479,173.6,100.0,export-roasts_PR-8364.xls
480,173.9,100.0,export-roasts_PR-8364.xls
481,174.1,100.0,export-roasts_PR-8364.xls
482,174.3,100.0,export-roasts_PR-8364.xls
483,174.5,100.0,export-roasts_PR-8364.xls
484,174.7,100.0,export-roasts_PR-8364.xls
485,174.9,100.0,export-roasts_PR-8364.xls
486,175.1,100.0,export-roasts_PR-8364.xls
487,175.3,100.0,export-roasts_PR-8364.xls
488,175.5,100.0,export-roasts_PR-8364.xls
489,175.7,100.0,export-roasts_PR-8364.xls
490,175.9,90.0,export-roasts_PR-8364.xls
491,176.2,90.0,export-roasts_PR-8364.xls
492,176.4,90.0,export-roasts_PR-8364.xls
493,176.6,90.0,export-roasts_PR-8364.xls
494,176.8,90.0,export-roasts_PR-8364.xls
495,177.0,90.0,export-roasts_PR-8364.xls
496,177.3,90.0,export-roasts_PR-8364.xls
497,177.5,90.0,export-roasts_PR-8364.xls
498,177.7,90.0,export-roasts_PR-8364.xls
499,177.9,90.0,export-roasts_PR-8364.xls
500,178.1,90.0,export-roasts_PR-8364.xls
501,178.3,90.0,export-roasts_PR-8364.xls
502,178.5,90.0,export-roasts_PR-8364.xls
503,178.8,90.0,export-roasts_PR-8364.xls
504,178.9,90.0,export-roasts_PR-8364.xls
505,179.2,90.0,export-roasts_PR-8364.xls
506,179.3,90.0,export-roasts_PR-8364.xls
507,179.5,90.0,export-roasts_PR-8364.xls
508,179.8,90.0,export-roasts_PR-8364.xls
509,180.0,90.0,export-roasts_PR-8364.xls
510,180.2,90.0,export-roasts_PR-8364.xls
511,180.4,90.0,export-roasts_PR-8364.xls
512,180.6,90.0,export-roasts_PR-8364.xls
513,180.8,90.0,export-roasts_PR-8364.xls
514,181.1,90.0,export-roasts_PR-8364.xls
515,181.3,90.0,export-roasts_PR-8364.xls
516,181.5,90.0,export-roasts_PR-8364.xls
517,181.7,90.0,export-roasts_PR-8364.xls
518,181.9,90.0,export-roasts_PR-8364.xls
519,182.1,90.0,export-roasts_PR-8364.xls
520,182.3,90.0,export-roasts_PR-8364.xls
521,182.5,90.0,export-roasts_PR-8364.xls
522,182.8,90.0,export-roasts_PR-8364.xls
523,183.0,90.0,export-roasts_PR-8364.xls
524,183.2,90.0,export-roasts_PR-8364.xls
525,183.4,90.0,export-roasts_PR-8364.xls
526,183.6,90.0,export-roasts_PR-8364.xls
527,183.8,90.0,export-roasts_PR-8364.xls
528,184.1,90.0,export-roasts_PR-8364.xls
529,184.2,90.0,export-roasts_PR-8364.xls
530,184.5,90.0,export-roasts_PR-8364.xls
531,184.7,90.0,export-roasts_PR-8364.xls
532,185.0,90.0,export-roasts_PR-8364.xls
533,185.2,90.0,export-roasts_PR-8364.xls
534,185.4,90.0,export-roasts_PR-8364.xls
535,185.6,90.0,export-roasts_PR-8364.xls
536,185.8,90.0,export-roasts_PR-8364.xls
537,186.0,90.0,export-roasts_PR-8364.xls
538,186.2,90.0,export-roasts_PR-8364.xls
539,186.4,90.0,export-roasts_PR-8364.xls
540,186.6,90.0,export-roasts_PR-8364.xls
541,186.8,90.0,export-roasts_PR-8364.xls
542,187.0,90.0,export-roasts_PR-8364.xls
543,187.3,90.0,export-roasts_PR-8364.xls
544,187.4,90.0,export-roasts_PR-8364.xls
545,187.7,90.0,export-roasts_PR-8364.xls
546,187.9,90.0,export-roasts_PR-8364.xls
547,188.1,90.0,export-roasts_PR-8364.xls
548,188.3,90.0,export-roasts_PR-8364.xls
549,188.5,90.0,export-roasts_PR-8364.xls
550,188.7,90.0,export-roasts_PR-8364.xls
551,188.9,90.0,export-roasts_PR-8364.xls
552,189.2,90.0,export-roasts_PR-8364.xls
553,189.3,90.0,export-roasts_PR-8364.xls
554,189.5,90.0,export-roasts_PR-8364.xls
555,189.7,90.0,export-roasts_PR-8364.xls
556,189.9,90.0,export-roasts_PR-8364.xls
557,190.2,90.0,export-roasts_PR-8364.xls
558,190.3,90.0,export-roasts_PR-8364.xls
559,190.5,90.0,export-roasts_PR-8364.xls
560,190.7,90.0,export-roasts_PR-8364.xls
561,190.9,90.0,export-roasts_PR-8364.xls
562,191.2,90.0,export-roasts_PR-8364.xls
563,191.4,90.0,export-roasts_PR-8364.xls
564,191.6,0.0,export-roasts_PR-8364.xls
565,191.8,0.0,export-roasts_PR-8364.xls
566,192.1,0.0,export-roasts_PR-8364.xls
567,192.3,0.0,export-roasts_PR-8364.xls
568,192.5,0.0,export-roasts_PR-8364.xls
569,192.7,0.0,export-roasts_PR-8364.xls
570,192.9,0.0,export-roasts_PR-8364.xls
571,193.1,0.0,export-roasts_PR-8364.xls
572,193.2,0.0,export-roasts_PR-8364.xls
573,193.5,0.0,export-roasts_PR-8364.xls
574,193.6,0.0,export-roasts_PR-8364.xls
575,193.9,0.0,export-roasts_PR-8364.xls
576,194.1,0.0,export-roasts_PR-8364.xls
577,194.2,0.0,export-roasts_PR-8364.xls
578,194.5,0.0,export-roasts_PR-8364.xls
579,194.6,0.0,export-roasts_PR-8364.xls
580,194.8,0.0,export-roasts_PR-8364.xls
581,194.9,0.0,export-roasts_PR-8364.xls
582,195.0,0.0,export-roasts_PR-8364.xls
583,195.2,0.0,export-roasts_PR-8364.xls
584,195.4,0.0,export-roasts_PR-8364.xls
585,195.5,0.0,export-roasts_PR-8364.xls
586,195.6,0.0,export-roasts_PR-8364.xls
587,195.7,0.0,export-roasts_PR-8364.xls
588,195.8,0.0,export-roasts_PR-8364.xls
589,196.0,0.0,export-roasts_PR-8364.xls
590,196.0,0.0,export-roasts_PR-8364.xls
591,196.2,0.0,export-roasts_PR-8364.xls
592,196.3,0.0,export-roasts_PR-8364.xls
593,196.5,0.0,export-roasts_PR-8364.xls
594,196.6,0.0,export-roasts_PR-8364.xls
595,196.7,0.0,export-roasts_PR-8364.xls
596,196.9,0.0,export-roasts_PR-8364.xls
597,196.9,0.0,export-roasts_PR-8364.xls
598,197.1,0.0,export-roasts_PR-8364.xls
599,197.2,0.0,export-roasts_PR-8364.xls
600,197.3,0.0,export-roasts_PR-8364.xls
601,197.4,0.0,export-roasts_PR-8364.xls
602,197.5,0.0,export-roasts_PR-8364.xls
603,197.6,0.0,export-roasts_PR-8364.xls
604,197.7,0.0,export-roasts_PR-8364.xls
605,197.8,0.0,export-roasts_PR-8364.xls
606,197.9,0.0,export-roasts_PR-8364.xls
607,198.1,0.0,export-roasts_PR-8364.xls
608,198.1,0.0,export-roasts_PR-8364.xls
609,198.2,0.0,export-roasts_PR-8364.xls
610,198.3,0.0,export-roasts_PR-8364.xls
611,198.4,0.0,export-roasts_PR-8364.xls
612,198.5,0.0,export-roasts_PR-8364.xls
613,198.6,0.0,export-roasts_PR-8364.xls
614,198.7,0.0,export-roasts_PR-8364.xls
615,198.8,0.0,export-roasts_PR-8364.xls
616,198.9,0.0,export-roasts_PR-8364.xls
617,199.0,0.0,export-roasts_PR-8364.xls
618,199.1,0.0,export-roasts_PR-8364.xls
619,199.3,0.0,export-roasts_PR-8364.xls
620,199.3,0.0,export-roasts_PR-8364.xls
621,199.4,0.0,export-roasts_PR-8364.xls
622,199.5,0.0,export-roasts_PR-8364.xls
623,199.6,0.0,export-roasts_PR-8364.xls
624,199.7,0.0,export-roasts_PR-8364.xls
625,199.8,0.0,export-roasts_PR-8364.xls
626,199.9,0.0,export-roasts_PR-8364.xls
627,200.1,0.0,export-roasts_PR-8364.xls
628,200.1,0.0,export-roasts_PR-8364.xls
629,200.3,0.0,export-roasts_PR-8364.xls
630,200.3,0.0,export-roasts_PR-8364.xls
631,200.4,0.0,export-roasts_PR-8364.xls
632,200.4,0.0,export-roasts_PR-8364.xls
633,200.5,0.0,export-roasts_PR-8364.xls
634,200.7,0.0,export-roasts_PR-8364.xls
635,200.7,0.0,export-roasts_PR-8364.xls
636,200.7,0.0,export-roasts_PR-8364.xls
637,200.8,0.0,export-roasts_PR-8364.xls
638,200.9,0.0,export-roasts_PR-8364.xls
639,201.0,0.0,export-roasts_PR-8364.xls
640,201.0,0.0,export-roasts_PR-8364.xls
641,201.1,0.0,export-roasts_PR-8364.xls
642,201.2,0.0,export-roasts_PR-8364.xls
643,201.3,0.0,export-roasts_PR-8364.xls
644,201.3,5.0,export-roasts_PR-8364.xls
645,201.5,5.0,export-roasts_PR-8364.xls
646,201.5,5.0,export-roasts_PR-8364.xls
647,201.6,5.0,export-roasts_PR-8364.xls
648,201.6,5.0,export-roasts_PR-8364.xls
649,201.7,5.0,export-roasts_PR-8364.xls
650,201.8,5.0,export-roasts_PR-8364.xls
651,201.9,5.0,export-roasts_PR-8364.xls
652,201.9,5.0,export-roasts_PR-8364.xls
653,202.0,5.0,export-roasts_PR-8364.xls
654,202.1,5.0,export-roasts_PR-8364.xls
655,202.1,5.0,export-roasts_PR-8364.xls
656,202.2,5.0,export-roasts_PR-8364.xls
657,202.3,5.0,export-roasts_PR-8364.xls
658,202.4,5.0,export-roasts_PR-8364.xls
659,202.5,5.0,export-roasts_PR-8364.xls
660,202.6,5.0,export-roasts_PR-8364.xls
661,202.7,5.0,export-roasts_PR-8364.xls
662,202.8,5.0,export-roasts_PR-8364.xls
663,203.0,5.0,export-roasts_PR-8364.xls
664,203.1,5.0,export-roasts_PR-8364.xls
665,203.1,5.0,export-roasts_PR-8364.xls
666,203.2,5.0,export-roasts_PR-8364.xls
667,203.3,5.0,export-roasts_PR-8364.xls
668,203.4,5.0,export-roasts_PR-8364.xls
669,203.5,5.0,export-roasts_PR-8364.xls
670,203.6,5.0,export-roasts_PR-8364.xls
671,203.7,5.0,export-roasts_PR-8364.xls
672,203.8,5.0,export-roasts_PR-8364.xls
673,203.9,5.0,export-roasts_PR-8364.xls
674,204.0,5.0,export-roasts_PR-8364.xls
675,204.0,5.0,export-roasts_PR-8364.xls
676,204.2,5.0,export-roasts_PR-8364.xls
677,204.2,5.0,export-roasts_PR-8364.xls
678,204.3,5.0,export-roasts_PR-8364.xls
679,204.4,5.0,export-roasts_PR-8364.xls
680,204.5,5.0,export-roasts_PR-8364.xls
681,204.6,5.0,export-roasts_PR-8364.xls
682,204.7,5.0,export-roasts_PR-8364.xls
683,204.9,5.0,export-roasts_PR-8364.xls
684,204.9,5.0,export-roasts_PR-8364.xls
685,205.0,5.0,export-roasts_PR-8364.xls
686,205.1,5.0,export-roasts_PR-8364.xls
687,205.2,5.0,export-roasts_PR-8364.xls
688,205.3,5.0,export-roasts_PR-8364.xls
689,205.4,5.0,export-roasts_PR-8364.xls
690,205.5,5.0,export-roasts_PR-8364.xls
691,205.6,5.0,export-roasts_PR-8364.xls
692,205.7,5.0,export-roasts_PR-8364.xls
693,205.8,5.0,export-roasts_PR-8364.xls
694,206.0,5.0,export-roasts_PR-8364.xls
695,206.0,5.0,export-roasts_PR-8364.xls
696,206.2,5.0,export-roasts_PR-8364.xls
697,206.2,5.0,export-roasts_PR-8364.xls
698,206.3,5.0,export-roasts_PR-8364.xls
699,206.4,5.0,export-roasts_PR-8364.xls
700,206.5,5.0,export-roasts_PR-8364.xls
701,206.7,10.0,export-roasts_PR-8364.xls
702,206.8,10.0,export-roasts_PR-8364.xls
703,206.9,10.0,export-roasts_PR-8364.xls
704,206.9,10.0,export-roasts_PR-8364.xls
705,207.0,10.0,export-roasts_PR-8364.xls
706,207.1,10.0,export-roasts_PR-8364.xls
707,207.2,10.0,export-roasts_PR-8364.xls
708,207.3,10.0,export-roasts_PR-8364.xls
709,207.4,10.0,export-roasts_PR-8364.xls
710,207.5,10.0,export-roasts_PR-8364.xls
711,207.6,10.0,export-roasts_PR-8364.xls
712,207.7,10.0,export-roasts_PR-8364.xls
713,207.9,10.0,export-roasts_PR-8364.xls
714,207.9,10.0,export-roasts_PR-8364.xls
715,208.0,10.0,export-roasts_PR-8364.xls
716,208.1,10.0,export-roasts_PR-8364.xls
717,208.2,10.0,export-roasts_PR-8364.xls
718,208.3,10.0,export-roasts_PR-8364.xls
719,208.5,10.0,export-roasts_PR-8364.xls
720,208.6,10.0,export-roasts_PR-8364.xls
721,208.7,10.0,export-roasts_PR-8364.xls
722,208.8,10.0,export-roasts_PR-8364.xls
723,208.8,10.0,export-roasts_PR-8364.xls
724,208.9,10.0,export-roasts_PR-8364.xls
725,209.1,10.0,export-roasts_PR-8364.xls
726,209.2,10.0,export-roasts_PR-8364.xls
727,209.3,10.0,export-roasts_PR-8364.xls
728,209.3,10.0,export-roasts_PR-8364.xls
729,209.4,10.0,export-roasts_PR-8364.xls
730,209.5,10.0,export-roasts_PR-8364.xls
731,209.5,10.0,export-roasts_PR-8364.xls
732,209.7,10.0,export-roasts_PR-8364.xls
733,209.8,10.0,export-roasts_PR-8364.xls
734,209.8,10.0,export-roasts_PR-8364.xls
735,209.9,10.0,export-roasts_PR-8364.xls
736,210.0,10.0,export-roasts_PR-8364.xls
737,210.1,10.0,export-roasts_PR-8364.xls
738,210.2,10.0,export-roasts_PR-8364.xls
739,210.3,10.0,export-roasts_PR-8364.xls
740,210.3,10.0,export-roasts_PR-8364.xls
741,210.4,10.0,export-roasts_PR-8364.xls
742,210.6,10.0,export-roasts_PR-8364.xls
743,210.7,10.0,export-roasts_PR-8364.xls
744,210.8,10.0,export-roasts_PR-8364.xls
745,210.8,10.0,export-roasts_PR-8364.xls
746,211.0,10.0,export-roasts_PR-8364.xls
747,211.1,10.0,export-roasts_PR-8364.xls
748,211.1,10.0,export-roasts_PR-8364.xls
749,211.2,10.0,export-roasts_PR-8364.xls
750,211.3,10.0,export-roasts_PR-8364.xls
751,211.4,10.0,export-roasts_PR-8364.xls
752,211.5,10.0,export-roasts_PR-8364.xls
753,211.6,10.0,export-roasts_PR-8364.xls
754,211.7,10.0,export-roasts_PR-8364.xls
755,211.8,10.0,export-roasts_PR-8364.xls
756,211.9,10.0,export-roasts_PR-8364.xls
757,212.1,10.0,export-roasts_PR-8364.xls
758,212.2,10.0,export-roasts_PR-8364.xls
759,212.3,10.0,export-roasts_PR-8364.xls
760,212.3,10.0,export-roasts_PR-8364.xls
761,212.5,10.0,export-roasts_PR-8364.xls
762,212.6,10.0,export-roasts_PR-8364.xls
763,212.6,10.0,export-roasts_PR-8364.xls
764,212.7,10.0,export-roasts_PR-8364.xls
765,212.9,10.0,export-roasts_PR-8364.xls
766,212.9,10.0,export-roasts_PR-8364.xls
767,213.1,10.0,export-roasts_PR-8364.xls
768,213.1,10.0,export-roasts_PR-8364.xls
769,213.2,10.0,export-roasts_PR-8364.xls
770,213.3,10.0,export-roasts_PR-8364.xls
771,213.4,10.0,export-roasts_PR-8364.xls
772,213.5,10.0,export-roasts_PR-8364.xls
773,213.6,10.0,export-roasts_PR-8364.xls
774,213.7,10.0,export-roasts_PR-8364.xls
775,213.7,10.0,export-roasts_PR-8364.xls
776,213.9,10.0,export-roasts_PR-8364.xls
777,214.0,10.0,export-roasts_PR-8364.xls
778,214.1,10.0,export-roasts_PR-8364.xls
779,214.1,10.0,export-roasts_PR-8364.xls
780,214.3,10.0,export-roasts_PR-8364.xls
781,214.3,10.0,export-roasts_PR-8364.xls
782,214.5,10.0,export-roasts_PR-8364.xls
783,214.6,10.0,export-roasts_PR-8364.xls
784,214.7,10.0,export-roasts_PR-8364.xls
785,214.8,10.0,export-roasts_PR-8364.xls
786,215.0,10.0,export-roasts_PR-8364.xls
787,215.1,10.0,export-roasts_PR-8364.xls
788,215.3,10.0,export-roasts_PR-8364.xls
789,215.4,10.0,export-roasts_PR-8364.xls
790,215.5,10.0,export-roasts_PR-8364.xls
791,215.6,10.0,export-roasts_PR-8364.xls
792,215.7,10.0,export-roasts_PR-8364.xls
793,215.8,10.0,export-roasts_PR-8364.xls
794,216.0,10.0,export-roasts_PR-8364.xls
795,216.0,10.0,export-roasts_PR-8364.xls
796,216.2,10.0,export-roasts_PR-8364.xls
797,216.3,10.0,export-roasts_PR-8364.xls
798,216.5,10.0,export-roasts_PR-8364.xls
799,216.6,10.0,export-roasts_PR-8364.xls
800,216.7,10.0,export-roasts_PR-8364.xls
801,216.9,10.0,export-roasts_PR-8364.xls
802,216.9,10.0,export-roasts_PR-8364.xls
803,217.0,10.0,export-roasts_PR-8364.xls
804,217.2,10.0,export-roasts_PR-8364.xls
805,217.3,10.0,export-roasts_PR-8364.xls
806,217.4,10.0,export-roasts_PR-8364.xls
807,217.4,10.0,export-roasts_PR-8364.xls
0,221.4,0.0,export-roasts_PR-8368.xls
1,223.0,0.0,export-roasts_PR-8368.xls
2,221.2,0.0,export-roasts_PR-8368.xls
3,216.5,0.0,export-roasts_PR-8368.xls
4,209.5,0.0,export-roasts_PR-8368.xls
5,200.8,0.0,export-roasts_PR-8368.xls
6,191.3,0.0,export-roasts_PR-8368.xls
7,181.2,0.0,export-roasts_PR-8368.xls
8,170.9,0.0,export-roasts_PR-8368.xls
9,161.4,0.0,export-roasts_PR-8368.xls
10,152.4,0.0,export-roasts_PR-8368.xls
11,144.0,0.0,export-roasts_PR-8368.xls
12,136.4,0.0,export-roasts_PR-8368.xls
13,129.3,0.0,export-roasts_PR-8368.xls
14,123.1,0.0,export-roasts_PR-8368.xls
15,117.2,0.0,export-roasts_PR-8368.xls
16,111.8,0.0,export-roasts_PR-8368.xls
17,106.7,0.0,export-roasts_PR-8368.xls
18,102.2,0.0,export-roasts_PR-8368.xls
19,98.0,0.0,export-roasts_PR-8368.xls
20,94.2,0.0,export-roasts_PR-8368.xls
21,90.8,0.0,export-roasts_PR-8368.xls
22,87.6,0.0,export-roasts_PR-8368.xls
23,84.6,100.0,export-roasts_PR-8368.xls
24,81.9,100.0,export-roasts_PR-8368.xls
25,79.5,100.0,export-roasts_PR-8368.xls
26,77.2,100.0,export-roasts_PR-8368.xls
27,75.1,100.0,export-roasts_PR-8368.xls
28,73.3,100.0,export-roasts_PR-8368.xls
29,71.6,100.0,export-roasts_PR-8368.xls
30,70.1,100.0,export-roasts_PR-8368.xls
31,68.7,100.0,export-roasts_PR-8368.xls
32,67.4,100.0,export-roasts_PR-8368.xls
33,66.3,100.0,export-roasts_PR-8368.xls
34,65.3,100.0,export-roasts_PR-8368.xls
35,64.4,100.0,export-roasts_PR-8368.xls
36,63.6,100.0,export-roasts_PR-8368.xls
37,62.9,100.0,export-roasts_PR-8368.xls
38,62.4,100.0,export-roasts_PR-8368.xls
39,61.8,100.0,export-roasts_PR-8368.xls
40,61.4,100.0,export-roasts_PR-8368.xls
41,61.1,100.0,export-roasts_PR-8368.xls
42,60.8,100.0,export-roasts_PR-8368.xls
43,60.6,100.0,export-roasts_PR-8368.xls
44,60.4,100.0,export-roasts_PR-8368.xls
45,60.2,100.0,export-roasts_PR-8368.xls
46,60.2,100.0,export-roasts_PR-8368.xls
47,60.1,100.0,export-roasts_PR-8368.xls
48,60.1,100.0,export-roasts_PR-8368.xls
49,60.1,100.0,export-roasts_PR-8368.xls
50,60.3,100.0,export-roasts_PR-8368.xls
51,60.4,100.0,export-roasts_PR-8368.xls
52,60.5,100.0,export-roasts_PR-8368.xls
53,60.6,100.0,export-roasts_PR-8368.xls
54,60.8,100.0,export-roasts_PR-8368.xls
55,61.0,100.0,export-roasts_PR-8368.xls
56,61.2,100.0,export-roasts_PR-8368.xls
57,61.4,100.0,export-roasts_PR-8368.xls
58,61.7,100.0,export-roasts_PR-8368.xls
59,62.0,100.0,export-roasts_PR-8368.xls
60,62.2,100.0,export-roasts_PR-8368.xls
61,62.6,100.0,export-roasts_PR-8368.xls
62,62.9,100.0,export-roasts_PR-8368.xls
63,63.2,100.0,export-roasts_PR-8368.xls
64,63.5,100.0,export-roasts_PR-8368.xls
65,63.8,100.0,export-roasts_PR-8368.xls
66,64.2,100.0,export-roasts_PR-8368.xls
67,64.6,100.0,export-roasts_PR-8368.xls
68,64.9,100.0,export-roasts_PR-8368.xls
69,65.3,100.0,export-roasts_PR-8368.xls
70,65.7,100.0,export-roasts_PR-8368.xls
71,66.1,100.0,export-roasts_PR-8368.xls
72,66.5,100.0,export-roasts_PR-8368.xls
73,66.9,100.0,export-roasts_PR-8368.xls
74,67.3,100.0,export-roasts_PR-8368.xls
75,67.7,100.0,export-roasts_PR-8368.xls
76,68.1,100.0,export-roasts_PR-8368.xls
77,68.5,100.0,export-roasts_PR-8368.xls
78,68.9,100.0,export-roasts_PR-8368.xls
79,69.3,100.0,export-roasts_PR-8368.xls
80,69.7,100.0,export-roasts_PR-8368.xls
81,70.1,100.0,export-roasts_PR-8368.xls
82,70.5,100.0,export-roasts_PR-8368.xls
83,70.9,100.0,export-roasts_PR-8368.xls
84,71.3,100.0,export-roasts_PR-8368.xls
85,71.7,100.0,export-roasts_PR-8368.xls
86,72.1,100.0,export-roasts_PR-8368.xls
87,72.4,100.0,export-roasts_PR-8368.xls
88,72.8,100.0,export-roasts_PR-8368.xls
89,73.2,100.0,export-roasts_PR-8368.xls
90,73.6,100.0,export-roasts_PR-8368.xls
91,74.1,100.0,export-roasts_PR-8368.xls
92,74.5,100.0,export-roasts_PR-8368.xls
93,74.9,100.0,export-roasts_PR-8368.xls
94,75.4,100.0,export-roasts_PR-8368.xls
95,75.8,100.0,export-roasts_PR-8368.xls
96,76.1,100.0,export-roasts_PR-8368.xls
97,76.6,100.0,export-roasts_PR-8368.xls
98,77.0,100.0,export-roasts_PR-8368.xls
99,77.4,100.0,export-roasts_PR-8368.xls
100,77.8,100.0,export-roasts_PR-8368.xls
101,78.2,100.0,export-roasts_PR-8368.xls
102,78.6,100.0,export-roasts_PR-8368.xls
103,79.0,100.0,export-roasts_PR-8368.xls
104,79.4,100.0,export-roasts_PR-8368.xls
105,79.8,100.0,export-roasts_PR-8368.xls
106,80.1,100.0,export-roasts_PR-8368.xls
107,80.5,100.0,export-roasts_PR-8368.xls
108,80.9,100.0,export-roasts_PR-8368.xls
109,81.2,100.0,export-roasts_PR-8368.xls
110,81.6,100.0,export-roasts_PR-8368.xls
111,82.0,100.0,export-roasts_PR-8368.xls
112,82.3,100.0,export-roasts_PR-8368.xls
113,82.7,100.0,export-roasts_PR-8368.xls
114,83.0,100.0,export-roasts_PR-8368.xls
115,83.4,100.0,export-roasts_PR-8368.xls
116,83.8,100.0,export-roasts_PR-8368.xls
117,84.1,100.0,export-roasts_PR-8368.xls
118,84.5,100.0,export-roasts_PR-8368.xls
119,84.8,100.0,export-roasts_PR-8368.xls
120,85.2,100.0,export-roasts_PR-8368.xls
121,85.6,100.0,export-roasts_PR-8368.xls
122,85.9,100.0,export-roasts_PR-8368.xls
123,86.3,100.0,export-roasts_PR-8368.xls
124,86.6,100.0,export-roasts_PR-8368.xls
125,87.0,100.0,export-roasts_PR-8368.xls
126,87.4,100.0,export-roasts_PR-8368.xls
127,87.7,100.0,export-roasts_PR-8368.xls
128,88.0,100.0,export-roasts_PR-8368.xls
129,88.4,100.0,export-roasts_PR-8368.xls
130,88.7,100.0,export-roasts_PR-8368.xls
131,89.1,100.0,export-roasts_PR-8368.xls
132,89.4,100.0,export-roasts_PR-8368.xls
133,89.8,100.0,export-roasts_PR-8368.xls
134,90.1,100.0,export-roasts_PR-8368.xls
135,90.4,100.0,export-roasts_PR-8368.xls
136,90.7,100.0,export-roasts_PR-8368.xls
137,91.0,100.0,export-roasts_PR-8368.xls
138,91.3,100.0,export-roasts_PR-8368.xls
139,91.6,100.0,export-roasts_PR-8368.xls
140,91.8,100.0,export-roasts_PR-8368.xls
141,92.2,100.0,export-roasts_PR-8368.xls
142,92.5,100.0,export-roasts_PR-8368.xls
143,92.8,100.0,export-roasts_PR-8368.xls
144,93.1,100.0,export-roasts_PR-8368.xls
145,93.5,100.0,export-roasts_PR-8368.xls
146,93.8,100.0,export-roasts_PR-8368.xls
147,94.1,100.0,export-roasts_PR-8368.xls
148,94.4,100.0,export-roasts_PR-8368.xls
149,94.7,100.0,export-roasts_PR-8368.xls
150,95.0,100.0,export-roasts_PR-8368.xls
151,95.4,100.0,export-roasts_PR-8368.xls
152,95.7,100.0,export-roasts_PR-8368.xls
153,96.0,100.0,export-roasts_PR-8368.xls
154,96.4,100.0,export-roasts_PR-8368.xls
155,96.7,100.0,export-roasts_PR-8368.xls
156,96.9,100.0,export-roasts_PR-8368.xls
157,97.3,100.0,export-roasts_PR-8368.xls
158,97.6,100.0,export-roasts_PR-8368.xls
159,97.8,100.0,export-roasts_PR-8368.xls
160,98.1,100.0,export-roasts_PR-8368.xls
161,98.4,100.0,export-roasts_PR-8368.xls
162,98.7,100.0,export-roasts_PR-8368.xls
163,99.0,100.0,export-roasts_PR-8368.xls
164,99.3,100.0,export-roasts_PR-8368.xls
165,99.6,100.0,export-roasts_PR-8368.xls
166,99.8,100.0,export-roasts_PR-8368.xls
167,100.2,100.0,export-roasts_PR-8368.xls
168,100.4,100.0,export-roasts_PR-8368.xls
169,100.8,100.0,export-roasts_PR-8368.xls
170,101.0,100.0,export-roasts_PR-8368.xls
171,101.4,100.0,export-roasts_PR-8368.xls
172,101.7,100.0,export-roasts_PR-8368.xls
173,102.0,100.0,export-roasts_PR-8368.xls
174,102.3,100.0,export-roasts_PR-8368.xls
175,102.6,100.0,export-roasts_PR-8368.xls
176,102.8,100.0,export-roasts_PR-8368.xls
177,103.1,100.0,export-roasts_PR-8368.xls
178,103.4,100.0,export-roasts_PR-8368.xls
179,103.7,100.0,export-roasts_PR-8368.xls
180,104.0,100.0,export-roasts_PR-8368.xls
181,104.2,100.0,export-roasts_PR-8368.xls
182,104.5,100.0,export-roasts_PR-8368.xls
183,104.8,100.0,export-roasts_PR-8368.xls
184,105.1,100.0,export-roasts_PR-8368.xls
185,105.4,100.0,export-roasts_PR-8368.xls
186,105.6,100.0,export-roasts_PR-8368.xls
187,105.9,100.0,export-roasts_PR-8368.xls
188,106.2,100.0,export-roasts_PR-8368.xls
189,106.5,100.0,export-roasts_PR-8368.xls
190,106.7,100.0,export-roasts_PR-8368.xls
191,107.0,100.0,export-roasts_PR-8368.xls
192,107.3,100.0,export-roasts_PR-8368.xls
193,107.6,100.0,export-roasts_PR-8368.xls
194,107.9,100.0,export-roasts_PR-8368.xls
195,108.2,100.0,export-roasts_PR-8368.xls
196,108.4,100.0,export-roasts_PR-8368.xls
197,108.7,100.0,export-roasts_PR-8368.xls
198,108.9,100.0,export-roasts_PR-8368.xls
199,109.3,100.0,export-roasts_PR-8368.xls
200,109.5,100.0,export-roasts_PR-8368.xls
201,109.8,100.0,export-roasts_PR-8368.xls
202,110.1,100.0,export-roasts_PR-8368.xls
203,110.4,100.0,export-roasts_PR-8368.xls
204,110.7,100.0,export-roasts_PR-8368.xls
205,110.9,100.0,export-roasts_PR-8368.xls
206,111.2,100.0,export-roasts_PR-8368.xls
207,111.5,100.0,export-roasts_PR-8368.xls
208,111.7,100.0,export-roasts_PR-8368.xls
209,112.0,100.0,export-roasts_PR-8368.xls
210,112.2,100.0,export-roasts_PR-8368.xls
211,112.5,100.0,export-roasts_PR-8368.xls
212,112.8,100.0,export-roasts_PR-8368.xls
213,113.0,100.0,export-roasts_PR-8368.xls
214,113.3,100.0,export-roasts_PR-8368.xls
215,113.6,100.0,export-roasts_PR-8368.xls
216,113.8,100.0,export-roasts_PR-8368.xls
217,114.1,100.0,export-roasts_PR-8368.xls
218,114.4,100.0,export-roasts_PR-8368.xls
219,114.6,100.0,export-roasts_PR-8368.xls
220,114.9,100.0,export-roasts_PR-8368.xls
221,115.1,100.0,export-roasts_PR-8368.xls
222,115.4,100.0,export-roasts_PR-8368.xls
223,115.6,100.0,export-roasts_PR-8368.xls
224,115.9,100.0,export-roasts_PR-8368.xls
225,116.2,100.0,export-roasts_PR-8368.xls
226,116.4,100.0,export-roasts_PR-8368.xls
227,116.7,100.0,export-roasts_PR-8368.xls
228,116.9,100.0,export-roasts_PR-8368.xls
229,117.2,100.0,export-roasts_PR-8368.xls
230,117.4,100.0,export-roasts_PR-8368.xls
231,117.7,100.0,export-roasts_PR-8368.xls
232,118.0,100.0,export-roasts_PR-8368.xls
233,118.3,100.0,export-roasts_PR-8368.xls
234,118.5,100.0,export-roasts_PR-8368.xls
235,118.8,100.0,export-roasts_PR-8368.xls
236,119.1,100.0,export-roasts_PR-8368.xls
237,119.3,100.0,export-roasts_PR-8368.xls
238,119.6,100.0,export-roasts_PR-8368.xls
239,119.8,100.0,export-roasts_PR-8368.xls
240,120.1,100.0,export-roasts_PR-8368.xls
241,120.3,100.0,export-roasts_PR-8368.xls
242,120.6,100.0,export-roasts_PR-8368.xls
243,120.9,100.0,export-roasts_PR-8368.xls
244,121.2,100.0,export-roasts_PR-8368.xls
245,121.5,100.0,export-roasts_PR-8368.xls
246,121.7,100.0,export-roasts_PR-8368.xls
247,122.0,100.0,export-roasts_PR-8368.xls
248,122.2,100.0,export-roasts_PR-8368.xls
249,122.5,100.0,export-roasts_PR-8368.xls
250,122.7,100.0,export-roasts_PR-8368.xls
251,123.0,100.0,export-roasts_PR-8368.xls
252,123.2,100.0,export-roasts_PR-8368.xls
253,123.5,100.0,export-roasts_PR-8368.xls
254,123.7,100.0,export-roasts_PR-8368.xls
255,124.0,100.0,export-roasts_PR-8368.xls
256,124.2,100.0,export-roasts_PR-8368.xls
257,124.4,100.0,export-roasts_PR-8368.xls
258,124.7,100.0,export-roasts_PR-8368.xls
259,125.0,100.0,export-roasts_PR-8368.xls
260,125.3,100.0,export-roasts_PR-8368.xls
261,125.5,100.0,export-roasts_PR-8368.xls
262,125.7,100.0,export-roasts_PR-8368.xls
263,126.0,100.0,export-roasts_PR-8368.xls
264,126.1,100.0,export-roasts_PR-8368.xls
265,126.4,100.0,export-roasts_PR-8368.xls
266,126.6,100.0,export-roasts_PR-8368.xls
267,126.8,100.0,export-roasts_PR-8368.xls
268,127.1,100.0,export-roasts_PR-8368.xls
269,127.3,100.0,export-roasts_PR-8368.xls
270,127.5,100.0,export-roasts_PR-8368.xls
271,127.8,100.0,export-roasts_PR-8368.xls
272,128.1,100.0,export-roasts_PR-8368.xls
273,128.4,100.0,export-roasts_PR-8368.xls
274,128.6,100.0,export-roasts_PR-8368.xls
275,128.9,100.0,export-roasts_PR-8368.xls
276,129.1,100.0,export-roasts_PR-8368.xls
277,129.3,100.0,export-roasts_PR-8368.xls
278,129.6,100.0,export-roasts_PR-8368.xls
279,129.8,100.0,export-roasts_PR-8368.xls
280,130.1,100.0,export-roasts_PR-8368.xls
281,130.4,100.0,export-roasts_PR-8368.xls
282,130.6,100.0,export-roasts_PR-8368.xls
283,130.8,100.0,export-roasts_PR-8368.xls
284,131.1,100.0,export-roasts_PR-8368.xls
285,131.3,100.0,export-roasts_PR-8368.xls
286,131.5,100.0,export-roasts_PR-8368.xls
287,131.7,100.0,export-roasts_PR-8368.xls
288,132.0,100.0,export-roasts_PR-8368.xls
289,132.3,100.0,export-roasts_PR-8368.xls
290,132.5,100.0,export-roasts_PR-8368.xls
291,132.7,100.0,export-roasts_PR-8368.xls
292,133.0,100.0,export-roasts_PR-8368.xls
293,133.2,100.0,export-roasts_PR-8368.xls
294,133.5,100.0,export-roasts_PR-8368.xls
295,133.7,100.0,export-roasts_PR-8368.xls
296,133.9,100.0,export-roasts_PR-8368.xls
297,134.1,100.0,export-roasts_PR-8368.xls
298,134.4,100.0,export-roasts_PR-8368.xls
299,134.6,100.0,export-roasts_PR-8368.xls
300,134.9,100.0,export-roasts_PR-8368.xls
301,135.1,100.0,export-roasts_PR-8368.xls
302,135.4,100.0,export-roasts_PR-8368.xls
303,135.6,100.0,export-roasts_PR-8368.xls
304,135.8,100.0,export-roasts_PR-8368.xls
305,136.0,100.0,export-roasts_PR-8368.xls
306,136.3,100.0,export-roasts_PR-8368.xls
307,136.5,100.0,export-roasts_PR-8368.xls
308,136.7,100.0,export-roasts_PR-8368.xls
309,137.0,100.0,export-roasts_PR-8368.xls
310,137.2,100.0,export-roasts_PR-8368.xls
311,137.4,100.0,export-roasts_PR-8368.xls
312,137.6,100.0,export-roasts_PR-8368.xls
313,137.8,100.0,export-roasts_PR-8368.xls
314,138.1,100.0,export-roasts_PR-8368.xls
315,138.3,100.0,export-roasts_PR-8368.xls
316,138.5,100.0,export-roasts_PR-8368.xls
317,138.8,100.0,export-roasts_PR-8368.xls
318,139.1,100.0,export-roasts_PR-8368.xls
319,139.3,100.0,export-roasts_PR-8368.xls
320,139.6,100.0,export-roasts_PR-8368.xls
321,139.8,100.0,export-roasts_PR-8368.xls
322,140.0,100.0,export-roasts_PR-8368.xls
323,140.3,100.0,export-roasts_PR-8368.xls
324,140.5,100.0,export-roasts_PR-8368.xls
325,140.7,100.0,export-roasts_PR-8368.xls
326,141.0,100.0,export-roasts_PR-8368.xls
327,141.2,100.0,export-roasts_PR-8368.xls
328,141.5,100.0,export-roasts_PR-8368.xls
329,141.7,100.0,export-roasts_PR-8368.xls
330,141.9,100.0,export-roasts_PR-8368.xls
331,142.1,100.0,export-roasts_PR-8368.xls
332,142.4,100.0,export-roasts_PR-8368.xls
333,142.6,100.0,export-roasts_PR-8368.xls
334,142.8,100.0,export-roasts_PR-8368.xls
335,143.1,100.0,export-roasts_PR-8368.xls
336,143.3,100.0,export-roasts_PR-8368.xls
337,143.5,100.0,export-roasts_PR-8368.xls
338,143.7,100.0,export-roasts_PR-8368.xls
339,143.9,100.0,export-roasts_PR-8368.xls
340,144.2,100.0,export-roasts_PR-8368.xls
341,144.4,100.0,export-roasts_PR-8368.xls
342,144.6,100.0,export-roasts_PR-8368.xls
343,144.8,100.0,export-roasts_PR-8368.xls
344,145.1,100.0,export-roasts_PR-8368.xls
345,145.3,100.0,export-roasts_PR-8368.xls
346,145.5,100.0,export-roasts_PR-8368.xls
347,145.8,100.0,export-roasts_PR-8368.xls
348,146.0,100.0,export-roasts_PR-8368.xls
349,146.2,100.0,export-roasts_PR-8368.xls
350,146.4,100.0,export-roasts_PR-8368.xls
351,146.6,100.0,export-roasts_PR-8368.xls
352,146.8,100.0,export-roasts_PR-8368.xls
353,147.0,100.0,export-roasts_PR-8368.xls
354,147.3,100.0,export-roasts_PR-8368.xls
355,147.5,100.0,export-roasts_PR-8368.xls
356,147.7,100.0,export-roasts_PR-8368.xls
357,147.9,100.0,export-roasts_PR-8368.xls
358,148.1,100.0,export-roasts_PR-8368.xls
359,148.3,100.0,export-roasts_PR-8368.xls
360,148.5,100.0,export-roasts_PR-8368.xls
361,148.7,100.0,export-roasts_PR-8368.xls
362,148.9,100.0,export-roasts_PR-8368.xls
363,149.1,100.0,export-roasts_PR-8368.xls
364,149.3,100.0,export-roasts_PR-8368.xls
365,149.5,100.0,export-roasts_PR-8368.xls
366,149.8,100.0,export-roasts_PR-8368.xls
367,150.0,100.0,export-roasts_PR-8368.xls
368,150.2,100.0,export-roasts_PR-8368.xls
369,150.4,100.0,export-roasts_PR-8368.xls
370,150.6,100.0,export-roasts_PR-8368.xls
371,150.8,100.0,export-roasts_PR-8368.xls
372,151.1,100.0,export-roasts_PR-8368.xls
373,151.3,100.0,export-roasts_PR-8368.xls
374,151.5,100.0,export-roasts_PR-8368.xls
375,151.7,100.0,export-roasts_PR-8368.xls
376,151.9,100.0,export-roasts_PR-8368.xls
377,152.2,100.0,export-roasts_PR-8368.xls
378,152.3,100.0,export-roasts_PR-8368.xls
379,152.5,100.0,export-roasts_PR-8368.xls
380,152.8,100.0,export-roasts_PR-8368.xls
381,153.0,100.0,export-roasts_PR-8368.xls
382,153.2,100.0,export-roasts_PR-8368.xls
383,153.4,100.0,export-roasts_PR-8368.xls
384,153.6,100.0,export-roasts_PR-8368.xls
385,153.8,100.0,export-roasts_PR-8368.xls
386,154.0,100.0,export-roasts_PR-8368.xls
387,154.2,100.0,export-roasts_PR-8368.xls
388,154.4,100.0,export-roasts_PR-8368.xls
389,154.6,100.0,export-roasts_PR-8368.xls
390,154.8,100.0,export-roasts_PR-8368.xls
391,155.0,100.0,export-roasts_PR-8368.xls
392,155.2,100.0,export-roasts_PR-8368.xls
393,155.4,100.0,export-roasts_PR-8368.xls
394,155.6,100.0,export-roasts_PR-8368.xls
395,155.8,100.0,export-roasts_PR-8368.xls
396,156.0,100.0,export-roasts_PR-8368.xls
397,156.2,100.0,export-roasts_PR-8368.xls
398,156.5,100.0,export-roasts_PR-8368.xls
399,156.7,100.0,export-roasts_PR-8368.xls
400,156.9,100.0,export-roasts_PR-8368.xls
401,157.1,100.0,export-roasts_PR-8368.xls
402,157.3,100.0,export-roasts_PR-8368.xls
403,157.5,100.0,export-roasts_PR-8368.xls
404,157.7,100.0,export-roasts_PR-8368.xls
405,157.9,100.0,export-roasts_PR-8368.xls
406,158.1,100.0,export-roasts_PR-8368.xls
407,158.3,100.0,export-roasts_PR-8368.xls
408,158.5,100.0,export-roasts_PR-8368.xls
409,158.7,100.0,export-roasts_PR-8368.xls
410,159.0,100.0,export-roasts_PR-8368.xls
411,159.2,100.0,export-roasts_PR-8368.xls
412,159.4,100.0,export-roasts_PR-8368.xls
413,159.6,100.0,export-roasts_PR-8368.xls
414,159.8,100.0,export-roasts_PR-8368.xls
415,160.0,100.0,export-roasts_PR-8368.xls
416,160.3,100.0,export-roasts_PR-8368.xls
417,160.4,100.0,export-roasts_PR-8368.xls
418,160.6,100.0,export-roasts_PR-8368.xls
419,160.9,100.0,export-roasts_PR-8368.xls
420,161.1,100.0,export-roasts_PR-8368.xls
421,161.2,100.0,export-roasts_PR-8368.xls
422,161.5,100.0,export-roasts_PR-8368.xls
423,161.6,100.0,export-roasts_PR-8368.xls
424,161.8,100.0,export-roasts_PR-8368.xls
425,162.0,100.0,export-roasts_PR-8368.xls
426,162.2,100.0,export-roasts_PR-8368.xls
427,162.4,100.0,export-roasts_PR-8368.xls
428,162.6,100.0,export-roasts_PR-8368.xls
429,162.8,100.0,export-roasts_PR-8368.xls
430,163.0,100.0,export-roasts_PR-8368.xls
431,163.2,100.0,export-roasts_PR-8368.xls
432,163.4,100.0,export-roasts_PR-8368.xls
433,163.6,100.0,export-roasts_PR-8368.xls
434,163.8,100.0,export-roasts_PR-8368.xls
435,164.0,100.0,export-roasts_PR-8368.xls
436,164.2,100.0,export-roasts_PR-8368.xls
437,164.5,100.0,export-roasts_PR-8368.xls
438,164.7,100.0,export-roasts_PR-8368.xls
439,165.0,100.0,export-roasts_PR-8368.xls
440,165.2,100.0,export-roasts_PR-8368.xls
441,165.4,100.0,export-roasts_PR-8368.xls
442,165.6,100.0,export-roasts_PR-8368.xls
443,165.8,100.0,export-roasts_PR-8368.xls
444,166.0,100.0,export-roasts_PR-8368.xls
445,166.2,100.0,export-roasts_PR-8368.xls
446,166.4,100.0,export-roasts_PR-8368.xls
447,166.6,100.0,export-roasts_PR-8368.xls
448,166.9,100.0,export-roasts_PR-8368.xls
449,167.0,100.0,export-roasts_PR-8368.xls
450,167.2,100.0,export-roasts_PR-8368.xls
451,167.5,100.0,export-roasts_PR-8368.xls
452,167.7,100.0,export-roasts_PR-8368.xls
453,167.9,100.0,export-roasts_PR-8368.xls
454,168.1,100.0,export-roasts_PR-8368.xls
455,168.3,100.0,export-roasts_PR-8368.xls
456,168.5,100.0,export-roasts_PR-8368.xls
457,168.7,100.0,export-roasts_PR-8368.xls
458,168.9,100.0,export-roasts_PR-8368.xls
459,169.1,100.0,export-roasts_PR-8368.xls
460,169.3,100.0,export-roasts_PR-8368.xls
461,169.5,100.0,export-roasts_PR-8368.xls
462,169.7,100.0,export-roasts_PR-8368.xls
463,169.8,100.0,export-roasts_PR-8368.xls
464,170.0,100.0,export-roasts_PR-8368.xls
465,170.2,100.0,export-roasts_PR-8368.xls
466,170.3,100.0,export-roasts_PR-8368.xls
467,170.6,100.0,export-roasts_PR-8368.xls
468,170.8,100.0,export-roasts_PR-8368.xls
469,171.0,100.0,export-roasts_PR-8368.xls
470,171.2,100.0,export-roasts_PR-8368.xls
471,171.5,100.0,export-roasts_PR-8368.xls
472,171.7,100.0,export-roasts_PR-8368.xls
473,171.9,100.0,export-roasts_PR-8368.xls
474,172.1,100.0,export-roasts_PR-8368.xls
475,172.4,100.0,export-roasts_PR-8368.xls
476,172.6,100.0,export-roasts_PR-8368.xls
477,172.8,100.0,export-roasts_PR-8368.xls
478,173.1,100.0,export-roasts_PR-8368.xls
479,173.2,100.0,export-roasts_PR-8368.xls
480,173.5,100.0,export-roasts_PR-8368.xls
481,173.7,100.0,export-roasts_PR-8368.xls
482,173.9,100.0,export-roasts_PR-8368.xls
483,174.1,100.0,export-roasts_PR-8368.xls
484,174.3,100.0,export-roasts_PR-8368.xls
485,174.6,100.0,export-roasts_PR-8368.xls
486,174.8,100.0,export-roasts_PR-8368.xls
487,175.0,100.0,export-roasts_PR-8368.xls
488,175.2,100.0,export-roasts_PR-8368.xls
489,175.5,100.0,export-roasts_PR-8368.xls
490,175.7,100.0,export-roasts_PR-8368.xls
491,175.9,90.0,export-roasts_PR-8368.xls
492,176.1,90.0,export-roasts_PR-8368.xls
493,176.3,90.0,export-roasts_PR-8368.xls
494,176.5,90.0,export-roasts_PR-8368.xls
495,176.8,90.0,export-roasts_PR-8368.xls
496,177.0,90.0,export-roasts_PR-8368.xls
497,177.2,90.0,export-roasts_PR-8368.xls
498,177.4,90.0,export-roasts_PR-8368.xls
499,177.6,90.0,export-roasts_PR-8368.xls
500,177.9,90.0,export-roasts_PR-8368.xls
501,178.0,90.0,export-roasts_PR-8368.xls
502,178.2,90.0,export-roasts_PR-8368.xls
503,178.4,90.0,export-roasts_PR-8368.xls
504,178.6,90.0,export-roasts_PR-8368.xls
505,178.8,90.0,export-roasts_PR-8368.xls
506,179.0,90.0,export-roasts_PR-8368.xls
507,179.2,90.0,export-roasts_PR-8368.xls
508,179.4,90.0,export-roasts_PR-8368.xls
509,179.7,90.0,export-roasts_PR-8368.xls
510,179.9,90.0,export-roasts_PR-8368.xls
511,180.1,90.0,export-roasts_PR-8368.xls
512,180.3,90.0,export-roasts_PR-8368.xls
513,180.5,90.0,export-roasts_PR-8368.xls
514,180.7,90.0,export-roasts_PR-8368.xls
515,181.0,90.0,export-roasts_PR-8368.xls
516,181.2,90.0,export-roasts_PR-8368.xls
517,181.4,90.0,export-roasts_PR-8368.xls
518,181.6,90.0,export-roasts_PR-8368.xls
519,181.8,90.0,export-roasts_PR-8368.xls
520,182.0,90.0,export-roasts_PR-8368.xls
521,182.2,90.0,export-roasts_PR-8368.xls
522,182.5,90.0,export-roasts_PR-8368.xls
523,182.7,90.0,export-roasts_PR-8368.xls
524,183.0,90.0,export-roasts_PR-8368.xls
525,183.1,90.0,export-roasts_PR-8368.xls
526,183.4,90.0,export-roasts_PR-8368.xls
527,183.6,90.0,export-roasts_PR-8368.xls
528,183.8,90.0,export-roasts_PR-8368.xls
529,184.1,90.0,export-roasts_PR-8368.xls
530,184.3,90.0,export-roasts_PR-8368.xls
531,184.5,90.0,export-roasts_PR-8368.xls
532,184.7,90.0,export-roasts_PR-8368.xls
533,184.9,90.0,export-roasts_PR-8368.xls
534,185.1,90.0,export-roasts_PR-8368.xls
535,185.3,90.0,export-roasts_PR-8368.xls
536,185.5,90.0,export-roasts_PR-8368.xls
537,185.7,90.0,export-roasts_PR-8368.xls
538,185.9,90.0,export-roasts_PR-8368.xls
539,186.1,90.0,export-roasts_PR-8368.xls
540,186.3,90.0,export-roasts_PR-8368.xls
541,186.5,90.0,export-roasts_PR-8368.xls
542,186.7,90.0,export-roasts_PR-8368.xls
543,186.9,90.0,export-roasts_PR-8368.xls
544,187.1,90.0,export-roasts_PR-8368.xls
545,187.3,90.0,export-roasts_PR-8368.xls
546,187.5,90.0,export-roasts_PR-8368.xls
547,187.7,90.0,export-roasts_PR-8368.xls
548,187.9,90.0,export-roasts_PR-8368.xls
549,188.1,90.0,export-roasts_PR-8368.xls
550,188.3,90.0,export-roasts_PR-8368.xls
551,188.6,90.0,export-roasts_PR-8368.xls
552,188.8,90.0,export-roasts_PR-8368.xls
553,189.0,90.0,export-roasts_PR-8368.xls
554,189.2,90.0,export-roasts_PR-8368.xls
555,189.4,90.0,export-roasts_PR-8368.xls
556,189.6,90.0,export-roasts_PR-8368.xls
557,189.8,90.0,export-roasts_PR-8368.xls
558,190.0,90.0,export-roasts_PR-8368.xls
559,190.2,90.0,export-roasts_PR-8368.xls
560,190.4,90.0,export-roasts_PR-8368.xls
561,190.6,90.0,export-roasts_PR-8368.xls
562,190.8,90.0,export-roasts_PR-8368.xls
563,191.0,90.0,export-roasts_PR-8368.xls
564,191.2,90.0,export-roasts_PR-8368.xls
565,191.5,90.0,export-roasts_PR-8368.xls
566,191.7,0.0,export-roasts_PR-8368.xls
567,191.9,0.0,export-roasts_PR-8368.xls
568,192.1,0.0,export-roasts_PR-8368.xls
569,192.4,0.0,export-roasts_PR-8368.xls
570,192.6,0.0,export-roasts_PR-8368.xls
571,192.9,0.0,export-roasts_PR-8368.xls
572,193.1,0.0,export-roasts_PR-8368.xls
573,193.2,0.0,export-roasts_PR-8368.xls
574,193.4,0.0,export-roasts_PR-8368.xls
575,193.6,0.0,export-roasts_PR-8368.xls
576,193.8,0.0,export-roasts_PR-8368.xls
577,194.0,0.0,export-roasts_PR-8368.xls
578,194.1,0.0,export-roasts_PR-8368.xls
579,194.4,0.0,export-roasts_PR-8368.xls
580,194.5,0.0,export-roasts_PR-8368.xls
581,194.7,0.0,export-roasts_PR-8368.xls
582,194.8,0.0,export-roasts_PR-8368.xls
583,195.0,0.0,export-roasts_PR-8368.xls
584,195.2,0.0,export-roasts_PR-8368.xls
585,195.4,0.0,export-roasts_PR-8368.xls
586,195.5,0.0,export-roasts_PR-8368.xls
587,195.6,0.0,export-roasts_PR-8368.xls
588,195.8,0.0,export-roasts_PR-8368.xls
589,195.9,0.0,export-roasts_PR-8368.xls
590,196.0,0.0,export-roasts_PR-8368.xls
591,196.1,0.0,export-roasts_PR-8368.xls
592,196.3,0.0,export-roasts_PR-8368.xls
593,196.4,0.0,export-roasts_PR-8368.xls
594,196.5,0.0,export-roasts_PR-8368.xls
595,196.6,0.0,export-roasts_PR-8368.xls
596,196.7,0.0,export-roasts_PR-8368.xls
597,196.8,0.0,export-roasts_PR-8368.xls
598,196.9,0.0,export-roasts_PR-8368.xls
599,197.0,0.0,export-roasts_PR-8368.xls
600,197.2,0.0,export-roasts_PR-8368.xls
601,197.3,0.0,export-roasts_PR-8368.xls
602,197.4,0.0,export-roasts_PR-8368.xls
603,197.5,0.0,export-roasts_PR-8368.xls
604,197.6,0.0,export-roasts_PR-8368.xls
605,197.7,0.0,export-roasts_PR-8368.xls
606,197.9,0.0,export-roasts_PR-8368.xls
607,198.0,0.0,export-roasts_PR-8368.xls
608,198.1,0.0,export-roasts_PR-8368.xls
609,198.3,0.0,export-roasts_PR-8368.xls
610,198.4,0.0,export-roasts_PR-8368.xls
611,198.4,0.0,export-roasts_PR-8368.xls
612,198.5,0.0,export-roasts_PR-8368.xls
613,198.6,0.0,export-roasts_PR-8368.xls
614,198.7,0.0,export-roasts_PR-8368.xls
615,198.8,0.0,export-roasts_PR-8368.xls
616,198.9,0.0,export-roasts_PR-8368.xls
617,199.0,0.0,export-roasts_PR-8368.xls
618,199.1,0.0,export-roasts_PR-8368.xls
619,199.2,0.0,export-roasts_PR-8368.xls
620,199.3,0.0,export-roasts_PR-8368.xls
621,199.4,0.0,export-roasts_PR-8368.xls
622,199.4,0.0,export-roasts_PR-8368.xls
623,199.5,0.0,export-roasts_PR-8368.xls
624,199.6,0.0,export-roasts_PR-8368.xls
625,199.7,0.0,export-roasts_PR-8368.xls
626,199.8,0.0,export-roasts_PR-8368.xls
627,199.9,0.0,export-roasts_PR-8368.xls
628,200.0,0.0,export-roasts_PR-8368.xls
629,200.1,0.0,export-roasts_PR-8368.xls
630,200.2,0.0,export-roasts_PR-8368.xls
631,200.3,0.0,export-roasts_PR-8368.xls
632,200.3,0.0,export-roasts_PR-8368.xls
633,200.5,0.0,export-roasts_PR-8368.xls
634,200.6,0.0,export-roasts_PR-8368.xls
635,200.7,0.0,export-roasts_PR-8368.xls
636,200.8,0.0,export-roasts_PR-8368.xls
637,200.8,0.0,export-roasts_PR-8368.xls
638,201.0,0.0,export-roasts_PR-8368.xls
639,201.0,0.0,export-roasts_PR-8368.xls
640,201.1,0.0,export-roasts_PR-8368.xls
641,201.2,0.0,export-roasts_PR-8368.xls
642,201.2,0.0,export-roasts_PR-8368.xls
643,201.3,0.0,export-roasts_PR-8368.xls
644,201.3,5.0,export-roasts_PR-8368.xls
645,201.4,5.0,export-roasts_PR-8368.xls
646,201.5,5.0,export-roasts_PR-8368.xls
647,201.6,5.0,export-roasts_PR-8368.xls
648,201.7,5.0,export-roasts_PR-8368.xls
649,201.7,5.0,export-roasts_PR-8368.xls
650,201.8,5.0,export-roasts_PR-8368.xls
651,201.9,5.0,export-roasts_PR-8368.xls
652,201.9,5.0,export-roasts_PR-8368.xls
653,201.9,5.0,export-roasts_PR-8368.xls
654,202.0,5.0,export-roasts_PR-8368.xls
655,202.1,5.0,export-roasts_PR-8368.xls
656,202.2,5.0,export-roasts_PR-8368.xls
657,202.3,5.0,export-roasts_PR-8368.xls
658,202.4,5.0,export-roasts_PR-8368.xls
659,202.5,5.0,export-roasts_PR-8368.xls
660,202.6,5.0,export-roasts_PR-8368.xls
661,202.7,5.0,export-roasts_PR-8368.xls
662,202.8,5.0,export-roasts_PR-8368.xls
663,202.9,5.0,export-roasts_PR-8368.xls
664,203.0,5.0,export-roasts_PR-8368.xls
665,203.1,5.0,export-roasts_PR-8368.xls
666,203.1,5.0,export-roasts_PR-8368.xls
667,203.3,5.0,export-roasts_PR-8368.xls
668,203.3,5.0,export-roasts_PR-8368.xls
669,203.5,5.0,export-roasts_PR-8368.xls
670,203.6,5.0,export-roasts_PR-8368.xls
671,203.7,5.0,export-roasts_PR-8368.xls
672,203.8,5.0,export-roasts_PR-8368.xls
673,203.9,5.0,export-roasts_PR-8368.xls
674,204.0,5.0,export-roasts_PR-8368.xls
675,204.1,5.0,export-roasts_PR-8368.xls
676,204.2,5.0,export-roasts_PR-8368.xls
677,204.3,5.0,export-roasts_PR-8368.xls
678,204.4,5.0,export-roasts_PR-8368.xls
679,204.5,5.0,export-roasts_PR-8368.xls
680,204.6,5.0,export-roasts_PR-8368.xls
681,204.8,5.0,export-roasts_PR-8368.xls
682,204.9,5.0,export-roasts_PR-8368.xls
683,205.0,5.0,export-roasts_PR-8368.xls
684,205.1,5.0,export-roasts_PR-8368.xls
685,205.1,5.0,export-roasts_PR-8368.xls
686,205.2,5.0,export-roasts_PR-8368.xls
687,205.3,5.0,export-roasts_PR-8368.xls
688,205.4,5.0,export-roasts_PR-8368.xls
689,205.5,5.0,export-roasts_PR-8368.xls
690,205.6,5.0,export-roasts_PR-8368.xls
691,205.7,5.0,export-roasts_PR-8368.xls
692,205.8,5.0,export-roasts_PR-8368.xls
693,205.8,5.0,export-roasts_PR-8368.xls
694,206.0,5.0,export-roasts_PR-8368.xls
695,206.0,5.0,export-roasts_PR-8368.xls
696,206.2,5.0,export-roasts_PR-8368.xls
697,206.2,5.0,export-roasts_PR-8368.xls
698,206.4,5.0,export-roasts_PR-8368.xls
699,206.4,5.0,export-roasts_PR-8368.xls
700,206.6,5.0,export-roasts_PR-8368.xls
701,206.7,10.0,export-roasts_PR-8368.xls
702,206.8,10.0,export-roasts_PR-8368.xls
703,206.8,10.0,export-roasts_PR-8368.xls
704,206.9,10.0,export-roasts_PR-8368.xls
705,207.0,10.0,export-roasts_PR-8368.xls
706,207.1,10.0,export-roasts_PR-8368.xls
707,207.3,10.0,export-roasts_PR-8368.xls
708,207.4,10.0,export-roasts_PR-8368.xls
709,207.5,10.0,export-roasts_PR-8368.xls
710,207.6,10.0,export-roasts_PR-8368.xls
711,207.6,10.0,export-roasts_PR-8368.xls
712,207.8,10.0,export-roasts_PR-8368.xls
713,207.8,10.0,export-roasts_PR-8368.xls
714,207.9,10.0,export-roasts_PR-8368.xls
715,208.0,10.0,export-roasts_PR-8368.xls
716,208.1,10.0,export-roasts_PR-8368.xls
717,208.2,10.0,export-roasts_PR-8368.xls
718,208.4,10.0,export-roasts_PR-8368.xls
719,208.4,10.0,export-roasts_PR-8368.xls
720,208.6,10.0,export-roasts_PR-8368.xls
721,208.6,10.0,export-roasts_PR-8368.xls
722,208.7,10.0,export-roasts_PR-8368.xls
723,208.8,10.0,export-roasts_PR-8368.xls
724,208.8,10.0,export-roasts_PR-8368.xls
725,209.0,10.0,export-roasts_PR-8368.xls
726,209.1,10.0,export-roasts_PR-8368.xls
727,209.2,10.0,export-roasts_PR-8368.xls
728,209.3,10.0,export-roasts_PR-8368.xls
729,209.4,10.0,export-roasts_PR-8368.xls
730,209.4,10.0,export-roasts_PR-8368.xls
731,209.5,10.0,export-roasts_PR-8368.xls
732,209.6,10.0,export-roasts_PR-8368.xls
733,209.7,10.0,export-roasts_PR-8368.xls
734,209.8,10.0,export-roasts_PR-8368.xls
735,209.9,10.0,export-roasts_PR-8368.xls
736,209.9,10.0,export-roasts_PR-8368.xls
737,210.1,10.0,export-roasts_PR-8368.xls
738,210.1,10.0,export-roasts_PR-8368.xls
739,210.2,10.0,export-roasts_PR-8368.xls
740,210.3,10.0,export-roasts_PR-8368.xls
741,210.4,10.0,export-roasts_PR-8368.xls
742,210.6,10.0,export-roasts_PR-8368.xls
743,210.6,10.0,export-roasts_PR-8368.xls
744,210.7,10.0,export-roasts_PR-8368.xls
745,210.8,10.0,export-roasts_PR-8368.xls
746,210.9,10.0,export-roasts_PR-8368.xls
747,211.0,10.0,export-roasts_PR-8368.xls
748,211.1,10.0,export-roasts_PR-8368.xls
749,211.2,10.0,export-roasts_PR-8368.xls
750,211.2,10.0,export-roasts_PR-8368.xls
751,211.4,10.0,export-roasts_PR-8368.xls
752,211.4,10.0,export-roasts_PR-8368.xls
753,211.6,10.0,export-roasts_PR-8368.xls
754,211.7,10.0,export-roasts_PR-8368.xls
755,211.8,10.0,export-roasts_PR-8368.xls
756,211.9,10.0,export-roasts_PR-8368.xls
757,212.0,10.0,export-roasts_PR-8368.xls
758,212.1,10.0,export-roasts_PR-8368.xls
759,212.2,10.0,export-roasts_PR-8368.xls
760,212.3,10.0,export-roasts_PR-8368.xls
761,212.4,10.0,export-roasts_PR-8368.xls
762,212.5,10.0,export-roasts_PR-8368.xls
763,212.6,10.0,export-roasts_PR-8368.xls
764,212.7,10.0,export-roasts_PR-8368.xls
765,212.9,10.0,export-roasts_PR-8368.xls
766,212.9,10.0,export-roasts_PR-8368.xls
767,213.1,10.0,export-roasts_PR-8368.xls
768,213.1,10.0,export-roasts_PR-8368.xls
769,213.2,10.0,export-roasts_PR-8368.xls
770,213.4,10.0,export-roasts_PR-8368.xls
771,213.5,10.0,export-roasts_PR-8368.xls
772,213.6,10.0,export-roasts_PR-8368.xls
773,213.7,10.0,export-roasts_PR-8368.xls
774,213.8,10.0,export-roasts_PR-8368.xls
775,214.0,10.0,export-roasts_PR-8368.xls
776,214.1,10.0,export-roasts_PR-8368.xls
777,214.2,10.0,export-roasts_PR-8368.xls
778,214.3,10.0,export-roasts_PR-8368.xls
779,214.5,10.0,export-roasts_PR-8368.xls
780,214.6,10.0,export-roasts_PR-8368.xls
781,214.7,10.0,export-roasts_PR-8368.xls
782,214.8,10.0,export-roasts_PR-8368.xls
783,214.9,10.0,export-roasts_PR-8368.xls
784,215.1,10.0,export-roasts_PR-8368.xls
785,215.2,10.0,export-roasts_PR-8368.xls
786,215.3,10.0,export-roasts_PR-8368.xls
787,215.4,10.0,export-roasts_PR-8368.xls
788,215.5,10.0,export-roasts_PR-8368.xls
789,215.6,10.0,export-roasts_PR-8368.xls
790,215.7,10.0,export-roasts_PR-8368.xls
791,215.8,10.0,export-roasts_PR-8368.xls
792,215.9,10.0,export-roasts_PR-8368.xls
793,216.0,10.0,export-roasts_PR-8368.xls
794,216.2,10.0,export-roasts_PR-8368.xls
795,216.2,10.0,export-roasts_PR-8368.xls
796,216.4,10.0,export-roasts_PR-8368.xls
797,216.5,10.0,export-roasts_PR-8368.xls
798,216.7,10.0,export-roasts_PR-8368.xls
799,216.8,10.0,export-roasts_PR-8368.xls
800,216.9,10.0,export-roasts_PR-8368.xls
801,217.1,10.0,export-roasts_PR-8368.xls
802,217.2,10.0,export-roasts_PR-8368.xls
803,217.3,10.0,export-roasts_PR-8368.xls
804,217.4,10.0,export-roasts_PR-8368.xls
805,217.5,10.0,export-roasts_PR-8368.xls
0,220.5,0.0,export-roasts_PR-8370.xls
1,221.9,0.0,export-roasts_PR-8370.xls
2,219.6,0.0,export-roasts_PR-8370.xls
3,214.1,0.0,export-roasts_PR-8370.xls
4,206.7,0.0,export-roasts_PR-8370.xls
5,197.9,0.0,export-roasts_PR-8370.xls
6,188.2,0.0,export-roasts_PR-8370.xls
7,178.1,0.0,export-roasts_PR-8370.xls
8,168.3,0.0,export-roasts_PR-8370.xls
9,159.0,0.0,export-roasts_PR-8370.xls
10,150.3,0.0,export-roasts_PR-8370.xls
11,142.2,0.0,export-roasts_PR-8370.xls
12,134.6,0.0,export-roasts_PR-8370.xls
13,127.9,0.0,export-roasts_PR-8370.xls
14,121.6,0.0,export-roasts_PR-8370.xls
15,115.7,0.0,export-roasts_PR-8370.xls
16,110.3,0.0,export-roasts_PR-8370.xls
17,105.4,0.0,export-roasts_PR-8370.xls
18,100.8,0.0,export-roasts_PR-8370.xls
19,96.8,0.0,export-roasts_PR-8370.xls
20,93.1,0.0,export-roasts_PR-8370.xls
21,89.8,0.0,export-roasts_PR-8370.xls
22,86.7,0.0,export-roasts_PR-8370.xls
23,83.9,100.0,export-roasts_PR-8370.xls
24,81.3,100.0,export-roasts_PR-8370.xls
25,78.9,100.0,export-roasts_PR-8370.xls
26,76.8,100.0,export-roasts_PR-8370.xls
27,74.8,100.0,export-roasts_PR-8370.xls
28,73.0,100.0,export-roasts_PR-8370.xls
29,71.4,100.0,export-roasts_PR-8370.xls
30,69.8,100.0,export-roasts_PR-8370.xls
31,68.5,100.0,export-roasts_PR-8370.xls
32,67.3,100.0,export-roasts_PR-8370.xls
33,66.2,100.0,export-roasts_PR-8370.xls
34,65.2,100.0,export-roasts_PR-8370.xls
35,64.4,100.0,export-roasts_PR-8370.xls
36,63.6,100.0,export-roasts_PR-8370.xls
37,63.0,100.0,export-roasts_PR-8370.xls
38,62.4,100.0,export-roasts_PR-8370.xls
39,62.0,100.0,export-roasts_PR-8370.xls
40,61.7,100.0,export-roasts_PR-8370.xls
41,61.3,100.0,export-roasts_PR-8370.xls
42,61.0,100.0,export-roasts_PR-8370.xls
43,60.8,100.0,export-roasts_PR-8370.xls
44,60.6,100.0,export-roasts_PR-8370.xls
45,60.5,100.0,export-roasts_PR-8370.xls
46,60.5,100.0,export-roasts_PR-8370.xls
47,60.5,100.0,export-roasts_PR-8370.xls
48,60.5,100.0,export-roasts_PR-8370.xls
49,60.6,100.0,export-roasts_PR-8370.xls
50,60.7,100.0,export-roasts_PR-8370.xls
51,60.8,100.0,export-roasts_PR-8370.xls
52,60.9,100.0,export-roasts_PR-8370.xls
53,61.1,100.0,export-roasts_PR-8370.xls
54,61.2,100.0,export-roasts_PR-8370.xls
55,61.4,100.0,export-roasts_PR-8370.xls
56,61.7,100.0,export-roasts_PR-8370.xls
57,61.9,100.0,export-roasts_PR-8370.xls
58,62.2,100.0,export-roasts_PR-8370.xls
59,62.4,100.0,export-roasts_PR-8370.xls
60,62.7,100.0,export-roasts_PR-8370.xls
61,63.0,100.0,export-roasts_PR-8370.xls
62,63.3,100.0,export-roasts_PR-8370.xls
63,63.7,100.0,export-roasts_PR-8370.xls
64,64.0,100.0,export-roasts_PR-8370.xls
65,64.3,100.0,export-roasts_PR-8370.xls
66,64.6,100.0,export-roasts_PR-8370.xls
67,65.0,100.0,export-roasts_PR-8370.xls
68,65.4,100.0,export-roasts_PR-8370.xls
69,65.7,100.0,export-roasts_PR-8370.xls
70,66.1,100.0,export-roasts_PR-8370.xls
71,66.5,100.0,export-roasts_PR-8370.xls
72,66.8,100.0,export-roasts_PR-8370.xls
73,67.2,100.0,export-roasts_PR-8370.xls
74,67.5,100.0,export-roasts_PR-8370.xls
75,67.9,100.0,export-roasts_PR-8370.xls
76,68.3,100.0,export-roasts_PR-8370.xls
77,68.7,100.0,export-roasts_PR-8370.xls
78,69.1,100.0,export-roasts_PR-8370.xls
79,69.5,100.0,export-roasts_PR-8370.xls
80,69.8,100.0,export-roasts_PR-8370.xls
81,70.3,100.0,export-roasts_PR-8370.xls
82,70.6,100.0,export-roasts_PR-8370.xls
83,71.1,100.0,export-roasts_PR-8370.xls
84,71.5,100.0,export-roasts_PR-8370.xls
85,71.8,100.0,export-roasts_PR-8370.xls
86,72.3,100.0,export-roasts_PR-8370.xls
87,72.7,100.0,export-roasts_PR-8370.xls
88,73.2,100.0,export-roasts_PR-8370.xls
89,73.6,100.0,export-roasts_PR-8370.xls
90,74.0,100.0,export-roasts_PR-8370.xls
91,74.4,100.0,export-roasts_PR-8370.xls
92,74.7,100.0,export-roasts_PR-8370.xls
93,75.1,100.0,export-roasts_PR-8370.xls
94,75.5,100.0,export-roasts_PR-8370.xls
95,75.9,100.0,export-roasts_PR-8370.xls
96,76.3,100.0,export-roasts_PR-8370.xls
97,76.6,100.0,export-roasts_PR-8370.xls
98,77.0,100.0,export-roasts_PR-8370.xls
99,77.5,100.0,export-roasts_PR-8370.xls
100,77.8,100.0,export-roasts_PR-8370.xls
101,78.2,100.0,export-roasts_PR-8370.xls
102,78.5,100.0,export-roasts_PR-8370.xls
103,78.9,100.0,export-roasts_PR-8370.xls
104,79.4,100.0,export-roasts_PR-8370.xls
105,79.7,100.0,export-roasts_PR-8370.xls
106,80.1,100.0,export-roasts_PR-8370.xls
107,80.5,100.0,export-roasts_PR-8370.xls
108,80.8,100.0,export-roasts_PR-8370.xls
109,81.2,100.0,export-roasts_PR-8370.xls
110,81.6,100.0,export-roasts_PR-8370.xls
111,82.0,100.0,export-roasts_PR-8370.xls
112,82.2,100.0,export-roasts_PR-8370.xls
113,82.6,100.0,export-roasts_PR-8370.xls
114,83.0,100.0,export-roasts_PR-8370.xls
115,83.4,100.0,export-roasts_PR-8370.xls
116,83.7,100.0,export-roasts_PR-8370.xls
117,84.1,100.0,export-roasts_PR-8370.xls
118,84.4,100.0,export-roasts_PR-8370.xls
119,84.8,100.0,export-roasts_PR-8370.xls
120,85.1,100.0,export-roasts_PR-8370.xls
121,85.5,100.0,export-roasts_PR-8370.xls
122,85.8,100.0,export-roasts_PR-8370.xls
123,86.2,100.0,export-roasts_PR-8370.xls
124,86.5,100.0,export-roasts_PR-8370.xls
125,86.8,100.0,export-roasts_PR-8370.xls
126,87.1,100.0,export-roasts_PR-8370.xls
127,87.5,100.0,export-roasts_PR-8370.xls
128,87.9,100.0,export-roasts_PR-8370.xls
129,88.2,100.0,export-roasts_PR-8370.xls
130,88.6,100.0,export-roasts_PR-8370.xls
131,88.9,100.0,export-roasts_PR-8370.xls
132,89.2,100.0,export-roasts_PR-8370.xls
133,89.5,100.0,export-roasts_PR-8370.xls
134,89.8,100.0,export-roasts_PR-8370.xls
135,90.2,100.0,export-roasts_PR-8370.xls
136,90.5,100.0,export-roasts_PR-8370.xls
137,90.8,100.0,export-roasts_PR-8370.xls
138,91.1,100.0,export-roasts_PR-8370.xls
139,91.4,100.0,export-roasts_PR-8370.xls
140,91.8,100.0,export-roasts_PR-8370.xls
141,92.1,100.0,export-roasts_PR-8370.xls
142,92.4,100.0,export-roasts_PR-8370.xls
143,92.7,100.0,export-roasts_PR-8370.xls
144,93.0,100.0,export-roasts_PR-8370.xls
145,93.4,100.0,export-roasts_PR-8370.xls
146,93.7,100.0,export-roasts_PR-8370.xls
147,94.1,100.0,export-roasts_PR-8370.xls
148,94.4,100.0,export-roasts_PR-8370.xls
149,94.7,100.0,export-roasts_PR-8370.xls
150,95.0,100.0,export-roasts_PR-8370.xls
151,95.3,100.0,export-roasts_PR-8370.xls
152,95.6,100.0,export-roasts_PR-8370.xls
153,95.9,100.0,export-roasts_PR-8370.xls
154,96.2,100.0,export-roasts_PR-8370.xls
155,96.5,100.0,export-roasts_PR-8370.xls
156,96.9,100.0,export-roasts_PR-8370.xls
157,97.2,100.0,export-roasts_PR-8370.xls
158,97.5,100.0,export-roasts_PR-8370.xls
159,97.9,100.0,export-roasts_PR-8370.xls
160,98.1,100.0,export-roasts_PR-8370.xls
161,98.4,100.0,export-roasts_PR-8370.xls
162,98.8,100.0,export-roasts_PR-8370.xls
163,99.0,100.0,export-roasts_PR-8370.xls
164,99.3,100.0,export-roasts_PR-8370.xls
165,99.6,100.0,export-roasts_PR-8370.xls
166,99.9,100.0,export-roasts_PR-8370.xls
167,100.2,100.0,export-roasts_PR-8370.xls
168,100.5,100.0,export-roasts_PR-8370.xls
169,100.8,100.0,export-roasts_PR-8370.xls
170,101.1,100.0,export-roasts_PR-8370.xls
171,101.4,100.0,export-roasts_PR-8370.xls
172,101.7,100.0,export-roasts_PR-8370.xls
173,102.0,100.0,export-roasts_PR-8370.xls
174,102.2,100.0,export-roasts_PR-8370.xls
175,102.5,100.0,export-roasts_PR-8370.xls
176,102.8,100.0,export-roasts_PR-8370.xls
177,103.1,100.0,export-roasts_PR-8370.xls
178,103.4,100.0,export-roasts_PR-8370.xls
179,103.6,100.0,export-roasts_PR-8370.xls
180,103.9,100.0,export-roasts_PR-8370.xls
181,104.2,100.0,export-roasts_PR-8370.xls
182,104.5,100.0,export-roasts_PR-8370.xls
183,104.7,100.0,export-roasts_PR-8370.xls
184,105.1,100.0,export-roasts_PR-8370.xls
185,105.4,100.0,export-roasts_PR-8370.xls
186,105.7,100.0,export-roasts_PR-8370.xls
187,106.0,100.0,export-roasts_PR-8370.xls
188,106.3,100.0,export-roasts_PR-8370.xls
189,106.6,100.0,export-roasts_PR-8370.xls
190,106.8,100.0,export-roasts_PR-8370.xls
191,107.1,100.0,export-roasts_PR-8370.xls
192,107.4,100.0,export-roasts_PR-8370.xls
193,107.7,100.0,export-roasts_PR-8370.xls
194,107.9,100.0,export-roasts_PR-8370.xls
195,108.2,100.0,export-roasts_PR-8370.xls
196,108.5,100.0,export-roasts_PR-8370.xls
197,108.8,100.0,export-roasts_PR-8370.xls
198,109.0,100.0,export-roasts_PR-8370.xls
199,109.3,100.0,export-roasts_PR-8370.xls
200,109.6,100.0,export-roasts_PR-8370.xls
201,109.9,100.0,export-roasts_PR-8370.xls
202,110.1,100.0,export-roasts_PR-8370.xls
203,110.4,100.0,export-roasts_PR-8370.xls
204,110.7,100.0,export-roasts_PR-8370.xls
205,110.9,100.0,export-roasts_PR-8370.xls
206,111.3,100.0,export-roasts_PR-8370.xls
207,111.5,100.0,export-roasts_PR-8370.xls
208,111.8,100.0,export-roasts_PR-8370.xls
209,112.1,100.0,export-roasts_PR-8370.xls
210,112.4,100.0,export-roasts_PR-8370.xls
211,112.6,100.0,export-roasts_PR-8370.xls
212,112.8,100.0,export-roasts_PR-8370.xls
213,113.2,100.0,export-roasts_PR-8370.xls
214,113.5,100.0,export-roasts_PR-8370.xls
215,113.7,100.0,export-roasts_PR-8370.xls
216,114.0,100.0,export-roasts_PR-8370.xls
217,114.3,100.0,export-roasts_PR-8370.xls
218,114.6,100.0,export-roasts_PR-8370.xls
219,114.8,100.0,export-roasts_PR-8370.xls
220,115.0,100.0,export-roasts_PR-8370.xls
221,115.3,100.0,export-roasts_PR-8370.xls
222,115.6,100.0,export-roasts_PR-8370.xls
223,115.8,100.0,export-roasts_PR-8370.xls
224,116.1,100.0,export-roasts_PR-8370.xls
225,116.3,100.0,export-roasts_PR-8370.xls
226,116.7,100.0,export-roasts_PR-8370.xls
227,116.9,100.0,export-roasts_PR-8370.xls
228,117.2,100.0,export-roasts_PR-8370.xls
229,117.4,100.0,export-roasts_PR-8370.xls
230,117.7,100.0,export-roasts_PR-8370.xls
231,117.9,100.0,export-roasts_PR-8370.xls
232,118.2,100.0,export-roasts_PR-8370.xls
233,118.5,100.0,export-roasts_PR-8370.xls
234,118.7,100.0,export-roasts_PR-8370.xls
235,118.9,100.0,export-roasts_PR-8370.xls
236,119.2,100.0,export-roasts_PR-8370.xls
237,119.4,100.0,export-roasts_PR-8370.xls
238,119.7,100.0,export-roasts_PR-8370.xls
239,120.0,100.0,export-roasts_PR-8370.xls
240,120.2,100.0,export-roasts_PR-8370.xls
241,120.5,100.0,export-roasts_PR-8370.xls
242,120.7,100.0,export-roasts_PR-8370.xls
243,121.1,100.0,export-roasts_PR-8370.xls
244,121.3,100.0,export-roasts_PR-8370.xls
245,121.6,100.0,export-roasts_PR-8370.xls
246,121.8,100.0,export-roasts_PR-8370.xls
247,122.0,100.0,export-roasts_PR-8370.xls
248,122.3,100.0,export-roasts_PR-8370.xls
249,122.5,100.0,export-roasts_PR-8370.xls
250,122.8,100.0,export-roasts_PR-8370.xls
251,123.1,100.0,export-roasts_PR-8370.xls
252,123.3,100.0,export-roasts_PR-8370.xls
253,123.6,100.0,export-roasts_PR-8370.xls
254,123.8,100.0,export-roasts_PR-8370.xls
255,124.1,100.0,export-roasts_PR-8370.xls
256,124.4,100.0,export-roasts_PR-8370.xls
257,124.6,100.0,export-roasts_PR-8370.xls
258,124.9,100.0,export-roasts_PR-8370.xls
259,125.1,100.0,export-roasts_PR-8370.xls
260,125.4,100.0,export-roasts_PR-8370.xls
261,125.6,100.0,export-roasts_PR-8370.xls
262,125.9,100.0,export-roasts_PR-8370.xls
263,126.1,100.0,export-roasts_PR-8370.xls
264,126.3,100.0,export-roasts_PR-8370.xls
265,126.5,100.0,export-roasts_PR-8370.xls
266,126.8,100.0,export-roasts_PR-8370.xls
267,127.0,100.0,export-roasts_PR-8370.xls
268,127.2,100.0,export-roasts_PR-8370.xls
269,127.5,100.0,export-roasts_PR-8370.xls
270,127.8,100.0,export-roasts_PR-8370.xls
271,128.0,100.0,export-roasts_PR-8370.xls
272,128.3,100.0,export-roasts_PR-8370.xls
273,128.5,100.0,export-roasts_PR-8370.xls
274,128.8,100.0,export-roasts_PR-8370.xls
275,129.0,100.0,export-roasts_PR-8370.xls
276,129.3,100.0,export-roasts_PR-8370.xls
277,129.5,100.0,export-roasts_PR-8370.xls
278,129.8,100.0,export-roasts_PR-8370.xls
279,130.0,100.0,export-roasts_PR-8370.xls
280,130.3,100.0,export-roasts_PR-8370.xls
281,130.4,100.0,export-roasts_PR-8370.xls
282,130.7,100.0,export-roasts_PR-8370.xls
283,130.9,100.0,export-roasts_PR-8370.xls
284,131.2,100.0,export-roasts_PR-8370.xls
285,131.5,100.0,export-roasts_PR-8370.xls
286,131.7,100.0,export-roasts_PR-8370.xls
287,131.9,100.0,export-roasts_PR-8370.xls
288,132.2,100.0,export-roasts_PR-8370.xls
289,132.4,100.0,export-roasts_PR-8370.xls
290,132.7,100.0,export-roasts_PR-8370.xls
291,132.9,100.0,export-roasts_PR-8370.xls
292,133.2,100.0,export-roasts_PR-8370.xls
293,133.4,100.0,export-roasts_PR-8370.xls
294,133.7,100.0,export-roasts_PR-8370.xls
295,133.9,100.0,export-roasts_PR-8370.xls
296,134.2,100.0,export-roasts_PR-8370.xls
297,134.4,100.0,export-roasts_PR-8370.xls
298,134.6,100.0,export-roasts_PR-8370.xls
299,134.8,100.0,export-roasts_PR-8370.xls
300,135.1,100.0,export-roasts_PR-8370.xls
301,135.3,100.0,export-roasts_PR-8370.xls
302,135.5,100.0,export-roasts_PR-8370.xls
303,135.8,100.0,export-roasts_PR-8370.xls
304,136.0,100.0,export-roasts_PR-8370.xls
305,136.3,100.0,export-roasts_PR-8370.xls
306,136.5,100.0,export-roasts_PR-8370.xls
307,136.8,100.0,export-roasts_PR-8370.xls
308,137.0,100.0,export-roasts_PR-8370.xls
309,137.2,100.0,export-roasts_PR-8370.xls
310,137.5,100.0,export-roasts_PR-8370.xls
311,137.7,100.0,export-roasts_PR-8370.xls
312,137.9,100.0,export-roasts_PR-8370.xls
313,138.2,100.0,export-roasts_PR-8370.xls
314,138.4,100.0,export-roasts_PR-8370.xls
315,138.7,100.0,export-roasts_PR-8370.xls
316,138.9,100.0,export-roasts_PR-8370.xls
317,139.1,100.0,export-roasts_PR-8370.xls
318,139.4,100.0,export-roasts_PR-8370.xls
319,139.6,100.0,export-roasts_PR-8370.xls
320,139.8,100.0,export-roasts_PR-8370.xls
321,140.0,100.0,export-roasts_PR-8370.xls
322,140.2,100.0,export-roasts_PR-8370.xls
323,140.5,100.0,export-roasts_PR-8370.xls
324,140.7,100.0,export-roasts_PR-8370.xls
325,140.9,100.0,export-roasts_PR-8370.xls
326,141.2,100.0,export-roasts_PR-8370.xls
327,141.4,100.0,export-roasts_PR-8370.xls
328,141.6,100.0,export-roasts_PR-8370.xls
329,141.8,100.0,export-roasts_PR-8370.xls
330,142.1,100.0,export-roasts_PR-8370.xls
331,142.3,100.0,export-roasts_PR-8370.xls
332,142.5,100.0,export-roasts_PR-8370.xls
333,142.7,100.0,export-roasts_PR-8370.xls
334,143.1,100.0,export-roasts_PR-8370.xls
335,143.3,100.0,export-roasts_PR-8370.xls
336,143.5,100.0,export-roasts_PR-8370.xls
337,143.8,100.0,export-roasts_PR-8370.xls
338,144.0,100.0,export-roasts_PR-8370.xls
339,144.2,100.0,export-roasts_PR-8370.xls
340,144.4,100.0,export-roasts_PR-8370.xls
341,144.6,100.0,export-roasts_PR-8370.xls
342,144.9,100.0,export-roasts_PR-8370.xls
343,145.1,100.0,export-roasts_PR-8370.xls
344,145.4,100.0,export-roasts_PR-8370.xls
345,145.6,100.0,export-roasts_PR-8370.xls
346,145.8,100.0,export-roasts_PR-8370.xls
347,146.0,100.0,export-roasts_PR-8370.xls
348,146.2,100.0,export-roasts_PR-8370.xls
349,146.4,100.0,export-roasts_PR-8370.xls
350,146.7,100.0,export-roasts_PR-8370.xls
351,146.9,100.0,export-roasts_PR-8370.xls
352,147.1,100.0,export-roasts_PR-8370.xls
353,147.4,100.0,export-roasts_PR-8370.xls
354,147.6,100.0,export-roasts_PR-8370.xls
355,147.8,100.0,export-roasts_PR-8370.xls
356,148.0,100.0,export-roasts_PR-8370.xls
357,148.2,100.0,export-roasts_PR-8370.xls
358,148.4,100.0,export-roasts_PR-8370.xls
359,148.6,100.0,export-roasts_PR-8370.xls
360,148.8,100.0,export-roasts_PR-8370.xls
361,149.0,100.0,export-roasts_PR-8370.xls
362,149.2,100.0,export-roasts_PR-8370.xls
363,149.4,100.0,export-roasts_PR-8370.xls
364,149.7,100.0,export-roasts_PR-8370.xls
365,149.9,100.0,export-roasts_PR-8370.xls
366,150.2,100.0,export-roasts_PR-8370.xls
367,150.3,100.0,export-roasts_PR-8370.xls
368,150.6,100.0,export-roasts_PR-8370.xls
369,150.7,100.0,export-roasts_PR-8370.xls
370,151.0,100.0,export-roasts_PR-8370.xls
371,151.2,100.0,export-roasts_PR-8370.xls
372,151.3,100.0,export-roasts_PR-8370.xls
373,151.6,100.0,export-roasts_PR-8370.xls
374,151.8,100.0,export-roasts_PR-8370.xls
375,152.0,100.0,export-roasts_PR-8370.xls
376,152.2,100.0,export-roasts_PR-8370.xls
377,152.4,100.0,export-roasts_PR-8370.xls
378,152.6,100.0,export-roasts_PR-8370.xls
379,152.8,100.0,export-roasts_PR-8370.xls
380,153.1,100.0,export-roasts_PR-8370.xls
381,153.2,100.0,export-roasts_PR-8370.xls
382,153.5,100.0,export-roasts_PR-8370.xls
383,153.7,100.0,export-roasts_PR-8370.xls
384,153.9,100.0,export-roasts_PR-8370.xls
385,154.1,100.0,export-roasts_PR-8370.xls
386,154.3,100.0,export-roasts_PR-8370.xls
387,154.6,100.0,export-roasts_PR-8370.xls
388,154.7,100.0,export-roasts_PR-8370.xls
389,154.9,100.0,export-roasts_PR-8370.xls
390,155.1,100.0,export-roasts_PR-8370.xls
391,155.4,100.0,export-roasts_PR-8370.xls
392,155.6,100.0,export-roasts_PR-8370.xls
393,155.7,100.0,export-roasts_PR-8370.xls
394,156.0,100.0,export-roasts_PR-8370.xls
395,156.2,100.0,export-roasts_PR-8370.xls
396,156.5,100.0,export-roasts_PR-8370.xls
397,156.7,100.0,export-roasts_PR-8370.xls
398,156.9,100.0,export-roasts_PR-8370.xls
399,157.1,100.0,export-roasts_PR-8370.xls
400,157.4,100.0,export-roasts_PR-8370.xls
401,157.5,100.0,export-roasts_PR-8370.xls
402,157.8,100.0,export-roasts_PR-8370.xls
403,157.9,100.0,export-roasts_PR-8370.xls
404,158.1,100.0,export-roasts_PR-8370.xls
405,158.4,100.0,export-roasts_PR-8370.xls
406,158.6,100.0,export-roasts_PR-8370.xls
407,158.8,100.0,export-roasts_PR-8370.xls
408,159.1,100.0,export-roasts_PR-8370.xls
409,159.2,100.0,export-roasts_PR-8370.xls
410,159.5,100.0,export-roasts_PR-8370.xls
411,159.7,100.0,export-roasts_PR-8370.xls
412,159.9,100.0,export-roasts_PR-8370.xls
413,160.1,100.0,export-roasts_PR-8370.xls
414,160.3,100.0,export-roasts_PR-8370.xls
415,160.5,100.0,export-roasts_PR-8370.xls
416,160.8,100.0,export-roasts_PR-8370.xls
417,161.0,100.0,export-roasts_PR-8370.xls
418,161.2,100.0,export-roasts_PR-8370.xls
419,161.4,100.0,export-roasts_PR-8370.xls
420,161.6,100.0,export-roasts_PR-8370.xls
421,161.8,100.0,export-roasts_PR-8370.xls
422,162.0,100.0,export-roasts_PR-8370.xls
423,162.2,100.0,export-roasts_PR-8370.xls
424,162.4,100.0,export-roasts_PR-8370.xls
425,162.6,100.0,export-roasts_PR-8370.xls
426,162.8,100.0,export-roasts_PR-8370.xls
427,163.0,100.0,export-roasts_PR-8370.xls
428,163.2,100.0,export-roasts_PR-8370.xls
429,163.4,100.0,export-roasts_PR-8370.xls
430,163.6,100.0,export-roasts_PR-8370.xls
431,163.8,100.0,export-roasts_PR-8370.xls
432,164.1,100.0,export-roasts_PR-8370.xls
433,164.2,100.0,export-roasts_PR-8370.xls
434,164.5,100.0,export-roasts_PR-8370.xls
435,164.6,100.0,export-roasts_PR-8370.xls
436,164.9,100.0,export-roasts_PR-8370.xls
437,165.1,100.0,export-roasts_PR-8370.xls
438,165.3,100.0,export-roasts_PR-8370.xls
439,165.5,100.0,export-roasts_PR-8370.xls
440,165.7,100.0,export-roasts_PR-8370.xls
441,165.9,100.0,export-roasts_PR-8370.xls
442,166.1,100.0,export-roasts_PR-8370.xls
443,166.4,100.0,export-roasts_PR-8370.xls
444,166.6,100.0,export-roasts_PR-8370.xls
445,166.8,100.0,export-roasts_PR-8370.xls
446,167.0,100.0,export-roasts_PR-8370.xls
447,167.2,100.0,export-roasts_PR-8370.xls
448,167.4,100.0,export-roasts_PR-8370.xls
449,167.6,100.0,export-roasts_PR-8370.xls
450,167.8,100.0,export-roasts_PR-8370.xls
451,168.1,100.0,export-roasts_PR-8370.xls
452,168.2,100.0,export-roasts_PR-8370.xls
453,168.5,100.0,export-roasts_PR-8370.xls
454,168.7,100.0,export-roasts_PR-8370.xls
455,168.9,100.0,export-roasts_PR-8370.xls
456,169.1,100.0,export-roasts_PR-8370.xls
457,169.3,100.0,export-roasts_PR-8370.xls
458,169.6,100.0,export-roasts_PR-8370.xls
459,169.8,100.0,export-roasts_PR-8370.xls
460,170.0,100.0,export-roasts_PR-8370.xls
461,170.2,100.0,export-roasts_PR-8370.xls
462,170.4,100.0,export-roasts_PR-8370.xls
463,170.7,100.0,export-roasts_PR-8370.xls
464,170.9,100.0,export-roasts_PR-8370.xls
465,171.2,100.0,export-roasts_PR-8370.xls
466,171.4,100.0,export-roasts_PR-8370.xls
467,171.6,100.0,export-roasts_PR-8370.xls
468,171.8,100.0,export-roasts_PR-8370.xls
469,172.0,100.0,export-roasts_PR-8370.xls
470,172.2,100.0,export-roasts_PR-8370.xls
471,172.4,100.0,export-roasts_PR-8370.xls
472,172.6,100.0,export-roasts_PR-8370.xls
473,172.8,100.0,export-roasts_PR-8370.xls
474,173.0,100.0,export-roasts_PR-8370.xls
475,173.2,100.0,export-roasts_PR-8370.xls
476,173.4,100.0,export-roasts_PR-8370.xls
477,173.6,100.0,export-roasts_PR-8370.xls
478,173.9,100.0,export-roasts_PR-8370.xls
479,174.1,100.0,export-roasts_PR-8370.xls
480,174.3,100.0,export-roasts_PR-8370.xls
481,174.5,100.0,export-roasts_PR-8370.xls
482,174.8,100.0,export-roasts_PR-8370.xls
483,175.0,100.0,export-roasts_PR-8370.xls
484,175.2,100.0,export-roasts_PR-8370.xls
485,175.5,100.0,export-roasts_PR-8370.xls
486,175.7,100.0,export-roasts_PR-8370.xls
487,175.9,90.0,export-roasts_PR-8370.xls
488,176.1,90.0,export-roasts_PR-8370.xls
489,176.3,90.0,export-roasts_PR-8370.xls
490,176.5,90.0,export-roasts_PR-8370.xls
491,176.8,90.0,export-roasts_PR-8370.xls
492,176.9,90.0,export-roasts_PR-8370.xls
493,177.1,90.0,export-roasts_PR-8370.xls
494,177.4,90.0,export-roasts_PR-8370.xls
495,177.5,90.0,export-roasts_PR-8370.xls
496,177.8,90.0,export-roasts_PR-8370.xls
497,178.0,90.0,export-roasts_PR-8370.xls
498,178.3,90.0,export-roasts_PR-8370.xls
499,178.5,90.0,export-roasts_PR-8370.xls
500,178.7,90.0,export-roasts_PR-8370.xls
501,178.9,90.0,export-roasts_PR-8370.xls
502,179.1,90.0,export-roasts_PR-8370.xls
503,179.3,90.0,export-roasts_PR-8370.xls
504,179.5,90.0,export-roasts_PR-8370.xls
505,179.7,90.0,export-roasts_PR-8370.xls
506,179.9,90.0,export-roasts_PR-8370.xls
507,180.0,90.0,export-roasts_PR-8370.xls
508,180.2,90.0,export-roasts_PR-8370.xls
509,180.4,90.0,export-roasts_PR-8370.xls
510,180.6,90.0,export-roasts_PR-8370.xls
511,180.8,90.0,export-roasts_PR-8370.xls
512,181.1,90.0,export-roasts_PR-8370.xls
513,181.3,90.0,export-roasts_PR-8370.xls
514,181.6,90.0,export-roasts_PR-8370.xls
515,181.8,90.0,export-roasts_PR-8370.xls
516,182.0,90.0,export-roasts_PR-8370.xls
517,182.2,90.0,export-roasts_PR-8370.xls
518,182.4,90.0,export-roasts_PR-8370.xls
519,182.6,90.0,export-roasts_PR-8370.xls
520,182.8,90.0,export-roasts_PR-8370.xls
521,183.0,90.0,export-roasts_PR-8370.xls
522,183.1,90.0,export-roasts_PR-8370.xls
523,183.4,90.0,export-roasts_PR-8370.xls
524,183.6,90.0,export-roasts_PR-8370.xls
525,183.8,90.0,export-roasts_PR-8370.xls
526,184.0,90.0,export-roasts_PR-8370.xls
527,184.2,90.0,export-roasts_PR-8370.xls
528,184.5,90.0,export-roasts_PR-8370.xls
529,184.7,90.0,export-roasts_PR-8370.xls
530,185.0,90.0,export-roasts_PR-8370.xls
531,185.2,90.0,export-roasts_PR-8370.xls
532,185.4,90.0,export-roasts_PR-8370.xls
533,185.6,90.0,export-roasts_PR-8370.xls
534,185.9,90.0,export-roasts_PR-8370.xls
535,186.0,90.0,export-roasts_PR-8370.xls
536,186.3,90.0,export-roasts_PR-8370.xls
537,186.5,90.0,export-roasts_PR-8370.xls
538,186.7,90.0,export-roasts_PR-8370.xls
539,186.9,90.0,export-roasts_PR-8370.xls
540,187.2,90.0,export-roasts_PR-8370.xls
541,187.4,90.0,export-roasts_PR-8370.xls
542,187.7,90.0,export-roasts_PR-8370.xls
543,187.8,90.0,export-roasts_PR-8370.xls
544,188.0,90.0,export-roasts_PR-8370.xls
545,188.3,90.0,export-roasts_PR-8370.xls
546,188.5,90.0,export-roasts_PR-8370.xls
547,188.7,90.0,export-roasts_PR-8370.xls
548,189.0,90.0,export-roasts_PR-8370.xls
549,189.2,90.0,export-roasts_PR-8370.xls
550,189.3,90.0,export-roasts_PR-8370.xls
551,189.6,90.0,export-roasts_PR-8370.xls
552,189.8,90.0,export-roasts_PR-8370.xls
553,190.0,90.0,export-roasts_PR-8370.xls
554,190.3,90.0,export-roasts_PR-8370.xls
555,190.4,90.0,export-roasts_PR-8370.xls
556,190.7,90.0,export-roasts_PR-8370.xls
557,190.9,90.0,export-roasts_PR-8370.xls
558,191.1,90.0,export-roasts_PR-8370.xls
559,191.3,90.0,export-roasts_PR-8370.xls
560,191.5,90.0,export-roasts_PR-8370.xls
561,191.7,0.0,export-roasts_PR-8370.xls
562,191.9,0.0,export-roasts_PR-8370.xls
563,192.1,0.0,export-roasts_PR-8370.xls
564,192.3,0.0,export-roasts_PR-8370.xls
565,192.6,0.0,export-roasts_PR-8370.xls
566,192.8,0.0,export-roasts_PR-8370.xls
567,193.0,0.0,export-roasts_PR-8370.xls
568,193.2,0.0,export-roasts_PR-8370.xls
569,193.3,0.0,export-roasts_PR-8370.xls
570,193.5,0.0,export-roasts_PR-8370.xls
571,193.7,0.0,export-roasts_PR-8370.xls
572,193.9,0.0,export-roasts_PR-8370.xls
573,194.1,0.0,export-roasts_PR-8370.xls
574,194.2,0.0,export-roasts_PR-8370.xls
575,194.5,0.0,export-roasts_PR-8370.xls
576,194.6,0.0,export-roasts_PR-8370.xls
577,194.8,0.0,export-roasts_PR-8370.xls
578,194.9,0.0,export-roasts_PR-8370.xls
579,195.1,0.0,export-roasts_PR-8370.xls
580,195.2,0.0,export-roasts_PR-8370.xls
581,195.4,0.0,export-roasts_PR-8370.xls
582,195.5,0.0,export-roasts_PR-8370.xls
583,195.6,0.0,export-roasts_PR-8370.xls
584,195.8,0.0,export-roasts_PR-8370.xls
585,195.9,0.0,export-roasts_PR-8370.xls
586,196.0,0.0,export-roasts_PR-8370.xls
587,196.2,0.0,export-roasts_PR-8370.xls
588,196.3,0.0,export-roasts_PR-8370.xls
589,196.5,0.0,export-roasts_PR-8370.xls
590,196.6,0.0,export-roasts_PR-8370.xls
591,196.7,0.0,export-roasts_PR-8370.xls
592,196.9,0.0,export-roasts_PR-8370.xls
593,197.0,0.0,export-roasts_PR-8370.xls
594,197.0,0.0,export-roasts_PR-8370.xls
595,197.2,0.0,export-roasts_PR-8370.xls
596,197.3,0.0,export-roasts_PR-8370.xls
597,197.4,0.0,export-roasts_PR-8370.xls
598,197.5,0.0,export-roasts_PR-8370.xls
599,197.6,0.0,export-roasts_PR-8370.xls
600,197.6,0.0,export-roasts_PR-8370.xls
601,197.7,0.0,export-roasts_PR-8370.xls
602,197.8,0.0,export-roasts_PR-8370.xls
603,197.9,0.0,export-roasts_PR-8370.xls
604,198.0,0.0,export-roasts_PR-8370.xls
605,198.1,0.0,export-roasts_PR-8370.xls
606,198.2,0.0,export-roasts_PR-8370.xls
607,198.3,0.0,export-roasts_PR-8370.xls
608,198.4,0.0,export-roasts_PR-8370.xls
609,198.5,0.0,export-roasts_PR-8370.xls
610,198.7,0.0,export-roasts_PR-8370.xls
611,198.8,0.0,export-roasts_PR-8370.xls
612,198.9,0.0,export-roasts_PR-8370.xls
613,198.9,0.0,export-roasts_PR-8370.xls
614,199.1,0.0,export-roasts_PR-8370.xls
615,199.1,0.0,export-roasts_PR-8370.xls
616,199.3,0.0,export-roasts_PR-8370.xls
617,199.4,0.0,export-roasts_PR-8370.xls
618,199.5,0.0,export-roasts_PR-8370.xls
619,199.6,0.0,export-roasts_PR-8370.xls
620,199.7,0.0,export-roasts_PR-8370.xls
621,199.8,0.0,export-roasts_PR-8370.xls
622,199.9,0.0,export-roasts_PR-8370.xls
623,200.0,0.0,export-roasts_PR-8370.xls
624,200.1,0.0,export-roasts_PR-8370.xls
625,200.2,0.0,export-roasts_PR-8370.xls
626,200.3,0.0,export-roasts_PR-8370.xls
627,200.4,0.0,export-roasts_PR-8370.xls
628,200.5,0.0,export-roasts_PR-8370.xls
629,200.6,0.0,export-roasts_PR-8370.xls
630,200.7,0.0,export-roasts_PR-8370.xls
631,200.7,0.0,export-roasts_PR-8370.xls
632,200.7,0.0,export-roasts_PR-8370.xls
633,200.8,0.0,export-roasts_PR-8370.xls
634,200.9,0.0,export-roasts_PR-8370.xls
635,201.0,0.0,export-roasts_PR-8370.xls
636,201.1,0.0,export-roasts_PR-8370.xls
637,201.2,0.0,export-roasts_PR-8370.xls
638,201.2,0.0,export-roasts_PR-8370.xls
639,201.3,0.0,export-roasts_PR-8370.xls
640,201.4,0.0,export-roasts_PR-8370.xls
641,201.5,0.0,export-roasts_PR-8370.xls
642,201.5,0.0,export-roasts_PR-8370.xls
643,201.6,0.0,export-roasts_PR-8370.xls
644,201.7,5.0,export-roasts_PR-8370.xls
645,201.7,5.0,export-roasts_PR-8370.xls
646,201.8,5.0,export-roasts_PR-8370.xls
647,201.9,5.0,export-roasts_PR-8370.xls
648,201.9,5.0,export-roasts_PR-8370.xls
649,202.0,5.0,export-roasts_PR-8370.xls
650,202.0,5.0,export-roasts_PR-8370.xls
651,202.0,5.0,export-roasts_PR-8370.xls
652,202.0,5.0,export-roasts_PR-8370.xls
653,202.1,5.0,export-roasts_PR-8370.xls
654,202.2,5.0,export-roasts_PR-8370.xls
655,202.2,5.0,export-roasts_PR-8370.xls
656,202.4,5.0,export-roasts_PR-8370.xls
657,202.4,5.0,export-roasts_PR-8370.xls
658,202.6,5.0,export-roasts_PR-8370.xls
659,202.6,5.0,export-roasts_PR-8370.xls
660,202.7,5.0,export-roasts_PR-8370.xls
661,202.8,5.0,export-roasts_PR-8370.xls
662,202.9,5.0,export-roasts_PR-8370.xls
663,203.0,5.0,export-roasts_PR-8370.xls
664,203.1,5.0,export-roasts_PR-8370.xls
665,203.1,5.0,export-roasts_PR-8370.xls
666,203.3,5.0,export-roasts_PR-8370.xls
667,203.4,5.0,export-roasts_PR-8370.xls
668,203.5,5.0,export-roasts_PR-8370.xls
669,203.6,5.0,export-roasts_PR-8370.xls
670,203.7,5.0,export-roasts_PR-8370.xls
671,203.8,5.0,export-roasts_PR-8370.xls
672,203.9,5.0,export-roasts_PR-8370.xls
673,204.0,5.0,export-roasts_PR-8370.xls
674,204.2,5.0,export-roasts_PR-8370.xls
675,204.3,5.0,export-roasts_PR-8370.xls
676,204.4,5.0,export-roasts_PR-8370.xls
677,204.5,5.0,export-roasts_PR-8370.xls
678,204.6,5.0,export-roasts_PR-8370.xls
679,204.7,5.0,export-roasts_PR-8370.xls
680,204.8,5.0,export-roasts_PR-8370.xls
681,204.9,5.0,export-roasts_PR-8370.xls
682,205.0,5.0,export-roasts_PR-8370.xls
683,205.1,5.0,export-roasts_PR-8370.xls
684,205.1,5.0,export-roasts_PR-8370.xls
685,205.2,5.0,export-roasts_PR-8370.xls
686,205.3,5.0,export-roasts_PR-8370.xls
687,205.5,5.0,export-roasts_PR-8370.xls
688,205.6,5.0,export-roasts_PR-8370.xls
689,205.6,5.0,export-roasts_PR-8370.xls
690,205.8,5.0,export-roasts_PR-8370.xls
691,205.8,5.0,export-roasts_PR-8370.xls
692,206.0,5.0,export-roasts_PR-8370.xls
693,206.0,5.0,export-roasts_PR-8370.xls
694,206.2,5.0,export-roasts_PR-8370.xls
695,206.2,5.0,export-roasts_PR-8370.xls
696,206.4,5.0,export-roasts_PR-8370.xls
697,206.4,5.0,export-roasts_PR-8370.xls
698,206.5,5.0,export-roasts_PR-8370.xls
699,206.6,5.0,export-roasts_PR-8370.xls
700,206.7,5.0,export-roasts_PR-8370.xls
701,206.8,10.0,export-roasts_PR-8370.xls
702,206.9,10.0,export-roasts_PR-8370.xls
703,207.0,10.0,export-roasts_PR-8370.xls
704,207.1,10.0,export-roasts_PR-8370.xls
705,207.2,10.0,export-roasts_PR-8370.xls
706,207.3,10.0,export-roasts_PR-8370.xls
707,207.4,10.0,export-roasts_PR-8370.xls
708,207.5,10.0,export-roasts_PR-8370.xls
709,207.5,10.0,export-roasts_PR-8370.xls
710,207.6,10.0,export-roasts_PR-8370.xls
711,207.7,10.0,export-roasts_PR-8370.xls
712,207.8,10.0,export-roasts_PR-8370.xls
713,207.9,10.0,export-roasts_PR-8370.xls
714,208.0,10.0,export-roasts_PR-8370.xls
715,208.1,10.0,export-roasts_PR-8370.xls
716,208.2,10.0,export-roasts_PR-8370.xls
717,208.3,10.0,export-roasts_PR-8370.xls
718,208.4,10.0,export-roasts_PR-8370.xls
719,208.6,10.0,export-roasts_PR-8370.xls
720,208.7,10.0,export-roasts_PR-8370.xls
721,208.7,10.0,export-roasts_PR-8370.xls
722,208.8,10.0,export-roasts_PR-8370.xls
723,208.9,10.0,export-roasts_PR-8370.xls
724,209.0,10.0,export-roasts_PR-8370.xls
725,209.1,10.0,export-roasts_PR-8370.xls
726,209.2,10.0,export-roasts_PR-8370.xls
727,209.3,10.0,export-roasts_PR-8370.xls
728,209.4,10.0,export-roasts_PR-8370.xls
729,209.5,10.0,export-roasts_PR-8370.xls
730,209.6,10.0,export-roasts_PR-8370.xls
731,209.7,10.0,export-roasts_PR-8370.xls
732,209.8,10.0,export-roasts_PR-8370.xls
733,209.9,10.0,export-roasts_PR-8370.xls
734,210.0,10.0,export-roasts_PR-8370.xls
735,210.2,10.0,export-roasts_PR-8370.xls
736,210.3,10.0,export-roasts_PR-8370.xls
737,210.4,10.0,export-roasts_PR-8370.xls
738,210.5,10.0,export-roasts_PR-8370.xls
739,210.6,10.0,export-roasts_PR-8370.xls
740,210.7,10.0,export-roasts_PR-8370.xls
741,210.8,10.0,export-roasts_PR-8370.xls
742,210.9,10.0,export-roasts_PR-8370.xls
743,211.0,10.0,export-roasts_PR-8370.xls
744,211.1,10.0,export-roasts_PR-8370.xls
745,211.2,10.0,export-roasts_PR-8370.xls
746,211.2,10.0,export-roasts_PR-8370.xls
747,211.3,10.0,export-roasts_PR-8370.xls
748,211.4,10.0,export-roasts_PR-8370.xls
749,211.6,10.0,export-roasts_PR-8370.xls
750,211.6,10.0,export-roasts_PR-8370.xls
751,211.7,10.0,export-roasts_PR-8370.xls
752,211.8,10.0,export-roasts_PR-8370.xls
753,211.9,10.0,export-roasts_PR-8370.xls
754,212.1,10.0,export-roasts_PR-8370.xls
755,212.2,10.0,export-roasts_PR-8370.xls
756,212.3,10.0,export-roasts_PR-8370.xls
757,212.4,10.0,export-roasts_PR-8370.xls
758,212.5,10.0,export-roasts_PR-8370.xls
759,212.6,10.0,export-roasts_PR-8370.xls
760,212.6,10.0,export-roasts_PR-8370.xls
761,212.8,10.0,export-roasts_PR-8370.xls
762,212.9,10.0,export-roasts_PR-8370.xls
763,213.0,10.0,export-roasts_PR-8370.xls
764,213.1,10.0,export-roasts_PR-8370.xls
765,213.2,10.0,export-roasts_PR-8370.xls
766,213.3,10.0,export-roasts_PR-8370.xls
767,213.4,10.0,export-roasts_PR-8370.xls
768,213.5,10.0,export-roasts_PR-8370.xls
769,213.6,10.0,export-roasts_PR-8370.xls
770,213.7,10.0,export-roasts_PR-8370.xls
771,213.8,10.0,export-roasts_PR-8370.xls
772,213.9,10.0,export-roasts_PR-8370.xls
773,214.0,10.0,export-roasts_PR-8370.xls
774,214.1,10.0,export-roasts_PR-8370.xls
775,214.2,10.0,export-roasts_PR-8370.xls
776,214.3,10.0,export-roasts_PR-8370.xls
777,214.4,10.0,export-roasts_PR-8370.xls
778,214.6,10.0,export-roasts_PR-8370.xls
779,214.7,10.0,export-roasts_PR-8370.xls
780,214.8,10.0,export-roasts_PR-8370.xls
781,214.9,10.0,export-roasts_PR-8370.xls
782,215.0,10.0,export-roasts_PR-8370.xls
783,215.2,10.0,export-roasts_PR-8370.xls
784,215.3,10.0,export-roasts_PR-8370.xls
785,215.4,10.0,export-roasts_PR-8370.xls
786,215.5,10.0,export-roasts_PR-8370.xls
787,215.6,10.0,export-roasts_PR-8370.xls
788,215.6,10.0,export-roasts_PR-8370.xls
789,215.9,10.0,export-roasts_PR-8370.xls
790,215.9,10.0,export-roasts_PR-8370.xls
791,216.0,10.0,export-roasts_PR-8370.xls
792,216.1,10.0,export-roasts_PR-8370.xls
793,216.2,10.0,export-roasts_PR-8370.xls
794,216.4,10.0,export-roasts_PR-8370.xls
795,216.5,10.0,export-roasts_PR-8370.xls
796,216.7,10.0,export-roasts_PR-8370.xls
797,216.7,10.0,export-roasts_PR-8370.xls
798,216.9,10.0,export-roasts_PR-8370.xls
799,217.0,10.0,export-roasts_PR-8370.xls
800,217.1,10.0,export-roasts_PR-8370.xls
801,217.2,10.0,export-roasts_PR-8370.xls
802,217.4,10.0,export-roasts_PR-8370.xls
803,217.5,10.0,export-roasts_PR-8370.xls
804,217.6,10.0,export-roasts_PR-8370.xls
0,218.3,0.0,export-roasts_PR-8491.xls
1,218.1,0.0,export-roasts_PR-8491.xls
2,214.7,0.0,export-roasts_PR-8491.xls
3,208.5,0.0,export-roasts_PR-8491.xls
4,200.0,0.0,export-roasts_PR-8491.xls
5,190.5,0.0,export-roasts_PR-8491.xls
6,180.6,0.0,export-roasts_PR-8491.xls
7,171.0,0.0,export-roasts_PR-8491.xls
8,161.7,0.0,export-roasts_PR-8491.xls
9,152.9,0.0,export-roasts_PR-8491.xls
10,144.6,0.0,export-roasts_PR-8491.xls
11,136.8,0.0,export-roasts_PR-8491.xls
12,129.6,0.0,export-roasts_PR-8491.xls
13,123.0,0.0,export-roasts_PR-8491.xls
14,116.8,0.0,export-roasts_PR-8491.xls
15,111.1,0.0,export-roasts_PR-8491.xls
16,105.9,0.0,export-roasts_PR-8491.xls
17,101.2,0.0,export-roasts_PR-8491.xls
18,96.9,0.0,export-roasts_PR-8491.xls
19,93.0,0.0,export-roasts_PR-8491.xls
20,89.5,0.0,export-roasts_PR-8491.xls
21,86.2,0.0,export-roasts_PR-8491.xls
22,83.2,0.0,export-roasts_PR-8491.xls
23,80.5,100.0,export-roasts_PR-8491.xls
24,77.9,100.0,export-roasts_PR-8491.xls
25,75.7,100.0,export-roasts_PR-8491.xls
26,73.7,100.0,export-roasts_PR-8491.xls
27,71.9,100.0,export-roasts_PR-8491.xls
28,70.2,100.0,export-roasts_PR-8491.xls
29,68.7,100.0,export-roasts_PR-8491.xls
30,67.3,100.0,export-roasts_PR-8491.xls
31,66.0,100.0,export-roasts_PR-8491.xls
32,64.9,100.0,export-roasts_PR-8491.xls
33,64.0,100.0,export-roasts_PR-8491.xls
34,63.0,100.0,export-roasts_PR-8491.xls
35,62.2,100.0,export-roasts_PR-8491.xls
36,61.6,100.0,export-roasts_PR-8491.xls
37,61.0,100.0,export-roasts_PR-8491.xls
38,60.4,100.0,export-roasts_PR-8491.xls
39,60.0,100.0,export-roasts_PR-8491.xls
40,59.7,100.0,export-roasts_PR-8491.xls
41,59.3,100.0,export-roasts_PR-8491.xls
42,59.1,100.0,export-roasts_PR-8491.xls
43,58.9,100.0,export-roasts_PR-8491.xls
44,58.8,100.0,export-roasts_PR-8491.xls
45,58.7,100.0,export-roasts_PR-8491.xls
46,58.6,100.0,export-roasts_PR-8491.xls
47,58.5,100.0,export-roasts_PR-8491.xls
48,58.5,100.0,export-roasts_PR-8491.xls
49,58.6,100.0,export-roasts_PR-8491.xls
50,58.7,100.0,export-roasts_PR-8491.xls
51,58.8,100.0,export-roasts_PR-8491.xls
52,58.9,100.0,export-roasts_PR-8491.xls
53,59.1,100.0,export-roasts_PR-8491.xls
54,59.3,100.0,export-roasts_PR-8491.xls
55,59.5,100.0,export-roasts_PR-8491.xls
56,59.7,100.0,export-roasts_PR-8491.xls
57,59.9,100.0,export-roasts_PR-8491.xls
58,60.1,100.0,export-roasts_PR-8491.xls
59,60.4,100.0,export-roasts_PR-8491.xls
60,60.7,100.0,export-roasts_PR-8491.xls
61,61.0,100.0,export-roasts_PR-8491.xls
62,61.3,100.0,export-roasts_PR-8491.xls
63,61.6,100.0,export-roasts_PR-8491.xls
64,61.9,100.0,export-roasts_PR-8491.xls
65,62.3,100.0,export-roasts_PR-8491.xls
66,62.5,100.0,export-roasts_PR-8491.xls
67,62.9,100.0,export-roasts_PR-8491.xls
68,63.2,100.0,export-roasts_PR-8491.xls
69,63.6,100.0,export-roasts_PR-8491.xls
70,63.8,100.0,export-roasts_PR-8491.xls
71,64.2,100.0,export-roasts_PR-8491.xls
72,64.5,100.0,export-roasts_PR-8491.xls
73,64.9,100.0,export-roasts_PR-8491.xls
74,65.2,100.0,export-roasts_PR-8491.xls
75,65.5,100.0,export-roasts_PR-8491.xls
76,66.0,100.0,export-roasts_PR-8491.xls
77,66.3,100.0,export-roasts_PR-8491.xls
78,66.6,100.0,export-roasts_PR-8491.xls
79,67.0,100.0,export-roasts_PR-8491.xls
80,67.3,100.0,export-roasts_PR-8491.xls
81,67.7,100.0,export-roasts_PR-8491.xls
82,68.0,100.0,export-roasts_PR-8491.xls
83,68.4,100.0,export-roasts_PR-8491.xls
84,68.8,100.0,export-roasts_PR-8491.xls
85,69.1,100.0,export-roasts_PR-8491.xls
86,69.5,100.0,export-roasts_PR-8491.xls
87,69.8,100.0,export-roasts_PR-8491.xls
88,70.2,100.0,export-roasts_PR-8491.xls
89,70.5,100.0,export-roasts_PR-8491.xls
90,70.9,100.0,export-roasts_PR-8491.xls
91,71.2,100.0,export-roasts_PR-8491.xls
92,71.7,100.0,export-roasts_PR-8491.xls
93,72.0,100.0,export-roasts_PR-8491.xls
94,72.4,100.0,export-roasts_PR-8491.xls
95,72.8,100.0,export-roasts_PR-8491.xls
96,73.2,100.0,export-roasts_PR-8491.xls
97,73.5,100.0,export-roasts_PR-8491.xls
98,73.9,100.0,export-roasts_PR-8491.xls
99,74.2,100.0,export-roasts_PR-8491.xls
100,74.6,100.0,export-roasts_PR-8491.xls
101,75.1,100.0,export-roasts_PR-8491.xls
102,75.4,100.0,export-roasts_PR-8491.xls
103,75.8,100.0,export-roasts_PR-8491.xls
104,76.2,100.0,export-roasts_PR-8491.xls
105,76.5,100.0,export-roasts_PR-8491.xls
106,76.9,100.0,export-roasts_PR-8491.xls
107,77.2,100.0,export-roasts_PR-8491.xls
108,77.6,100.0,export-roasts_PR-8491.xls
109,77.9,100.0,export-roasts_PR-8491.xls
110,78.3,100.0,export-roasts_PR-8491.xls
111,78.7,100.0,export-roasts_PR-8491.xls
112,79.0,100.0,export-roasts_PR-8491.xls
113,79.4,100.0,export-roasts_PR-8491.xls
114,79.7,100.0,export-roasts_PR-8491.xls
115,80.1,100.0,export-roasts_PR-8491.xls
116,80.5,100.0,export-roasts_PR-8491.xls
117,80.8,100.0,export-roasts_PR-8491.xls
118,81.1,100.0,export-roasts_PR-8491.xls
119,81.5,100.0,export-roasts_PR-8491.xls
120,81.8,100.0,export-roasts_PR-8491.xls
121,82.2,100.0,export-roasts_PR-8491.xls
122,82.5,100.0,export-roasts_PR-8491.xls
123,82.8,100.0,export-roasts_PR-8491.xls
124,83.2,100.0,export-roasts_PR-8491.xls
125,83.6,100.0,export-roasts_PR-8491.xls
126,83.9,100.0,export-roasts_PR-8491.xls
127,84.2,100.0,export-roasts_PR-8491.xls
128,84.5,100.0,export-roasts_PR-8491.xls
129,84.9,100.0,export-roasts_PR-8491.xls
130,85.1,100.0,export-roasts_PR-8491.xls
131,85.5,100.0,export-roasts_PR-8491.xls
132,85.8,100.0,export-roasts_PR-8491.xls
133,86.1,100.0,export-roasts_PR-8491.xls
134,86.4,100.0,export-roasts_PR-8491.xls
135,86.8,100.0,export-roasts_PR-8491.xls
136,87.0,100.0,export-roasts_PR-8491.xls
137,87.4,100.0,export-roasts_PR-8491.xls
138,87.7,100.0,export-roasts_PR-8491.xls
139,88.0,100.0,export-roasts_PR-8491.xls
140,88.3,100.0,export-roasts_PR-8491.xls
141,88.6,100.0,export-roasts_PR-8491.xls
142,88.9,100.0,export-roasts_PR-8491.xls
143,89.3,100.0,export-roasts_PR-8491.xls
144,89.5,100.0,export-roasts_PR-8491.xls
145,89.8,100.0,export-roasts_PR-8491.xls
146,90.2,100.0,export-roasts_PR-8491.xls
147,90.5,100.0,export-roasts_PR-8491.xls
148,90.8,100.0,export-roasts_PR-8491.xls
149,91.1,100.0,export-roasts_PR-8491.xls
150,91.4,100.0,export-roasts_PR-8491.xls
151,91.7,100.0,export-roasts_PR-8491.xls
152,91.9,100.0,export-roasts_PR-8491.xls
153,92.2,100.0,export-roasts_PR-8491.xls
154,92.5,100.0,export-roasts_PR-8491.xls
155,92.8,100.0,export-roasts_PR-8491.xls
156,93.1,100.0,export-roasts_PR-8491.xls
157,93.5,100.0,export-roasts_PR-8491.xls
158,93.8,100.0,export-roasts_PR-8491.xls
159,94.1,100.0,export-roasts_PR-8491.xls
160,94.4,100.0,export-roasts_PR-8491.xls
161,94.6,100.0,export-roasts_PR-8491.xls
162,94.9,100.0,export-roasts_PR-8491.xls
163,95.2,100.0,export-roasts_PR-8491.xls
164,95.5,100.0,export-roasts_PR-8491.xls
165,95.8,100.0,export-roasts_PR-8491.xls
166,96.0,100.0,export-roasts_PR-8491.xls
167,96.3,100.0,export-roasts_PR-8491.xls
168,96.7,100.0,export-roasts_PR-8491.xls
169,96.9,100.0,export-roasts_PR-8491.xls
170,97.3,100.0,export-roasts_PR-8491.xls
171,97.6,100.0,export-roasts_PR-8491.xls
172,97.9,100.0,export-roasts_PR-8491.xls
173,98.1,100.0,export-roasts_PR-8491.xls
174,98.4,100.0,export-roasts_PR-8491.xls
175,98.7,100.0,export-roasts_PR-8491.xls
176,99.0,100.0,export-roasts_PR-8491.xls
177,99.3,100.0,export-roasts_PR-8491.xls
178,99.6,100.0,export-roasts_PR-8491.xls
179,99.8,100.0,export-roasts_PR-8491.xls
180,100.1,100.0,export-roasts_PR-8491.xls
181,100.3,100.0,export-roasts_PR-8491.xls
182,100.6,100.0,export-roasts_PR-8491.xls
183,100.9,100.0,export-roasts_PR-8491.xls
184,101.2,100.0,export-roasts_PR-8491.xls
185,101.5,100.0,export-roasts_PR-8491.xls
186,101.7,100.0,export-roasts_PR-8491.xls
187,102.0,100.0,export-roasts_PR-8491.xls
188,102.2,100.0,export-roasts_PR-8491.xls
189,102.5,100.0,export-roasts_PR-8491.xls
190,102.8,100.0,export-roasts_PR-8491.xls
191,103.1,100.0,export-roasts_PR-8491.xls
192,103.4,100.0,export-roasts_PR-8491.xls
193,103.6,100.0,export-roasts_PR-8491.xls
194,103.9,100.0,export-roasts_PR-8491.xls
195,104.1,100.0,export-roasts_PR-8491.xls
196,104.4,100.0,export-roasts_PR-8491.xls
197,104.6,100.0,export-roasts_PR-8491.xls
198,104.8,100.0,export-roasts_PR-8491.xls
199,105.2,100.0,export-roasts_PR-8491.xls
200,105.4,100.0,export-roasts_PR-8491.xls
201,105.7,100.0,export-roasts_PR-8491.xls
202,106.0,100.0,export-roasts_PR-8491.xls
203,106.3,100.0,export-roasts_PR-8491.xls
204,106.5,100.0,export-roasts_PR-8491.xls
205,106.8,100.0,export-roasts_PR-8491.xls
206,107.1,100.0,export-roasts_PR-8491.xls
207,107.4,100.0,export-roasts_PR-8491.xls
208,107.6,100.0,export-roasts_PR-8491.xls
209,107.9,100.0,export-roasts_PR-8491.xls
210,108.2,100.0,export-roasts_PR-8491.xls
211,108.4,100.0,export-roasts_PR-8491.xls
212,108.7,100.0,export-roasts_PR-8491.xls
213,108.9,100.0,export-roasts_PR-8491.xls
214,109.2,100.0,export-roasts_PR-8491.xls
215,109.4,100.0,export-roasts_PR-8491.xls
216,109.7,100.0,export-roasts_PR-8491.xls
217,110.0,100.0,export-roasts_PR-8491.xls
218,110.2,100.0,export-roasts_PR-8491.xls
219,110.5,100.0,export-roasts_PR-8491.xls
220,110.8,100.0,export-roasts_PR-8491.xls
221,111.0,100.0,export-roasts_PR-8491.xls
222,111.3,100.0,export-roasts_PR-8491.xls
223,111.5,100.0,export-roasts_PR-8491.xls
224,111.7,100.0,export-roasts_PR-8491.xls
225,112.0,100.0,export-roasts_PR-8491.xls
226,112.2,100.0,export-roasts_PR-8491.xls
227,112.5,100.0,export-roasts_PR-8491.xls
228,112.7,100.0,export-roasts_PR-8491.xls
229,113.0,100.0,export-roasts_PR-8491.xls
230,113.2,100.0,export-roasts_PR-8491.xls
231,113.5,100.0,export-roasts_PR-8491.xls
232,113.7,100.0,export-roasts_PR-8491.xls
233,114.0,100.0,export-roasts_PR-8491.xls
234,114.3,100.0,export-roasts_PR-8491.xls
235,114.5,100.0,export-roasts_PR-8491.xls
236,114.7,100.0,export-roasts_PR-8491.xls
237,115.0,100.0,export-roasts_PR-8491.xls
238,115.2,100.0,export-roasts_PR-8491.xls
239,115.5,100.0,export-roasts_PR-8491.xls
240,115.7,100.0,export-roasts_PR-8491.xls
241,115.9,100.0,export-roasts_PR-8491.xls
242,116.2,100.0,export-roasts_PR-8491.xls
243,116.4,100.0,export-roasts_PR-8491.xls
244,116.7,100.0,export-roasts_PR-8491.xls
245,116.9,100.0,export-roasts_PR-8491.xls
246,117.1,100.0,export-roasts_PR-8491.xls
247,117.4,100.0,export-roasts_PR-8491.xls
248,117.6,100.0,export-roasts_PR-8491.xls
249,117.9,100.0,export-roasts_PR-8491.xls
250,118.1,100.0,export-roasts_PR-8491.xls
251,118.4,100.0,export-roasts_PR-8491.xls
252,118.6,100.0,export-roasts_PR-8491.xls
253,118.9,100.0,export-roasts_PR-8491.xls
254,119.2,100.0,export-roasts_PR-8491.xls
255,119.4,100.0,export-roasts_PR-8491.xls
256,119.7,100.0,export-roasts_PR-8491.xls
257,119.9,100.0,export-roasts_PR-8491.xls
258,120.2,100.0,export-roasts_PR-8491.xls
259,120.4,100.0,export-roasts_PR-8491.xls
260,120.7,100.0,export-roasts_PR-8491.xls
261,120.9,100.0,export-roasts_PR-8491.xls
262,121.2,100.0,export-roasts_PR-8491.xls
263,121.4,100.0,export-roasts_PR-8491.xls
264,121.7,100.0,export-roasts_PR-8491.xls
265,121.9,100.0,export-roasts_PR-8491.xls
266,122.2,100.0,export-roasts_PR-8491.xls
267,122.4,100.0,export-roasts_PR-8491.xls
268,122.6,100.0,export-roasts_PR-8491.xls
269,122.9,100.0,export-roasts_PR-8491.xls
270,123.1,100.0,export-roasts_PR-8491.xls
271,123.4,100.0,export-roasts_PR-8491.xls
272,123.6,100.0,export-roasts_PR-8491.xls
273,123.9,100.0,export-roasts_PR-8491.xls
274,124.1,100.0,export-roasts_PR-8491.xls
275,124.3,100.0,export-roasts_PR-8491.xls
276,124.6,100.0,export-roasts_PR-8491.xls
277,124.8,100.0,export-roasts_PR-8491.xls
278,125.0,100.0,export-roasts_PR-8491.xls
279,125.3,100.0,export-roasts_PR-8491.xls
280,125.5,100.0,export-roasts_PR-8491.xls
281,125.7,100.0,export-roasts_PR-8491.xls
282,126.0,100.0,export-roasts_PR-8491.xls
283,126.2,100.0,export-roasts_PR-8491.xls
284,126.4,100.0,export-roasts_PR-8491.xls
285,126.6,100.0,export-roasts_PR-8491.xls
286,126.8,100.0,export-roasts_PR-8491.xls
287,127.1,100.0,export-roasts_PR-8491.xls
288,127.3,100.0,export-roasts_PR-8491.xls
289,127.5,100.0,export-roasts_PR-8491.xls
290,127.8,100.0,export-roasts_PR-8491.xls
291,128.0,100.0,export-roasts_PR-8491.xls
292,128.3,100.0,export-roasts_PR-8491.xls
293,128.4,100.0,export-roasts_PR-8491.xls
294,128.7,100.0,export-roasts_PR-8491.xls
295,128.9,100.0,export-roasts_PR-8491.xls
296,129.2,100.0,export-roasts_PR-8491.xls
297,129.4,100.0,export-roasts_PR-8491.xls
298,129.6,100.0,export-roasts_PR-8491.xls
299,129.8,100.0,export-roasts_PR-8491.xls
300,130.1,100.0,export-roasts_PR-8491.xls
301,130.3,100.0,export-roasts_PR-8491.xls
302,130.6,100.0,export-roasts_PR-8491.xls
303,130.8,100.0,export-roasts_PR-8491.xls
304,131.0,100.0,export-roasts_PR-8491.xls
305,131.3,100.0,export-roasts_PR-8491.xls
306,131.5,100.0,export-roasts_PR-8491.xls
307,131.8,100.0,export-roasts_PR-8491.xls
308,132.0,100.0,export-roasts_PR-8491.xls
309,132.2,100.0,export-roasts_PR-8491.xls
310,132.5,100.0,export-roasts_PR-8491.xls
311,132.7,100.0,export-roasts_PR-8491.xls
312,133.0,100.0,export-roasts_PR-8491.xls
313,133.2,100.0,export-roasts_PR-8491.xls
314,133.5,100.0,export-roasts_PR-8491.xls
315,133.7,100.0,export-roasts_PR-8491.xls
316,133.9,100.0,export-roasts_PR-8491.xls
317,134.1,100.0,export-roasts_PR-8491.xls
318,134.4,100.0,export-roasts_PR-8491.xls
319,134.6,100.0,export-roasts_PR-8491.xls
320,134.8,100.0,export-roasts_PR-8491.xls
321,135.1,100.0,export-roasts_PR-8491.xls
322,135.3,100.0,export-roasts_PR-8491.xls
323,135.5,100.0,export-roasts_PR-8491.xls
324,135.8,100.0,export-roasts_PR-8491.xls
325,136.0,100.0,export-roasts_PR-8491.xls
326,136.3,100.0,export-roasts_PR-8491.xls
327,136.5,100.0,export-roasts_PR-8491.xls
328,136.7,100.0,export-roasts_PR-8491.xls
329,137.0,100.0,export-roasts_PR-8491.xls
330,137.2,100.0,export-roasts_PR-8491.xls
331,137.4,100.0,export-roasts_PR-8491.xls
332,137.6,100.0,export-roasts_PR-8491.xls
333,137.8,100.0,export-roasts_PR-8491.xls
334,138.1,100.0,export-roasts_PR-8491.xls
335,138.3,100.0,export-roasts_PR-8491.xls
336,138.5,100.0,export-roasts_PR-8491.xls
337,138.8,100.0,export-roasts_PR-8491.xls
338,139.0,100.0,export-roasts_PR-8491.xls
339,139.3,100.0,export-roasts_PR-8491.xls
340,139.5,100.0,export-roasts_PR-8491.xls
341,139.7,100.0,export-roasts_PR-8491.xls
342,139.9,100.0,export-roasts_PR-8491.xls
343,140.2,100.0,export-roasts_PR-8491.xls
344,140.4,100.0,export-roasts_PR-8491.xls
345,140.6,100.0,export-roasts_PR-8491.xls
346,140.8,100.0,export-roasts_PR-8491.xls
347,141.0,100.0,export-roasts_PR-8491.xls
348,141.3,100.0,export-roasts_PR-8491.xls
349,141.6,100.0,export-roasts_PR-8491.xls
350,141.8,100.0,export-roasts_PR-8491.xls
351,142.1,100.0,export-roasts_PR-8491.xls
352,142.2,100.0,export-roasts_PR-8491.xls
353,142.5,100.0,export-roasts_PR-8491.xls
354,142.7,100.0,export-roasts_PR-8491.xls
355,142.9,100.0,export-roasts_PR-8491.xls
356,143.1,100.0,export-roasts_PR-8491.xls
357,143.4,100.0,export-roasts_PR-8491.xls
358,143.6,100.0,export-roasts_PR-8491.xls
359,143.7,100.0,export-roasts_PR-8491.xls
360,144.0,100.0,export-roasts_PR-8491.xls
361,144.2,100.0,export-roasts_PR-8491.xls
362,144.4,100.0,export-roasts_PR-8491.xls
363,144.6,100.0,export-roasts_PR-8491.xls
364,144.8,100.0,export-roasts_PR-8491.xls
365,145.0,100.0,export-roasts_PR-8491.xls
366,145.2,100.0,export-roasts_PR-8491.xls
367,145.4,100.0,export-roasts_PR-8491.xls
368,145.6,100.0,export-roasts_PR-8491.xls
369,145.8,100.0,export-roasts_PR-8491.xls
370,146.0,100.0,export-roasts_PR-8491.xls
371,146.2,100.0,export-roasts_PR-8491.xls
372,146.4,100.0,export-roasts_PR-8491.xls
373,146.6,100.0,export-roasts_PR-8491.xls
374,146.9,100.0,export-roasts_PR-8491.xls
375,147.1,100.0,export-roasts_PR-8491.xls
376,147.3,100.0,export-roasts_PR-8491.xls
377,147.5,100.0,export-roasts_PR-8491.xls
378,147.7,100.0,export-roasts_PR-8491.xls
379,147.9,100.0,export-roasts_PR-8491.xls
380,148.1,100.0,export-roasts_PR-8491.xls
381,148.3,100.0,export-roasts_PR-8491.xls
382,148.5,100.0,export-roasts_PR-8491.xls
383,148.7,100.0,export-roasts_PR-8491.xls
384,148.9,100.0,export-roasts_PR-8491.xls
385,149.2,100.0,export-roasts_PR-8491.xls
386,149.3,100.0,export-roasts_PR-8491.xls
387,149.6,100.0,export-roasts_PR-8491.xls
388,149.8,100.0,export-roasts_PR-8491.xls
389,150.0,100.0,export-roasts_PR-8491.xls
390,150.2,100.0,export-roasts_PR-8491.xls
391,150.4,100.0,export-roasts_PR-8491.xls
392,150.6,100.0,export-roasts_PR-8491.xls
393,150.8,100.0,export-roasts_PR-8491.xls
394,151.1,100.0,export-roasts_PR-8491.xls
395,151.2,100.0,export-roasts_PR-8491.xls
396,151.4,100.0,export-roasts_PR-8491.xls
397,151.7,100.0,export-roasts_PR-8491.xls
398,151.8,100.0,export-roasts_PR-8491.xls
399,152.0,100.0,export-roasts_PR-8491.xls
400,152.2,100.0,export-roasts_PR-8491.xls
401,152.4,100.0,export-roasts_PR-8491.xls
402,152.7,100.0,export-roasts_PR-8491.xls
403,152.9,100.0,export-roasts_PR-8491.xls
404,153.1,100.0,export-roasts_PR-8491.xls
405,153.4,100.0,export-roasts_PR-8491.xls
406,153.6,100.0,export-roasts_PR-8491.xls
407,153.8,100.0,export-roasts_PR-8491.xls
408,154.0,100.0,export-roasts_PR-8491.xls
409,154.2,100.0,export-roasts_PR-8491.xls
410,154.3,100.0,export-roasts_PR-8491.xls
411,154.6,100.0,export-roasts_PR-8491.xls
412,154.8,100.0,export-roasts_PR-8491.xls
413,155.0,100.0,export-roasts_PR-8491.xls
414,155.2,100.0,export-roasts_PR-8491.xls
415,155.5,100.0,export-roasts_PR-8491.xls
416,155.6,100.0,export-roasts_PR-8491.xls
417,155.9,100.0,export-roasts_PR-8491.xls
418,156.1,100.0,export-roasts_PR-8491.xls
419,156.3,100.0,export-roasts_PR-8491.xls
420,156.5,100.0,export-roasts_PR-8491.xls
421,156.6,100.0,export-roasts_PR-8491.xls
422,156.9,100.0,export-roasts_PR-8491.xls
423,157.1,100.0,export-roasts_PR-8491.xls
424,157.3,100.0,export-roasts_PR-8491.xls
425,157.4,100.0,export-roasts_PR-8491.xls
426,157.7,100.0,export-roasts_PR-8491.xls
427,157.8,100.0,export-roasts_PR-8491.xls
428,158.0,100.0,export-roasts_PR-8491.xls
429,158.3,100.0,export-roasts_PR-8491.xls
430,158.4,100.0,export-roasts_PR-8491.xls
431,158.6,100.0,export-roasts_PR-8491.xls
432,158.9,100.0,export-roasts_PR-8491.xls
433,159.1,100.0,export-roasts_PR-8491.xls
434,159.3,100.0,export-roasts_PR-8491.xls
435,159.5,100.0,export-roasts_PR-8491.xls
436,159.7,100.0,export-roasts_PR-8491.xls
437,159.9,100.0,export-roasts_PR-8491.xls
438,160.2,100.0,export-roasts_PR-8491.xls
439,160.3,100.0,export-roasts_PR-8491.xls
440,160.6,100.0,export-roasts_PR-8491.xls
441,160.8,100.0,export-roasts_PR-8491.xls
442,160.9,100.0,export-roasts_PR-8491.xls
443,161.1,100.0,export-roasts_PR-8491.xls
444,161.3,100.0,export-roasts_PR-8491.xls
445,161.6,100.0,export-roasts_PR-8491.xls
446,161.7,100.0,export-roasts_PR-8491.xls
447,162.0,100.0,export-roasts_PR-8491.xls
448,162.1,100.0,export-roasts_PR-8491.xls
449,162.3,100.0,export-roasts_PR-8491.xls
450,162.4,100.0,export-roasts_PR-8491.xls
451,162.7,100.0,export-roasts_PR-8491.xls
452,162.9,100.0,export-roasts_PR-8491.xls
453,163.0,100.0,export-roasts_PR-8491.xls
454,163.2,100.0,export-roasts_PR-8491.xls
455,163.5,100.0,export-roasts_PR-8491.xls
456,163.6,100.0,export-roasts_PR-8491.xls
457,163.9,100.0,export-roasts_PR-8491.xls
458,164.1,100.0,export-roasts_PR-8491.xls
459,164.3,100.0,export-roasts_PR-8491.xls
460,164.5,100.0,export-roasts_PR-8491.xls
461,164.8,100.0,export-roasts_PR-8491.xls
462,165.0,100.0,export-roasts_PR-8491.xls
463,165.2,100.0,export-roasts_PR-8491.xls
464,165.4,100.0,export-roasts_PR-8491.xls
465,165.7,100.0,export-roasts_PR-8491.xls
466,165.9,100.0,export-roasts_PR-8491.xls
467,166.0,100.0,export-roasts_PR-8491.xls
468,166.3,100.0,export-roasts_PR-8491.xls
469,166.5,100.0,export-roasts_PR-8491.xls
470,166.7,100.0,export-roasts_PR-8491.xls
471,167.0,100.0,export-roasts_PR-8491.xls
472,167.2,100.0,export-roasts_PR-8491.xls
473,167.4,100.0,export-roasts_PR-8491.xls
474,167.7,100.0,export-roasts_PR-8491.xls
475,167.9,100.0,export-roasts_PR-8491.xls
476,168.1,100.0,export-roasts_PR-8491.xls
477,168.3,100.0,export-roasts_PR-8491.xls
478,168.5,100.0,export-roasts_PR-8491.xls
479,168.7,100.0,export-roasts_PR-8491.xls
480,168.9,100.0,export-roasts_PR-8491.xls
481,169.1,100.0,export-roasts_PR-8491.xls
482,169.3,100.0,export-roasts_PR-8491.xls
483,169.5,100.0,export-roasts_PR-8491.xls
484,169.7,100.0,export-roasts_PR-8491.xls
485,170.0,100.0,export-roasts_PR-8491.xls
486,170.2,100.0,export-roasts_PR-8491.xls
487,170.3,100.0,export-roasts_PR-8491.xls
488,170.6,100.0,export-roasts_PR-8491.xls
489,170.8,100.0,export-roasts_PR-8491.xls
490,171.0,100.0,export-roasts_PR-8491.xls
491,171.2,100.0,export-roasts_PR-8491.xls
492,171.4,100.0,export-roasts_PR-8491.xls
493,171.7,100.0,export-roasts_PR-8491.xls
494,171.9,100.0,export-roasts_PR-8491.xls
495,172.1,100.0,export-roasts_PR-8491.xls
496,172.3,100.0,export-roasts_PR-8491.xls
497,172.5,100.0,export-roasts_PR-8491.xls
498,172.7,100.0,export-roasts_PR-8491.xls
499,173.0,100.0,export-roasts_PR-8491.xls
500,173.2,100.0,export-roasts_PR-8491.xls
501,173.4,100.0,export-roasts_PR-8491.xls
502,173.6,100.0,export-roasts_PR-8491.xls
503,173.8,100.0,export-roasts_PR-8491.xls
504,174.0,100.0,export-roasts_PR-8491.xls
505,174.3,100.0,export-roasts_PR-8491.xls
506,174.5,100.0,export-roasts_PR-8491.xls
507,174.7,100.0,export-roasts_PR-8491.xls
508,175.0,100.0,export-roasts_PR-8491.xls
509,175.1,100.0,export-roasts_PR-8491.xls
510,175.3,100.0,export-roasts_PR-8491.xls
511,175.5,100.0,export-roasts_PR-8491.xls
512,175.7,100.0,export-roasts_PR-8491.xls
513,175.9,90.0,export-roasts_PR-8491.xls
514,176.1,90.0,export-roasts_PR-8491.xls
515,176.3,90.0,export-roasts_PR-8491.xls
516,176.5,90.0,export-roasts_PR-8491.xls
517,176.8,90.0,export-roasts_PR-8491.xls
518,176.9,90.0,export-roasts_PR-8491.xls
519,177.1,90.0,export-roasts_PR-8491.xls
520,177.3,90.0,export-roasts_PR-8491.xls
521,177.5,90.0,export-roasts_PR-8491.xls
522,177.7,90.0,export-roasts_PR-8491.xls
523,177.9,90.0,export-roasts_PR-8491.xls
524,178.2,90.0,export-roasts_PR-8491.xls
525,178.4,90.0,export-roasts_PR-8491.xls
526,178.6,90.0,export-roasts_PR-8491.xls
527,178.8,90.0,export-roasts_PR-8491.xls
528,179.1,90.0,export-roasts_PR-8491.xls
529,179.3,90.0,export-roasts_PR-8491.xls
530,179.4,90.0,export-roasts_PR-8491.xls
531,179.7,90.0,export-roasts_PR-8491.xls
532,179.9,90.0,export-roasts_PR-8491.xls
533,180.1,90.0,export-roasts_PR-8491.xls
534,180.3,90.0,export-roasts_PR-8491.xls
535,180.5,90.0,export-roasts_PR-8491.xls
536,180.7,90.0,export-roasts_PR-8491.xls
537,181.0,90.0,export-roasts_PR-8491.xls
538,181.2,90.0,export-roasts_PR-8491.xls
539,181.3,90.0,export-roasts_PR-8491.xls
540,181.6,90.0,export-roasts_PR-8491.xls
541,181.8,90.0,export-roasts_PR-8491.xls
542,182.0,90.0,export-roasts_PR-8491.xls
543,182.3,90.0,export-roasts_PR-8491.xls
544,182.5,90.0,export-roasts_PR-8491.xls
545,182.6,90.0,export-roasts_PR-8491.xls
546,182.9,90.0,export-roasts_PR-8491.xls
547,183.0,90.0,export-roasts_PR-8491.xls
548,183.2,90.0,export-roasts_PR-8491.xls
549,183.4,90.0,export-roasts_PR-8491.xls
550,183.6,90.0,export-roasts_PR-8491.xls
551,183.8,90.0,export-roasts_PR-8491.xls
552,184.0,90.0,export-roasts_PR-8491.xls
553,184.2,90.0,export-roasts_PR-8491.xls
554,184.4,90.0,export-roasts_PR-8491.xls
555,184.6,90.0,export-roasts_PR-8491.xls
556,184.9,90.0,export-roasts_PR-8491.xls
557,185.0,90.0,export-roasts_PR-8491.xls
558,185.2,90.0,export-roasts_PR-8491.xls
559,185.5,90.0,export-roasts_PR-8491.xls
560,185.6,90.0,export-roasts_PR-8491.xls
561,185.9,90.0,export-roasts_PR-8491.xls
562,186.1,90.0,export-roasts_PR-8491.xls
563,186.3,90.0,export-roasts_PR-8491.xls
564,186.5,90.0,export-roasts_PR-8491.xls
565,186.7,90.0,export-roasts_PR-8491.xls
566,186.9,90.0,export-roasts_PR-8491.xls
567,187.2,90.0,export-roasts_PR-8491.xls
568,187.4,90.0,export-roasts_PR-8491.xls
569,187.5,90.0,export-roasts_PR-8491.xls
570,187.8,90.0,export-roasts_PR-8491.xls
571,188.0,90.0,export-roasts_PR-8491.xls
572,188.2,90.0,export-roasts_PR-8491.xls
573,188.4,90.0,export-roasts_PR-8491.xls
574,188.6,90.0,export-roasts_PR-8491.xls
575,188.8,90.0,export-roasts_PR-8491.xls
576,189.1,90.0,export-roasts_PR-8491.xls
577,189.3,90.0,export-roasts_PR-8491.xls
578,189.5,90.0,export-roasts_PR-8491.xls
579,189.7,90.0,export-roasts_PR-8491.xls
580,189.9,90.0,export-roasts_PR-8491.xls
581,190.2,90.0,export-roasts_PR-8491.xls
582,190.3,90.0,export-roasts_PR-8491.xls
583,190.6,90.0,export-roasts_PR-8491.xls
584,190.8,90.0,export-roasts_PR-8491.xls
585,191.0,90.0,export-roasts_PR-8491.xls
586,191.2,90.0,export-roasts_PR-8491.xls
587,191.4,90.0,export-roasts_PR-8491.xls
588,191.6,0.0,export-roasts_PR-8491.xls
589,191.8,0.0,export-roasts_PR-8491.xls
590,192.0,0.0,export-roasts_PR-8491.xls
591,192.2,0.0,export-roasts_PR-8491.xls
592,192.4,0.0,export-roasts_PR-8491.xls
593,192.6,0.0,export-roasts_PR-8491.xls
594,192.9,0.0,export-roasts_PR-8491.xls
595,193.1,0.0,export-roasts_PR-8491.xls
596,193.3,0.0,export-roasts_PR-8491.xls
597,193.6,0.0,export-roasts_PR-8491.xls
598,193.7,0.0,export-roasts_PR-8491.xls
599,193.9,0.0,export-roasts_PR-8491.xls
600,194.1,0.0,export-roasts_PR-8491.xls
601,194.3,0.0,export-roasts_PR-8491.xls
602,194.5,0.0,export-roasts_PR-8491.xls
603,194.7,0.0,export-roasts_PR-8491.xls
604,194.8,0.0,export-roasts_PR-8491.xls
605,195.0,0.0,export-roasts_PR-8491.xls
606,195.1,0.0,export-roasts_PR-8491.xls
607,195.3,0.0,export-roasts_PR-8491.xls
608,195.4,0.0,export-roasts_PR-8491.xls
609,195.5,0.0,export-roasts_PR-8491.xls
610,195.6,0.0,export-roasts_PR-8491.xls
611,195.8,0.0,export-roasts_PR-8491.xls
612,196.0,0.0,export-roasts_PR-8491.xls
613,196.0,0.0,export-roasts_PR-8491.xls
614,196.2,0.0,export-roasts_PR-8491.xls
615,196.3,0.0,export-roasts_PR-8491.xls
616,196.5,0.0,export-roasts_PR-8491.xls
617,196.6,0.0,export-roasts_PR-8491.xls
618,196.7,0.0,export-roasts_PR-8491.xls
619,196.9,0.0,export-roasts_PR-8491.xls
620,196.9,0.0,export-roasts_PR-8491.xls
621,197.0,0.0,export-roasts_PR-8491.xls
622,197.2,0.0,export-roasts_PR-8491.xls
623,197.2,0.0,export-roasts_PR-8491.xls
624,197.4,0.0,export-roasts_PR-8491.xls
625,197.5,0.0,export-roasts_PR-8491.xls
626,197.6,0.0,export-roasts_PR-8491.xls
627,197.6,0.0,export-roasts_PR-8491.xls
628,197.7,0.0,export-roasts_PR-8491.xls
629,197.8,0.0,export-roasts_PR-8491.xls
630,197.9,0.0,export-roasts_PR-8491.xls
631,197.9,0.0,export-roasts_PR-8491.xls
632,198.0,0.0,export-roasts_PR-8491.xls
633,198.1,0.0,export-roasts_PR-8491.xls
634,198.2,0.0,export-roasts_PR-8491.xls
635,198.3,0.0,export-roasts_PR-8491.xls
636,198.4,0.0,export-roasts_PR-8491.xls
637,198.5,0.0,export-roasts_PR-8491.xls
638,198.6,0.0,export-roasts_PR-8491.xls
639,198.7,0.0,export-roasts_PR-8491.xls
640,198.8,0.0,export-roasts_PR-8491.xls
641,198.9,0.0,export-roasts_PR-8491.xls
642,199.0,0.0,export-roasts_PR-8491.xls
643,199.1,0.0,export-roasts_PR-8491.xls
644,199.2,5.0,export-roasts_PR-8491.xls
645,199.3,5.0,export-roasts_PR-8491.xls
646,199.3,5.0,export-roasts_PR-8491.xls
647,199.5,5.0,export-roasts_PR-8491.xls
648,199.5,5.0,export-roasts_PR-8491.xls
649,199.7,5.0,export-roasts_PR-8491.xls
650,199.7,5.0,export-roasts_PR-8491.xls
651,199.8,5.0,export-roasts_PR-8491.xls
652,199.9,5.0,export-roasts_PR-8491.xls
653,200.0,5.0,export-roasts_PR-8491.xls
654,200.1,5.0,export-roasts_PR-8491.xls
655,200.1,5.0,export-roasts_PR-8491.xls
656,200.2,5.0,export-roasts_PR-8491.xls
657,200.3,5.0,export-roasts_PR-8491.xls
658,200.3,5.0,export-roasts_PR-8491.xls
659,200.4,5.0,export-roasts_PR-8491.xls
660,200.5,5.0,export-roasts_PR-8491.xls
661,200.7,5.0,export-roasts_PR-8491.xls
662,200.8,5.0,export-roasts_PR-8491.xls
663,200.8,5.0,export-roasts_PR-8491.xls
664,201.0,5.0,export-roasts_PR-8491.xls
665,201.0,5.0,export-roasts_PR-8491.xls
666,201.2,5.0,export-roasts_PR-8491.xls
667,201.2,5.0,export-roasts_PR-8491.xls
668,201.3,5.0,export-roasts_PR-8491.xls
669,201.4,5.0,export-roasts_PR-8491.xls
670,201.5,5.0,export-roasts_PR-8491.xls
671,201.6,5.0,export-roasts_PR-8491.xls
672,201.7,5.0,export-roasts_PR-8491.xls
673,201.9,5.0,export-roasts_PR-8491.xls
674,202.0,5.0,export-roasts_PR-8491.xls
675,202.1,5.0,export-roasts_PR-8491.xls
676,202.2,5.0,export-roasts_PR-8491.xls
677,202.4,5.0,export-roasts_PR-8491.xls
678,202.4,5.0,export-roasts_PR-8491.xls
679,202.6,5.0,export-roasts_PR-8491.xls
680,202.6,5.0,export-roasts_PR-8491.xls
681,202.7,5.0,export-roasts_PR-8491.xls
682,202.9,5.0,export-roasts_PR-8491.xls
683,203.0,5.0,export-roasts_PR-8491.xls
684,203.1,5.0,export-roasts_PR-8491.xls
685,203.2,5.0,export-roasts_PR-8491.xls
686,203.3,5.0,export-roasts_PR-8491.xls
687,203.4,5.0,export-roasts_PR-8491.xls
688,203.5,5.0,export-roasts_PR-8491.xls
689,203.6,5.0,export-roasts_PR-8491.xls
690,203.6,5.0,export-roasts_PR-8491.xls
691,203.7,5.0,export-roasts_PR-8491.xls
692,203.8,5.0,export-roasts_PR-8491.xls
693,203.8,5.0,export-roasts_PR-8491.xls
694,203.9,5.0,export-roasts_PR-8491.xls
695,204.0,5.0,export-roasts_PR-8491.xls
696,204.2,5.0,export-roasts_PR-8491.xls
697,204.3,5.0,export-roasts_PR-8491.xls
698,204.4,5.0,export-roasts_PR-8491.xls
699,204.4,5.0,export-roasts_PR-8491.xls
700,204.6,5.0,export-roasts_PR-8491.xls
701,204.6,10.0,export-roasts_PR-8491.xls
702,204.7,10.0,export-roasts_PR-8491.xls
703,204.8,10.0,export-roasts_PR-8491.xls
704,205.0,10.0,export-roasts_PR-8491.xls
705,205.0,10.0,export-roasts_PR-8491.xls
706,205.1,10.0,export-roasts_PR-8491.xls
707,205.2,10.0,export-roasts_PR-8491.xls
708,205.3,10.0,export-roasts_PR-8491.xls
709,205.3,10.0,export-roasts_PR-8491.xls
710,205.5,10.0,export-roasts_PR-8491.xls
711,205.5,10.0,export-roasts_PR-8491.xls
712,205.7,10.0,export-roasts_PR-8491.xls
713,205.7,10.0,export-roasts_PR-8491.xls
714,205.8,10.0,export-roasts_PR-8491.xls
715,206.0,10.0,export-roasts_PR-8491.xls
716,206.0,10.0,export-roasts_PR-8491.xls
717,206.1,10.0,export-roasts_PR-8491.xls
718,206.1,10.0,export-roasts_PR-8491.xls
719,206.3,10.0,export-roasts_PR-8491.xls
720,206.4,10.0,export-roasts_PR-8491.xls
721,206.5,10.0,export-roasts_PR-8491.xls
722,206.5,10.0,export-roasts_PR-8491.xls
723,206.7,10.0,export-roasts_PR-8491.xls
724,206.8,10.0,export-roasts_PR-8491.xls
725,206.8,10.0,export-roasts_PR-8491.xls
726,206.9,10.0,export-roasts_PR-8491.xls
727,207.0,10.0,export-roasts_PR-8491.xls
728,207.0,10.0,export-roasts_PR-8491.xls
729,207.1,10.0,export-roasts_PR-8491.xls
730,207.2,10.0,export-roasts_PR-8491.xls
731,207.3,10.0,export-roasts_PR-8491.xls
732,207.3,10.0,export-roasts_PR-8491.xls
733,207.4,10.0,export-roasts_PR-8491.xls
734,207.5,10.0,export-roasts_PR-8491.xls
735,207.6,10.0,export-roasts_PR-8491.xls
736,207.7,10.0,export-roasts_PR-8491.xls
737,207.8,10.0,export-roasts_PR-8491.xls
738,207.9,10.0,export-roasts_PR-8491.xls
739,208.0,10.0,export-roasts_PR-8491.xls
740,208.0,10.0,export-roasts_PR-8491.xls
741,208.1,10.0,export-roasts_PR-8491.xls
742,208.3,10.0,export-roasts_PR-8491.xls
743,208.3,10.0,export-roasts_PR-8491.xls
744,208.4,10.0,export-roasts_PR-8491.xls
745,208.6,10.0,export-roasts_PR-8491.xls
746,208.6,10.0,export-roasts_PR-8491.xls
747,208.7,10.0,export-roasts_PR-8491.xls
748,208.8,10.0,export-roasts_PR-8491.xls
749,208.9,10.0,export-roasts_PR-8491.xls
750,208.9,10.0,export-roasts_PR-8491.xls
751,209.0,10.0,export-roasts_PR-8491.xls
752,209.1,10.0,export-roasts_PR-8491.xls
753,209.2,10.0,export-roasts_PR-8491.xls
754,209.3,10.0,export-roasts_PR-8491.xls
755,209.4,10.0,export-roasts_PR-8491.xls
756,209.5,10.0,export-roasts_PR-8491.xls
757,209.6,10.0,export-roasts_PR-8491.xls
758,209.7,10.0,export-roasts_PR-8491.xls
759,209.7,10.0,export-roasts_PR-8491.xls
760,209.8,10.0,export-roasts_PR-8491.xls
761,209.9,10.0,export-roasts_PR-8491.xls
762,210.0,10.0,export-roasts_PR-8491.xls
763,210.1,10.0,export-roasts_PR-8491.xls
764,210.2,10.0,export-roasts_PR-8491.xls
765,210.3,10.0,export-roasts_PR-8491.xls
766,210.4,10.0,export-roasts_PR-8491.xls
767,210.4,10.0,export-roasts_PR-8491.xls
768,210.6,10.0,export-roasts_PR-8491.xls
769,210.7,10.0,export-roasts_PR-8491.xls
770,210.7,10.0,export-roasts_PR-8491.xls
771,210.9,10.0,export-roasts_PR-8491.xls
772,210.9,10.0,export-roasts_PR-8491.xls
773,211.1,10.0,export-roasts_PR-8491.xls
774,211.2,10.0,export-roasts_PR-8491.xls
775,211.3,10.0,export-roasts_PR-8491.xls
776,211.3,10.0,export-roasts_PR-8491.xls
777,211.5,10.0,export-roasts_PR-8491.xls
778,211.6,10.0,export-roasts_PR-8491.xls
779,211.7,10.0,export-roasts_PR-8491.xls
780,211.7,10.0,export-roasts_PR-8491.xls
781,211.9,10.0,export-roasts_PR-8491.xls
782,211.9,10.0,export-roasts_PR-8491.xls
783,212.1,10.0,export-roasts_PR-8491.xls
784,212.2,10.0,export-roasts_PR-8491.xls
785,212.2,10.0,export-roasts_PR-8491.xls
786,212.3,10.0,export-roasts_PR-8491.xls
787,212.5,10.0,export-roasts_PR-8491.xls
788,212.6,10.0,export-roasts_PR-8491.xls
789,212.6,10.0,export-roasts_PR-8491.xls
790,212.8,10.0,export-roasts_PR-8491.xls
791,212.9,10.0,export-roasts_PR-8491.xls
792,213.0,10.0,export-roasts_PR-8491.xls
793,213.2,10.0,export-roasts_PR-8491.xls
794,213.3,10.0,export-roasts_PR-8491.xls
795,213.4,10.0,export-roasts_PR-8491.xls
796,213.5,10.0,export-roasts_PR-8491.xls
797,213.6,10.0,export-roasts_PR-8491.xls
798,213.7,10.0,export-roasts_PR-8491.xls
799,213.8,10.0,export-roasts_PR-8491.xls
800,214.0,10.0,export-roasts_PR-8491.xls
801,214.1,10.0,export-roasts_PR-8491.xls
802,214.2,10.0,export-roasts_PR-8491.xls
803,214.3,10.0,export-roasts_PR-8491.xls
804,214.4,10.0,export-roasts_PR-8491.xls
805,214.6,10.0,export-roasts_PR-8491.xls
806,214.7,10.0,export-roasts_PR-8491.xls
807,214.8,10.0,export-roasts_PR-8491.xls
808,214.9,10.0,export-roasts_PR-8491.xls
809,215.0,10.0,export-roasts_PR-8491.xls
810,215.2,10.0,export-roasts_PR-8491.xls
811,215.3,10.0,export-roasts_PR-8491.xls
812,215.4,10.0,export-roasts_PR-8491.xls
813,215.5,10.0,export-roasts_PR-8491.xls
814,215.6,10.0,export-roasts_PR-8491.xls
815,215.6,10.0,export-roasts_PR-8491.xls
816,215.8,10.0,export-roasts_PR-8491.xls
817,216.0,10.0,export-roasts_PR-8491.xls
818,216.0,10.0,export-roasts_PR-8491.xls
819,216.1,10.0,export-roasts_PR-8491.xls
820,216.3,10.0,export-roasts_PR-8491.xls
821,216.5,10.0,export-roasts_PR-8491.xls
822,216.5,10.0,export-roasts_PR-8491.xls
823,216.7,10.0,export-roasts_PR-8491.xls
824,216.8,10.0,export-roasts_PR-8491.xls
825,216.9,10.0,export-roasts_PR-8491.xls
826,217.1,10.0,export-roasts_PR-8491.xls
827,217.2,10.0,export-roasts_PR-8491.xls
828,217.4,10.0,export-roasts_PR-8491.xls
829,217.5,10.0,export-roasts_PR-8491.xls
830,217.6,10.0,export-roasts_PR-8491.xls
0,214.5,0.0,export-roasts_PR-8645.xls
1,213.1,0.0,export-roasts_PR-8645.xls
2,208.6,0.0,export-roasts_PR-8645.xls
3,201.5,0.0,export-roasts_PR-8645.xls
4,193.1,0.0,export-roasts_PR-8645.xls
5,183.7,0.0,export-roasts_PR-8645.xls
6,174.0,0.0,export-roasts_PR-8645.xls
7,164.4,0.0,export-roasts_PR-8645.xls
8,155.3,0.0,export-roasts_PR-8645.xls
9,146.4,0.0,export-roasts_PR-8645.xls
10,138.2,0.0,export-roasts_PR-8645.xls
11,130.4,0.0,export-roasts_PR-8645.xls
12,123.3,0.0,export-roasts_PR-8645.xls
13,116.5,0.0,export-roasts_PR-8645.xls
14,110.3,0.0,export-roasts_PR-8645.xls
15,104.6,0.0,export-roasts_PR-8645.xls
16,99.3,0.0,export-roasts_PR-8645.xls
17,94.4,0.0,export-roasts_PR-8645.xls
18,90.1,0.0,export-roasts_PR-8645.xls
19,86.1,0.0,export-roasts_PR-8645.xls
20,82.4,0.0,export-roasts_PR-8645.xls
21,79.1,0.0,export-roasts_PR-8645.xls
22,76.0,0.0,export-roasts_PR-8645.xls
23,73.2,100.0,export-roasts_PR-8645.xls
24,70.8,100.0,export-roasts_PR-8645.xls
25,68.5,100.0,export-roasts_PR-8645.xls
26,66.6,100.0,export-roasts_PR-8645.xls
27,64.7,100.0,export-roasts_PR-8645.xls
28,63.1,100.0,export-roasts_PR-8645.xls
29,61.6,100.0,export-roasts_PR-8645.xls
30,60.2,100.0,export-roasts_PR-8645.xls
31,59.0,100.0,export-roasts_PR-8645.xls
32,57.9,100.0,export-roasts_PR-8645.xls
33,56.9,100.0,export-roasts_PR-8645.xls
34,56.1,100.0,export-roasts_PR-8645.xls
35,55.5,100.0,export-roasts_PR-8645.xls
36,54.8,100.0,export-roasts_PR-8645.xls
37,54.2,100.0,export-roasts_PR-8645.xls
38,53.7,100.0,export-roasts_PR-8645.xls
39,53.2,100.0,export-roasts_PR-8645.xls
40,53.0,100.0,export-roasts_PR-8645.xls
41,52.7,100.0,export-roasts_PR-8645.xls
42,52.5,100.0,export-roasts_PR-8645.xls
43,52.4,100.0,export-roasts_PR-8645.xls
44,52.2,100.0,export-roasts_PR-8645.xls
45,52.1,100.0,export-roasts_PR-8645.xls
46,52.1,100.0,export-roasts_PR-8645.xls
47,52.1,100.0,export-roasts_PR-8645.xls
48,52.2,100.0,export-roasts_PR-8645.xls
49,52.3,100.0,export-roasts_PR-8645.xls
50,52.4,100.0,export-roasts_PR-8645.xls
51,52.6,100.0,export-roasts_PR-8645.xls
52,52.8,100.0,export-roasts_PR-8645.xls
53,53.0,100.0,export-roasts_PR-8645.xls
54,53.2,100.0,export-roasts_PR-8645.xls
55,53.4,100.0,export-roasts_PR-8645.xls
56,53.6,100.0,export-roasts_PR-8645.xls
57,53.9,100.0,export-roasts_PR-8645.xls
58,54.2,100.0,export-roasts_PR-8645.xls
59,54.4,100.0,export-roasts_PR-8645.xls
60,54.8,100.0,export-roasts_PR-8645.xls
61,55.1,100.0,export-roasts_PR-8645.xls
62,55.5,100.0,export-roasts_PR-8645.xls
63,55.8,100.0,export-roasts_PR-8645.xls
64,56.1,100.0,export-roasts_PR-8645.xls
65,56.4,100.0,export-roasts_PR-8645.xls
66,56.8,100.0,export-roasts_PR-8645.xls
67,57.1,100.0,export-roasts_PR-8645.xls
68,57.5,100.0,export-roasts_PR-8645.xls
69,57.9,100.0,export-roasts_PR-8645.xls
70,58.3,100.0,export-roasts_PR-8645.xls
71,58.7,100.0,export-roasts_PR-8645.xls
72,59.0,100.0,export-roasts_PR-8645.xls
73,59.4,100.0,export-roasts_PR-8645.xls
74,59.8,100.0,export-roasts_PR-8645.xls
75,60.2,100.0,export-roasts_PR-8645.xls
76,60.5,100.0,export-roasts_PR-8645.xls
77,60.9,100.0,export-roasts_PR-8645.xls
78,61.3,100.0,export-roasts_PR-8645.xls
79,61.8,100.0,export-roasts_PR-8645.xls
80,62.2,100.0,export-roasts_PR-8645.xls
81,62.6,100.0,export-roasts_PR-8645.xls
82,63.0,100.0,export-roasts_PR-8645.xls
83,63.4,100.0,export-roasts_PR-8645.xls
84,63.8,100.0,export-roasts_PR-8645.xls
85,64.2,100.0,export-roasts_PR-8645.xls
86,64.6,100.0,export-roasts_PR-8645.xls
87,65.0,100.0,export-roasts_PR-8645.xls
88,65.4,100.0,export-roasts_PR-8645.xls
89,65.8,100.0,export-roasts_PR-8645.xls
90,66.1,100.0,export-roasts_PR-8645.xls
91,66.5,100.0,export-roasts_PR-8645.xls
92,66.9,100.0,export-roasts_PR-8645.xls
93,67.3,100.0,export-roasts_PR-8645.xls
94,67.7,100.0,export-roasts_PR-8645.xls
95,68.0,100.0,export-roasts_PR-8645.xls
96,68.4,100.0,export-roasts_PR-8645.xls
97,68.9,100.0,export-roasts_PR-8645.xls
98,69.2,100.0,export-roasts_PR-8645.xls
99,69.7,100.0,export-roasts_PR-8645.xls
100,70.1,100.0,export-roasts_PR-8645.xls
101,70.5,100.0,export-roasts_PR-8645.xls
102,70.9,100.0,export-roasts_PR-8645.xls
103,71.4,100.0,export-roasts_PR-8645.xls
104,71.7,100.0,export-roasts_PR-8645.xls
105,72.1,100.0,export-roasts_PR-8645.xls
106,72.4,100.0,export-roasts_PR-8645.xls
107,72.9,100.0,export-roasts_PR-8645.xls
108,73.2,100.0,export-roasts_PR-8645.xls
109,73.6,100.0,export-roasts_PR-8645.xls
110,73.9,100.0,export-roasts_PR-8645.xls
111,74.3,100.0,export-roasts_PR-8645.xls
112,74.6,100.0,export-roasts_PR-8645.xls
113,75.1,100.0,export-roasts_PR-8645.xls
114,75.4,100.0,export-roasts_PR-8645.xls
115,75.7,100.0,export-roasts_PR-8645.xls
116,76.1,100.0,export-roasts_PR-8645.xls
117,76.5,100.0,export-roasts_PR-8645.xls
118,76.8,100.0,export-roasts_PR-8645.xls
119,77.2,100.0,export-roasts_PR-8645.xls
120,77.5,100.0,export-roasts_PR-8645.xls
121,77.9,100.0,export-roasts_PR-8645.xls
122,78.3,100.0,export-roasts_PR-8645.xls
123,78.6,100.0,export-roasts_PR-8645.xls
124,79.0,100.0,export-roasts_PR-8645.xls
125,79.4,100.0,export-roasts_PR-8645.xls
126,79.7,100.0,export-roasts_PR-8645.xls
127,80.1,100.0,export-roasts_PR-8645.xls
128,80.4,100.0,export-roasts_PR-8645.xls
129,80.7,100.0,export-roasts_PR-8645.xls
130,81.0,100.0,export-roasts_PR-8645.xls
131,81.4,100.0,export-roasts_PR-8645.xls
132,81.7,100.0,export-roasts_PR-8645.xls
133,82.0,100.0,export-roasts_PR-8645.xls
134,82.3,100.0,export-roasts_PR-8645.xls
135,82.7,100.0,export-roasts_PR-8645.xls
136,83.0,100.0,export-roasts_PR-8645.xls
137,83.3,100.0,export-roasts_PR-8645.xls
138,83.6,100.0,export-roasts_PR-8645.xls
139,83.9,100.0,export-roasts_PR-8645.xls
140,84.3,100.0,export-roasts_PR-8645.xls
141,84.6,100.0,export-roasts_PR-8645.xls
142,84.9,100.0,export-roasts_PR-8645.xls
143,85.3,100.0,export-roasts_PR-8645.xls
144,85.6,100.0,export-roasts_PR-8645.xls
145,85.9,100.0,export-roasts_PR-8645.xls
146,86.2,100.0,export-roasts_PR-8645.xls
147,86.5,100.0,export-roasts_PR-8645.xls
148,86.8,100.0,export-roasts_PR-8645.xls
149,87.1,100.0,export-roasts_PR-8645.xls
150,87.4,100.0,export-roasts_PR-8645.xls
151,87.7,100.0,export-roasts_PR-8645.xls
152,88.0,100.0,export-roasts_PR-8645.xls
153,88.4,100.0,export-roasts_PR-8645.xls
154,88.7,100.0,export-roasts_PR-8645.xls
155,88.9,100.0,export-roasts_PR-8645.xls
156,89.3,100.0,export-roasts_PR-8645.xls
157,89.7,100.0,export-roasts_PR-8645.xls
158,89.9,100.0,export-roasts_PR-8645.xls
159,90.2,100.0,export-roasts_PR-8645.xls
160,90.5,100.0,export-roasts_PR-8645.xls
161,90.8,100.0,export-roasts_PR-8645.xls
162,91.0,100.0,export-roasts_PR-8645.xls
163,91.3,100.0,export-roasts_PR-8645.xls
164,91.6,100.0,export-roasts_PR-8645.xls
165,91.8,100.0,export-roasts_PR-8645.xls
166,92.1,100.0,export-roasts_PR-8645.xls
167,92.4,100.0,export-roasts_PR-8645.xls
168,92.7,100.0,export-roasts_PR-8645.xls
169,93.0,100.0,export-roasts_PR-8645.xls
170,93.3,100.0,export-roasts_PR-8645.xls
171,93.6,100.0,export-roasts_PR-8645.xls
172,93.8,100.0,export-roasts_PR-8645.xls
173,94.2,100.0,export-roasts_PR-8645.xls
174,94.5,100.0,export-roasts_PR-8645.xls
175,94.8,100.0,export-roasts_PR-8645.xls
176,95.1,100.0,export-roasts_PR-8645.xls
177,95.4,100.0,export-roasts_PR-8645.xls
178,95.6,100.0,export-roasts_PR-8645.xls
179,96.0,100.0,export-roasts_PR-8645.xls
180,96.2,100.0,export-roasts_PR-8645.xls
181,96.5,100.0,export-roasts_PR-8645.xls
182,96.9,100.0,export-roasts_PR-8645.xls
183,97.1,100.0,export-roasts_PR-8645.xls
184,97.4,100.0,export-roasts_PR-8645.xls
185,97.7,100.0,export-roasts_PR-8645.xls
186,98.0,100.0,export-roasts_PR-8645.xls
187,98.3,100.0,export-roasts_PR-8645.xls
188,98.5,100.0,export-roasts_PR-8645.xls
189,98.8,100.0,export-roasts_PR-8645.xls
190,99.0,100.0,export-roasts_PR-8645.xls
191,99.3,100.0,export-roasts_PR-8645.xls
192,99.6,100.0,export-roasts_PR-8645.xls
193,99.9,100.0,export-roasts_PR-8645.xls
194,100.2,100.0,export-roasts_PR-8645.xls
195,100.4,100.0,export-roasts_PR-8645.xls
196,100.7,100.0,export-roasts_PR-8645.xls
197,100.9,100.0,export-roasts_PR-8645.xls
198,101.2,100.0,export-roasts_PR-8645.xls
199,101.4,100.0,export-roasts_PR-8645.xls
200,101.6,100.0,export-roasts_PR-8645.xls
201,101.9,100.0,export-roasts_PR-8645.xls
202,102.2,100.0,export-roasts_PR-8645.xls
203,102.4,100.0,export-roasts_PR-8645.xls
204,102.7,100.0,export-roasts_PR-8645.xls
205,102.9,100.0,export-roasts_PR-8645.xls
206,103.2,100.0,export-roasts_PR-8645.xls
207,103.4,100.0,export-roasts_PR-8645.xls
208,103.7,100.0,export-roasts_PR-8645.xls
209,103.9,100.0,export-roasts_PR-8645.xls
210,104.1,100.0,export-roasts_PR-8645.xls
211,104.5,100.0,export-roasts_PR-8645.xls
212,104.7,100.0,export-roasts_PR-8645.xls
213,104.9,100.0,export-roasts_PR-8645.xls
214,105.2,100.0,export-roasts_PR-8645.xls
215,105.4,100.0,export-roasts_PR-8645.xls
216,105.7,100.0,export-roasts_PR-8645.xls
217,106.0,100.0,export-roasts_PR-8645.xls
218,106.3,100.0,export-roasts_PR-8645.xls
219,106.5,100.0,export-roasts_PR-8645.xls
220,106.8,100.0,export-roasts_PR-8645.xls
221,107.0,100.0,export-roasts_PR-8645.xls
222,107.3,100.0,export-roasts_PR-8645.xls
223,107.6,100.0,export-roasts_PR-8645.xls
224,107.8,100.0,export-roasts_PR-8645.xls
225,108.1,100.0,export-roasts_PR-8645.xls
226,108.3,100.0,export-roasts_PR-8645.xls
227,108.5,100.0,export-roasts_PR-8645.xls
228,108.8,100.0,export-roasts_PR-8645.xls
229,109.0,100.0,export-roasts_PR-8645.xls
230,109.3,100.0,export-roasts_PR-8645.xls
231,109.5,100.0,export-roasts_PR-8645.xls
232,109.8,100.0,export-roasts_PR-8645.xls
233,110.0,100.0,export-roasts_PR-8645.xls
234,110.3,100.0,export-roasts_PR-8645.xls
235,110.5,100.0,export-roasts_PR-8645.xls
236,110.8,100.0,export-roasts_PR-8645.xls
237,111.1,100.0,export-roasts_PR-8645.xls
238,111.3,100.0,export-roasts_PR-8645.xls
239,111.5,100.0,export-roasts_PR-8645.xls
240,111.8,100.0,export-roasts_PR-8645.xls
241,112.1,100.0,export-roasts_PR-8645.xls
242,112.3,100.0,export-roasts_PR-8645.xls
243,112.5,100.0,export-roasts_PR-8645.xls
244,112.7,100.0,export-roasts_PR-8645.xls
245,113.0,100.0,export-roasts_PR-8645.xls
246,113.2,100.0,export-roasts_PR-8645.xls
247,113.5,100.0,export-roasts_PR-8645.xls
248,113.7,100.0,export-roasts_PR-8645.xls
249,113.9,100.0,export-roasts_PR-8645.xls
250,114.2,100.0,export-roasts_PR-8645.xls
251,114.4,100.0,export-roasts_PR-8645.xls
252,114.6,100.0,export-roasts_PR-8645.xls
253,114.9,100.0,export-roasts_PR-8645.xls
254,115.1,100.0,export-roasts_PR-8645.xls
255,115.4,100.0,export-roasts_PR-8645.xls
256,115.6,100.0,export-roasts_PR-8645.xls
257,115.8,100.0,export-roasts_PR-8645.xls
258,116.0,100.0,export-roasts_PR-8645.xls
259,116.2,100.0,export-roasts_PR-8645.xls
260,116.5,100.0,export-roasts_PR-8645.xls
261,116.7,100.0,export-roasts_PR-8645.xls
262,116.9,100.0,export-roasts_PR-8645.xls
263,117.1,100.0,export-roasts_PR-8645.xls
264,117.3,100.0,export-roasts_PR-8645.xls
265,117.6,100.0,export-roasts_PR-8645.xls
266,117.8,100.0,export-roasts_PR-8645.xls
267,118.0,100.0,export-roasts_PR-8645.xls
268,118.2,100.0,export-roasts_PR-8645.xls
269,118.5,100.0,export-roasts_PR-8645.xls
270,118.8,100.0,export-roasts_PR-8645.xls
271,118.9,100.0,export-roasts_PR-8645.xls
272,119.3,100.0,export-roasts_PR-8645.xls
273,119.5,100.0,export-roasts_PR-8645.xls
274,119.8,100.0,export-roasts_PR-8645.xls
275,120.0,100.0,export-roasts_PR-8645.xls
276,120.2,100.0,export-roasts_PR-8645.xls
277,120.5,100.0,export-roasts_PR-8645.xls
278,120.7,100.0,export-roasts_PR-8645.xls
279,120.9,100.0,export-roasts_PR-8645.xls
280,121.2,100.0,export-roasts_PR-8645.xls
281,121.4,100.0,export-roasts_PR-8645.xls
282,121.6,100.0,export-roasts_PR-8645.xls
283,121.9,100.0,export-roasts_PR-8645.xls
284,122.1,100.0,export-roasts_PR-8645.xls
285,122.3,100.0,export-roasts_PR-8645.xls
286,122.5,100.0,export-roasts_PR-8645.xls
287,122.8,100.0,export-roasts_PR-8645.xls
288,123.0,100.0,export-roasts_PR-8645.xls
289,123.2,100.0,export-roasts_PR-8645.xls
290,123.4,100.0,export-roasts_PR-8645.xls
291,123.6,100.0,export-roasts_PR-8645.xls
292,123.8,100.0,export-roasts_PR-8645.xls
293,124.0,100.0,export-roasts_PR-8645.xls
294,124.2,100.0,export-roasts_PR-8645.xls
295,124.4,100.0,export-roasts_PR-8645.xls
296,124.7,100.0,export-roasts_PR-8645.xls
297,124.9,100.0,export-roasts_PR-8645.xls
298,125.2,100.0,export-roasts_PR-8645.xls
299,125.4,100.0,export-roasts_PR-8645.xls
300,125.6,100.0,export-roasts_PR-8645.xls
301,125.8,100.0,export-roasts_PR-8645.xls
302,126.0,100.0,export-roasts_PR-8645.xls
303,126.2,100.0,export-roasts_PR-8645.xls
304,126.5,100.0,export-roasts_PR-8645.xls
305,126.6,100.0,export-roasts_PR-8645.xls
306,126.8,100.0,export-roasts_PR-8645.xls
307,127.0,100.0,export-roasts_PR-8645.xls
308,127.2,100.0,export-roasts_PR-8645.xls
309,127.5,100.0,export-roasts_PR-8645.xls
310,127.7,100.0,export-roasts_PR-8645.xls
311,127.9,100.0,export-roasts_PR-8645.xls
312,128.0,100.0,export-roasts_PR-8645.xls
313,128.3,100.0,export-roasts_PR-8645.xls
314,128.4,100.0,export-roasts_PR-8645.xls
315,128.6,100.0,export-roasts_PR-8645.xls
316,128.9,100.0,export-roasts_PR-8645.xls
317,129.1,100.0,export-roasts_PR-8645.xls
318,129.3,100.0,export-roasts_PR-8645.xls
319,129.5,100.0,export-roasts_PR-8645.xls
320,129.7,100.0,export-roasts_PR-8645.xls
321,129.9,100.0,export-roasts_PR-8645.xls
322,130.1,100.0,export-roasts_PR-8645.xls
323,130.3,100.0,export-roasts_PR-8645.xls
324,130.5,100.0,export-roasts_PR-8645.xls
325,130.8,100.0,export-roasts_PR-8645.xls
326,130.9,100.0,export-roasts_PR-8645.xls
327,131.2,100.0,export-roasts_PR-8645.xls
328,131.4,100.0,export-roasts_PR-8645.xls
329,131.5,100.0,export-roasts_PR-8645.xls
330,131.8,100.0,export-roasts_PR-8645.xls
331,132.0,100.0,export-roasts_PR-8645.xls
332,132.2,100.0,export-roasts_PR-8645.xls
333,132.4,100.0,export-roasts_PR-8645.xls
334,132.7,100.0,export-roasts_PR-8645.xls
335,132.9,100.0,export-roasts_PR-8645.xls
336,133.1,100.0,export-roasts_PR-8645.xls
337,133.3,100.0,export-roasts_PR-8645.xls
338,133.5,100.0,export-roasts_PR-8645.xls
339,133.7,100.0,export-roasts_PR-8645.xls
340,134.0,100.0,export-roasts_PR-8645.xls
341,134.2,100.0,export-roasts_PR-8645.xls
342,134.4,100.0,export-roasts_PR-8645.xls
343,134.6,100.0,export-roasts_PR-8645.xls
344,134.7,100.0,export-roasts_PR-8645.xls
345,135.0,100.0,export-roasts_PR-8645.xls
346,135.2,100.0,export-roasts_PR-8645.xls
347,135.4,100.0,export-roasts_PR-8645.xls
348,135.6,100.0,export-roasts_PR-8645.xls
349,135.8,100.0,export-roasts_PR-8645.xls
350,136.0,100.0,export-roasts_PR-8645.xls
351,136.2,100.0,export-roasts_PR-8645.xls
352,136.4,100.0,export-roasts_PR-8645.xls
353,136.6,100.0,export-roasts_PR-8645.xls
354,136.8,100.0,export-roasts_PR-8645.xls
355,137.0,100.0,export-roasts_PR-8645.xls
356,137.2,100.0,export-roasts_PR-8645.xls
357,137.4,100.0,export-roasts_PR-8645.xls
358,137.6,100.0,export-roasts_PR-8645.xls
359,137.8,100.0,export-roasts_PR-8645.xls
360,138.0,100.0,export-roasts_PR-8645.xls
361,138.2,100.0,export-roasts_PR-8645.xls
362,138.4,100.0,export-roasts_PR-8645.xls
363,138.6,100.0,export-roasts_PR-8645.xls
364,138.8,100.0,export-roasts_PR-8645.xls
365,139.0,100.0,export-roasts_PR-8645.xls
366,139.1,100.0,export-roasts_PR-8645.xls
367,139.4,100.0,export-roasts_PR-8645.xls
368,139.6,100.0,export-roasts_PR-8645.xls
369,139.8,100.0,export-roasts_PR-8645.xls
370,140.0,100.0,export-roasts_PR-8645.xls
371,140.1,100.0,export-roasts_PR-8645.xls
372,140.3,100.0,export-roasts_PR-8645.xls
373,140.5,100.0,export-roasts_PR-8645.xls
374,140.7,100.0,export-roasts_PR-8645.xls
375,140.9,100.0,export-roasts_PR-8645.xls
376,141.1,100.0,export-roasts_PR-8645.xls
377,141.3,100.0,export-roasts_PR-8645.xls
378,141.5,100.0,export-roasts_PR-8645.xls
379,141.7,100.0,export-roasts_PR-8645.xls
380,141.9,100.0,export-roasts_PR-8645.xls
381,142.1,100.0,export-roasts_PR-8645.xls
382,142.2,100.0,export-roasts_PR-8645.xls
383,142.5,100.0,export-roasts_PR-8645.xls
384,142.7,100.0,export-roasts_PR-8645.xls
385,142.9,100.0,export-roasts_PR-8645.xls
386,143.1,100.0,export-roasts_PR-8645.xls
387,143.3,100.0,export-roasts_PR-8645.xls
388,143.5,100.0,export-roasts_PR-8645.xls
389,143.7,100.0,export-roasts_PR-8645.xls
390,143.8,100.0,export-roasts_PR-8645.xls
391,144.0,100.0,export-roasts_PR-8645.xls
392,144.2,100.0,export-roasts_PR-8645.xls
393,144.4,100.0,export-roasts_PR-8645.xls
394,144.6,100.0,export-roasts_PR-8645.xls
395,144.8,100.0,export-roasts_PR-8645.xls
396,145.0,100.0,export-roasts_PR-8645.xls
397,145.2,100.0,export-roasts_PR-8645.xls
398,145.4,100.0,export-roasts_PR-8645.xls
399,145.5,100.0,export-roasts_PR-8645.xls
400,145.7,100.0,export-roasts_PR-8645.xls
401,145.9,100.0,export-roasts_PR-8645.xls
402,146.1,100.0,export-roasts_PR-8645.xls
403,146.2,100.0,export-roasts_PR-8645.xls
404,146.4,100.0,export-roasts_PR-8645.xls
405,146.6,100.0,export-roasts_PR-8645.xls
406,146.8,100.0,export-roasts_PR-8645.xls
407,147.0,100.0,export-roasts_PR-8645.xls
408,147.2,100.0,export-roasts_PR-8645.xls
409,147.4,100.0,export-roasts_PR-8645.xls
410,147.6,100.0,export-roasts_PR-8645.xls
411,147.8,100.0,export-roasts_PR-8645.xls
412,147.9,100.0,export-roasts_PR-8645.xls
413,148.2,100.0,export-roasts_PR-8645.xls
414,148.3,100.0,export-roasts_PR-8645.xls
415,148.5,100.0,export-roasts_PR-8645.xls
416,148.7,100.0,export-roasts_PR-8645.xls
417,148.9,100.0,export-roasts_PR-8645.xls
418,149.1,100.0,export-roasts_PR-8645.xls
419,149.3,100.0,export-roasts_PR-8645.xls
420,149.4,100.0,export-roasts_PR-8645.xls
421,149.7,100.0,export-roasts_PR-8645.xls
422,149.8,100.0,export-roasts_PR-8645.xls
423,150.0,100.0,export-roasts_PR-8645.xls
424,150.2,100.0,export-roasts_PR-8645.xls
425,150.3,100.0,export-roasts_PR-8645.xls
426,150.5,100.0,export-roasts_PR-8645.xls
427,150.7,100.0,export-roasts_PR-8645.xls
428,150.9,100.0,export-roasts_PR-8645.xls
429,151.1,100.0,export-roasts_PR-8645.xls
430,151.2,100.0,export-roasts_PR-8645.xls
431,151.4,100.0,export-roasts_PR-8645.xls
432,151.6,100.0,export-roasts_PR-8645.xls
433,151.8,100.0,export-roasts_PR-8645.xls
434,151.9,100.0,export-roasts_PR-8645.xls
435,152.2,100.0,export-roasts_PR-8645.xls
436,152.3,100.0,export-roasts_PR-8645.xls
437,152.5,100.0,export-roasts_PR-8645.xls
438,152.7,100.0,export-roasts_PR-8645.xls
439,152.9,100.0,export-roasts_PR-8645.xls
440,153.1,100.0,export-roasts_PR-8645.xls
441,153.2,100.0,export-roasts_PR-8645.xls
442,153.5,100.0,export-roasts_PR-8645.xls
443,153.7,100.0,export-roasts_PR-8645.xls
444,153.9,100.0,export-roasts_PR-8645.xls
445,154.1,100.0,export-roasts_PR-8645.xls
446,154.3,100.0,export-roasts_PR-8645.xls
447,154.4,100.0,export-roasts_PR-8645.xls
448,154.6,100.0,export-roasts_PR-8645.xls
449,154.8,100.0,export-roasts_PR-8645.xls
450,155.0,100.0,export-roasts_PR-8645.xls
451,155.2,100.0,export-roasts_PR-8645.xls
452,155.4,100.0,export-roasts_PR-8645.xls
453,155.5,100.0,export-roasts_PR-8645.xls
454,155.7,100.0,export-roasts_PR-8645.xls
455,156.0,100.0,export-roasts_PR-8645.xls
456,156.1,100.0,export-roasts_PR-8645.xls
457,156.3,100.0,export-roasts_PR-8645.xls
458,156.5,100.0,export-roasts_PR-8645.xls
459,156.7,100.0,export-roasts_PR-8645.xls
460,156.9,100.0,export-roasts_PR-8645.xls
461,157.1,100.0,export-roasts_PR-8645.xls
462,157.3,100.0,export-roasts_PR-8645.xls
463,157.4,100.0,export-roasts_PR-8645.xls
464,157.7,100.0,export-roasts_PR-8645.xls
465,157.9,100.0,export-roasts_PR-8645.xls
466,158.1,100.0,export-roasts_PR-8645.xls
467,158.3,100.0,export-roasts_PR-8645.xls
468,158.5,100.0,export-roasts_PR-8645.xls
469,158.7,100.0,export-roasts_PR-8645.xls
470,158.9,100.0,export-roasts_PR-8645.xls
471,159.1,100.0,export-roasts_PR-8645.xls
472,159.3,100.0,export-roasts_PR-8645.xls
473,159.4,100.0,export-roasts_PR-8645.xls
474,159.6,100.0,export-roasts_PR-8645.xls
475,159.8,100.0,export-roasts_PR-8645.xls
476,159.9,100.0,export-roasts_PR-8645.xls
477,160.1,100.0,export-roasts_PR-8645.xls
478,160.3,100.0,export-roasts_PR-8645.xls
479,160.4,100.0,export-roasts_PR-8645.xls
480,160.6,100.0,export-roasts_PR-8645.xls
481,160.8,100.0,export-roasts_PR-8645.xls
482,161.0,100.0,export-roasts_PR-8645.xls
483,161.2,100.0,export-roasts_PR-8645.xls
484,161.4,100.0,export-roasts_PR-8645.xls
485,161.5,100.0,export-roasts_PR-8645.xls
486,161.7,100.0,export-roasts_PR-8645.xls
487,161.8,100.0,export-roasts_PR-8645.xls
488,162.0,100.0,export-roasts_PR-8645.xls
489,162.2,100.0,export-roasts_PR-8645.xls
490,162.3,100.0,export-roasts_PR-8645.xls
491,162.5,100.0,export-roasts_PR-8645.xls
492,162.7,100.0,export-roasts_PR-8645.xls
493,162.9,100.0,export-roasts_PR-8645.xls
494,163.1,100.0,export-roasts_PR-8645.xls
495,163.3,100.0,export-roasts_PR-8645.xls
496,163.5,100.0,export-roasts_PR-8645.xls
497,163.6,100.0,export-roasts_PR-8645.xls
498,163.9,100.0,export-roasts_PR-8645.xls
499,164.0,100.0,export-roasts_PR-8645.xls
500,164.2,100.0,export-roasts_PR-8645.xls
501,164.4,100.0,export-roasts_PR-8645.xls
502,164.6,100.0,export-roasts_PR-8645.xls
503,164.7,100.0,export-roasts_PR-8645.xls
504,164.9,100.0,export-roasts_PR-8645.xls
505,165.1,100.0,export-roasts_PR-8645.xls
506,165.3,100.0,export-roasts_PR-8645.xls
507,165.5,100.0,export-roasts_PR-8645.xls
508,165.7,100.0,export-roasts_PR-8645.xls
509,165.9,100.0,export-roasts_PR-8645.xls
510,166.0,100.0,export-roasts_PR-8645.xls
511,166.3,100.0,export-roasts_PR-8645.xls
512,166.4,100.0,export-roasts_PR-8645.xls
513,166.6,100.0,export-roasts_PR-8645.xls
514,166.9,100.0,export-roasts_PR-8645.xls
515,167.0,100.0,export-roasts_PR-8645.xls
516,167.2,100.0,export-roasts_PR-8645.xls
517,167.5,100.0,export-roasts_PR-8645.xls
518,167.7,100.0,export-roasts_PR-8645.xls
519,167.9,100.0,export-roasts_PR-8645.xls
520,168.1,100.0,export-roasts_PR-8645.xls
521,168.3,100.0,export-roasts_PR-8645.xls
522,168.4,100.0,export-roasts_PR-8645.xls
523,168.6,100.0,export-roasts_PR-8645.xls
524,168.8,100.0,export-roasts_PR-8645.xls
525,168.9,100.0,export-roasts_PR-8645.xls
526,169.1,100.0,export-roasts_PR-8645.xls
527,169.3,100.0,export-roasts_PR-8645.xls
528,169.4,100.0,export-roasts_PR-8645.xls
529,169.7,100.0,export-roasts_PR-8645.xls
530,169.8,100.0,export-roasts_PR-8645.xls
531,170.0,100.0,export-roasts_PR-8645.xls
532,170.2,100.0,export-roasts_PR-8645.xls
533,170.4,100.0,export-roasts_PR-8645.xls
534,170.6,100.0,export-roasts_PR-8645.xls
535,170.8,100.0,export-roasts_PR-8645.xls
536,171.0,100.0,export-roasts_PR-8645.xls
537,171.2,100.0,export-roasts_PR-8645.xls
538,171.3,100.0,export-roasts_PR-8645.xls
539,171.5,100.0,export-roasts_PR-8645.xls
540,171.7,100.0,export-roasts_PR-8645.xls
541,171.9,100.0,export-roasts_PR-8645.xls
542,172.0,100.0,export-roasts_PR-8645.xls
543,172.2,100.0,export-roasts_PR-8645.xls
544,172.4,100.0,export-roasts_PR-8645.xls
545,172.6,100.0,export-roasts_PR-8645.xls
546,172.8,100.0,export-roasts_PR-8645.xls
547,173.0,100.0,export-roasts_PR-8645.xls
548,173.2,100.0,export-roasts_PR-8645.xls
549,173.4,100.0,export-roasts_PR-8645.xls
550,173.6,100.0,export-roasts_PR-8645.xls
551,173.8,100.0,export-roasts_PR-8645.xls
552,174.0,100.0,export-roasts_PR-8645.xls
553,174.2,100.0,export-roasts_PR-8645.xls
554,174.4,100.0,export-roasts_PR-8645.xls
555,174.6,100.0,export-roasts_PR-8645.xls
556,174.8,100.0,export-roasts_PR-8645.xls
557,175.0,100.0,export-roasts_PR-8645.xls
558,175.2,100.0,export-roasts_PR-8645.xls
559,175.4,100.0,export-roasts_PR-8645.xls
560,175.6,100.0,export-roasts_PR-8645.xls
561,175.8,100.0,export-roasts_PR-8645.xls
562,176.0,90.0,export-roasts_PR-8645.xls
563,176.1,90.0,export-roasts_PR-8645.xls
564,176.4,90.0,export-roasts_PR-8645.xls
565,176.5,90.0,export-roasts_PR-8645.xls
566,176.7,90.0,export-roasts_PR-8645.xls
567,176.9,90.0,export-roasts_PR-8645.xls
568,177.0,90.0,export-roasts_PR-8645.xls
569,177.3,90.0,export-roasts_PR-8645.xls
570,177.4,90.0,export-roasts_PR-8645.xls
571,177.6,90.0,export-roasts_PR-8645.xls
572,177.8,90.0,export-roasts_PR-8645.xls
573,178.0,90.0,export-roasts_PR-8645.xls
574,178.1,90.0,export-roasts_PR-8645.xls
575,178.3,90.0,export-roasts_PR-8645.xls
576,178.5,90.0,export-roasts_PR-8645.xls
577,178.7,90.0,export-roasts_PR-8645.xls
578,178.8,90.0,export-roasts_PR-8645.xls
579,179.1,90.0,export-roasts_PR-8645.xls
580,179.3,90.0,export-roasts_PR-8645.xls
581,179.5,90.0,export-roasts_PR-8645.xls
582,179.7,90.0,export-roasts_PR-8645.xls
583,179.9,90.0,export-roasts_PR-8645.xls
584,180.0,90.0,export-roasts_PR-8645.xls
585,180.3,90.0,export-roasts_PR-8645.xls
586,180.5,90.0,export-roasts_PR-8645.xls
587,180.6,90.0,export-roasts_PR-8645.xls
588,180.8,90.0,export-roasts_PR-8645.xls
589,181.1,90.0,export-roasts_PR-8645.xls
590,181.2,90.0,export-roasts_PR-8645.xls
591,181.4,90.0,export-roasts_PR-8645.xls
592,181.6,90.0,export-roasts_PR-8645.xls
593,181.9,90.0,export-roasts_PR-8645.xls
594,182.0,90.0,export-roasts_PR-8645.xls
595,182.2,90.0,export-roasts_PR-8645.xls
596,182.4,90.0,export-roasts_PR-8645.xls
597,182.6,90.0,export-roasts_PR-8645.xls
598,182.8,90.0,export-roasts_PR-8645.xls
599,183.0,90.0,export-roasts_PR-8645.xls
600,183.1,90.0,export-roasts_PR-8645.xls
601,183.4,90.0,export-roasts_PR-8645.xls
602,183.6,90.0,export-roasts_PR-8645.xls
603,183.7,90.0,export-roasts_PR-8645.xls
604,183.9,90.0,export-roasts_PR-8645.xls
605,184.1,90.0,export-roasts_PR-8645.xls
606,184.3,90.0,export-roasts_PR-8645.xls
607,184.5,90.0,export-roasts_PR-8645.xls
608,184.7,90.0,export-roasts_PR-8645.xls
609,185.0,90.0,export-roasts_PR-8645.xls
610,185.2,90.0,export-roasts_PR-8645.xls
611,185.4,90.0,export-roasts_PR-8645.xls
612,185.5,90.0,export-roasts_PR-8645.xls
613,185.7,90.0,export-roasts_PR-8645.xls
614,186.0,90.0,export-roasts_PR-8645.xls
615,186.2,90.0,export-roasts_PR-8645.xls
616,186.4,90.0,export-roasts_PR-8645.xls
617,186.6,90.0,export-roasts_PR-8645.xls
618,186.8,90.0,export-roasts_PR-8645.xls
619,186.9,90.0,export-roasts_PR-8645.xls
620,187.2,90.0,export-roasts_PR-8645.xls
621,187.4,90.0,export-roasts_PR-8645.xls
622,187.5,90.0,export-roasts_PR-8645.xls
623,187.7,90.0,export-roasts_PR-8645.xls
624,187.9,90.0,export-roasts_PR-8645.xls
625,188.1,90.0,export-roasts_PR-8645.xls
626,188.4,90.0,export-roasts_PR-8645.xls
627,188.5,90.0,export-roasts_PR-8645.xls
628,188.7,90.0,export-roasts_PR-8645.xls
629,188.9,90.0,export-roasts_PR-8645.xls
630,189.1,90.0,export-roasts_PR-8645.xls
631,189.2,90.0,export-roasts_PR-8645.xls
632,189.4,90.0,export-roasts_PR-8645.xls
633,189.6,90.0,export-roasts_PR-8645.xls
634,189.8,90.0,export-roasts_PR-8645.xls
635,190.0,90.0,export-roasts_PR-8645.xls
636,190.2,90.0,export-roasts_PR-8645.xls
637,190.3,90.0,export-roasts_PR-8645.xls
638,190.5,90.0,export-roasts_PR-8645.xls
639,190.8,90.0,export-roasts_PR-8645.xls
640,191.0,90.0,export-roasts_PR-8645.xls
641,191.2,90.0,export-roasts_PR-8645.xls
642,191.4,90.0,export-roasts_PR-8645.xls
643,191.6,0.0,export-roasts_PR-8645.xls
644,191.8,5.0,export-roasts_PR-8645.xls
645,192.0,5.0,export-roasts_PR-8645.xls
646,192.2,5.0,export-roasts_PR-8645.xls
647,192.3,5.0,export-roasts_PR-8645.xls
648,192.5,5.0,export-roasts_PR-8645.xls
649,192.7,5.0,export-roasts_PR-8645.xls
650,192.9,5.0,export-roasts_PR-8645.xls
651,193.2,5.0,export-roasts_PR-8645.xls
652,193.4,5.0,export-roasts_PR-8645.xls
653,193.6,5.0,export-roasts_PR-8645.xls
654,193.8,5.0,export-roasts_PR-8645.xls
655,194.0,5.0,export-roasts_PR-8645.xls
656,194.1,5.0,export-roasts_PR-8645.xls
657,194.3,5.0,export-roasts_PR-8645.xls
658,194.5,5.0,export-roasts_PR-8645.xls
659,194.7,5.0,export-roasts_PR-8645.xls
660,194.9,5.0,export-roasts_PR-8645.xls
661,195.1,5.0,export-roasts_PR-8645.xls
662,195.2,5.0,export-roasts_PR-8645.xls
663,195.4,5.0,export-roasts_PR-8645.xls
664,195.6,5.0,export-roasts_PR-8645.xls
665,195.8,5.0,export-roasts_PR-8645.xls
666,195.9,5.0,export-roasts_PR-8645.xls
667,196.1,5.0,export-roasts_PR-8645.xls
668,196.3,5.0,export-roasts_PR-8645.xls
669,196.5,5.0,export-roasts_PR-8645.xls
670,196.5,5.0,export-roasts_PR-8645.xls
671,196.7,5.0,export-roasts_PR-8645.xls
672,196.9,5.0,export-roasts_PR-8645.xls
673,197.0,5.0,export-roasts_PR-8645.xls
674,197.2,5.0,export-roasts_PR-8645.xls
675,197.3,5.0,export-roasts_PR-8645.xls
676,197.5,5.0,export-roasts_PR-8645.xls
677,197.6,5.0,export-roasts_PR-8645.xls
678,197.8,5.0,export-roasts_PR-8645.xls
679,197.9,5.0,export-roasts_PR-8645.xls
680,198.1,5.0,export-roasts_PR-8645.xls
681,198.2,5.0,export-roasts_PR-8645.xls
682,198.4,5.0,export-roasts_PR-8645.xls
683,198.5,5.0,export-roasts_PR-8645.xls
684,198.8,5.0,export-roasts_PR-8645.xls
685,198.9,5.0,export-roasts_PR-8645.xls
686,199.0,5.0,export-roasts_PR-8645.xls
687,199.1,5.0,export-roasts_PR-8645.xls
688,199.3,5.0,export-roasts_PR-8645.xls
689,199.4,5.0,export-roasts_PR-8645.xls
690,199.5,5.0,export-roasts_PR-8645.xls
691,199.7,5.0,export-roasts_PR-8645.xls
692,199.9,5.0,export-roasts_PR-8645.xls
693,200.0,5.0,export-roasts_PR-8645.xls
694,200.1,5.0,export-roasts_PR-8645.xls
695,200.3,5.0,export-roasts_PR-8645.xls
696,200.4,5.0,export-roasts_PR-8645.xls
697,200.6,5.0,export-roasts_PR-8645.xls
698,200.7,5.0,export-roasts_PR-8645.xls
699,200.9,5.0,export-roasts_PR-8645.xls
700,201.0,5.0,export-roasts_PR-8645.xls
701,201.2,10.0,export-roasts_PR-8645.xls
702,201.3,10.0,export-roasts_PR-8645.xls
703,201.4,10.0,export-roasts_PR-8645.xls
704,201.6,10.0,export-roasts_PR-8645.xls
705,201.7,10.0,export-roasts_PR-8645.xls
706,201.9,10.0,export-roasts_PR-8645.xls
707,202.0,10.0,export-roasts_PR-8645.xls
708,202.1,10.0,export-roasts_PR-8645.xls
709,202.3,10.0,export-roasts_PR-8645.xls
710,202.4,10.0,export-roasts_PR-8645.xls
711,202.5,10.0,export-roasts_PR-8645.xls
712,202.7,10.0,export-roasts_PR-8645.xls
713,202.8,10.0,export-roasts_PR-8645.xls
714,203.0,10.0,export-roasts_PR-8645.xls
715,203.1,10.0,export-roasts_PR-8645.xls
716,203.3,10.0,export-roasts_PR-8645.xls
717,203.4,10.0,export-roasts_PR-8645.xls
718,203.6,10.0,export-roasts_PR-8645.xls
719,203.7,10.0,export-roasts_PR-8645.xls
720,203.8,10.0,export-roasts_PR-8645.xls
721,203.9,10.0,export-roasts_PR-8645.xls
722,204.0,10.0,export-roasts_PR-8645.xls
723,204.2,10.0,export-roasts_PR-8645.xls
724,204.3,10.0,export-roasts_PR-8645.xls
725,204.4,10.0,export-roasts_PR-8645.xls
726,204.5,10.0,export-roasts_PR-8645.xls
727,204.6,10.0,export-roasts_PR-8645.xls
728,204.7,10.0,export-roasts_PR-8645.xls
729,204.9,10.0,export-roasts_PR-8645.xls
730,205.0,10.0,export-roasts_PR-8645.xls
731,205.1,10.0,export-roasts_PR-8645.xls
732,205.1,10.0,export-roasts_PR-8645.xls
733,205.2,10.0,export-roasts_PR-8645.xls
734,205.3,10.0,export-roasts_PR-8645.xls
735,205.5,10.0,export-roasts_PR-8645.xls
736,205.5,10.0,export-roasts_PR-8645.xls
737,205.6,10.0,export-roasts_PR-8645.xls
738,205.7,10.0,export-roasts_PR-8645.xls
739,205.8,10.0,export-roasts_PR-8645.xls
740,206.0,10.0,export-roasts_PR-8645.xls
741,206.1,10.0,export-roasts_PR-8645.xls
742,206.2,10.0,export-roasts_PR-8645.xls
743,206.3,10.0,export-roasts_PR-8645.xls
744,206.4,10.0,export-roasts_PR-8645.xls
745,206.5,10.0,export-roasts_PR-8645.xls
746,206.7,10.0,export-roasts_PR-8645.xls
747,206.8,10.0,export-roasts_PR-8645.xls
748,206.9,10.0,export-roasts_PR-8645.xls
749,207.0,10.0,export-roasts_PR-8645.xls
750,207.1,10.0,export-roasts_PR-8645.xls
751,207.2,10.0,export-roasts_PR-8645.xls
752,207.3,10.0,export-roasts_PR-8645.xls
753,207.4,10.0,export-roasts_PR-8645.xls
754,207.4,10.0,export-roasts_PR-8645.xls
755,207.5,10.0,export-roasts_PR-8645.xls
756,207.6,10.0,export-roasts_PR-8645.xls
757,207.6,10.0,export-roasts_PR-8645.xls
758,207.8,10.0,export-roasts_PR-8645.xls
759,207.9,10.0,export-roasts_PR-8645.xls
760,207.9,10.0,export-roasts_PR-8645.xls
761,208.0,10.0,export-roasts_PR-8645.xls
762,208.1,10.0,export-roasts_PR-8645.xls
763,208.2,10.0,export-roasts_PR-8645.xls
764,208.3,10.0,export-roasts_PR-8645.xls
765,208.4,10.0,export-roasts_PR-8645.xls
766,208.5,10.0,export-roasts_PR-8645.xls
767,208.6,10.0,export-roasts_PR-8645.xls
768,208.6,10.0,export-roasts_PR-8645.xls
769,208.8,10.0,export-roasts_PR-8645.xls
770,208.8,10.0,export-roasts_PR-8645.xls
771,208.9,10.0,export-roasts_PR-8645.xls
772,209.1,10.0,export-roasts_PR-8645.xls
773,209.2,10.0,export-roasts_PR-8645.xls
774,209.3,10.0,export-roasts_PR-8645.xls
775,209.3,10.0,export-roasts_PR-8645.xls
776,209.5,10.0,export-roasts_PR-8645.xls
777,209.6,10.0,export-roasts_PR-8645.xls
778,209.7,10.0,export-roasts_PR-8645.xls
779,209.8,10.0,export-roasts_PR-8645.xls
780,209.9,10.0,export-roasts_PR-8645.xls
781,210.0,10.0,export-roasts_PR-8645.xls
782,210.1,10.0,export-roasts_PR-8645.xls
783,210.2,10.0,export-roasts_PR-8645.xls
784,210.3,10.0,export-roasts_PR-8645.xls
785,210.4,10.0,export-roasts_PR-8645.xls
786,210.5,10.0,export-roasts_PR-8645.xls
787,210.6,10.0,export-roasts_PR-8645.xls
788,210.7,10.0,export-roasts_PR-8645.xls
789,210.8,10.0,export-roasts_PR-8645.xls
790,210.9,10.0,export-roasts_PR-8645.xls
791,211.1,10.0,export-roasts_PR-8645.xls
792,211.1,10.0,export-roasts_PR-8645.xls
793,211.2,10.0,export-roasts_PR-8645.xls
794,211.2,10.0,export-roasts_PR-8645.xls
795,211.3,10.0,export-roasts_PR-8645.xls
796,211.3,10.0,export-roasts_PR-8645.xls
797,211.5,10.0,export-roasts_PR-8645.xls
798,211.6,10.0,export-roasts_PR-8645.xls
799,211.7,10.0,export-roasts_PR-8645.xls
800,211.8,10.0,export-roasts_PR-8645.xls
801,211.9,10.0,export-roasts_PR-8645.xls
802,212.0,10.0,export-roasts_PR-8645.xls
803,212.1,10.0,export-roasts_PR-8645.xls
804,212.2,10.0,export-roasts_PR-8645.xls
805,212.3,10.0,export-roasts_PR-8645.xls
806,212.4,10.0,export-roasts_PR-8645.xls
807,212.5,10.0,export-roasts_PR-8645.xls
808,212.6,10.0,export-roasts_PR-8645.xls
809,212.7,10.0,export-roasts_PR-8645.xls
810,212.9,10.0,export-roasts_PR-8645.xls
811,212.9,10.0,export-roasts_PR-8645.xls
812,213.1,10.0,export-roasts_PR-8645.xls
813,213.1,10.0,export-roasts_PR-8645.xls
814,213.2,10.0,export-roasts_PR-8645.xls
815,213.4,10.0,export-roasts_PR-8645.xls
816,213.5,10.0,export-roasts_PR-8645.xls
817,213.6,10.0,export-roasts_PR-8645.xls
818,213.7,10.0,export-roasts_PR-8645.xls
819,213.7,10.0,export-roasts_PR-8645.xls
820,213.9,10.0,export-roasts_PR-8645.xls
821,214.0,10.0,export-roasts_PR-8645.xls
822,214.1,10.0,export-roasts_PR-8645.xls
823,214.2,10.0,export-roasts_PR-8645.xls
824,214.3,10.0,export-roasts_PR-8645.xls
825,214.4,10.0,export-roasts_PR-8645.xls
826,214.5,10.0,export-roasts_PR-8645.xls
827,214.7,10.0,export-roasts_PR-8645.xls
828,214.8,10.0,export-roasts_PR-8645.xls
829,214.8,10.0,export-roasts_PR-8645.xls
830,215.0,10.0,export-roasts_PR-8645.xls
831,215.0,10.0,export-roasts_PR-8645.xls
832,215.2,10.0,export-roasts_PR-8645.xls
833,215.3,10.0,export-roasts_PR-8645.xls
834,215.4,10.0,export-roasts_PR-8645.xls
835,215.5,10.0,export-roasts_PR-8645.xls
836,215.6,10.0,export-roasts_PR-8645.xls
837,215.7,10.0,export-roasts_PR-8645.xls
838,215.9,10.0,export-roasts_PR-8645.xls
839,216.0,10.0,export-roasts_PR-8645.xls
840,216.0,10.0,export-roasts_PR-8645.xls
841,216.1,10.0,export-roasts_PR-8645.xls
842,216.2,10.0,export-roasts_PR-8645.xls
843,216.4,10.0,export-roasts_PR-8645.xls
844,216.5,10.0,export-roasts_PR-8645.xls
845,216.7,10.0,export-roasts_PR-8645.xls
846,216.8,10.0,export-roasts_PR-8645.xls
847,216.9,10.0,export-roasts_PR-8645.xls
848,217.1,10.0,export-roasts_PR-8645.xls
849,217.2,10.0,export-roasts_PR-8645.xls
850,217.3,10.0,export-roasts_PR-8645.xls
851,217.4,10.0,export-roasts_PR-8645.xls
0,215.2,0.0,export-roasts_PR-8662.xls
1,211.8,0.0,export-roasts_PR-8662.xls
2,205.8,0.0,export-roasts_PR-8662.xls
3,198.1,0.0,export-roasts_PR-8662.xls
4,189.0,0.0,export-roasts_PR-8662.xls
5,178.9,0.0,export-roasts_PR-8662.xls
6,169.0,0.0,export-roasts_PR-8662.xls
7,159.6,0.0,export-roasts_PR-8662.xls
8,150.3,0.0,export-roasts_PR-8662.xls
9,141.6,0.0,export-roasts_PR-8662.xls
10,133.4,0.0,export-roasts_PR-8662.xls
11,126.1,0.0,export-roasts_PR-8662.xls
12,119.4,0.0,export-roasts_PR-8662.xls
13,113.1,0.0,export-roasts_PR-8662.xls
14,107.5,0.0,export-roasts_PR-8662.xls
15,102.2,0.0,export-roasts_PR-8662.xls
16,97.5,0.0,export-roasts_PR-8662.xls
17,93.2,0.0,export-roasts_PR-8662.xls
18,89.5,0.0,export-roasts_PR-8662.xls
19,86.0,0.0,export-roasts_PR-8662.xls
20,82.7,0.0,export-roasts_PR-8662.xls
21,79.7,0.0,export-roasts_PR-8662.xls
22,77.0,0.0,export-roasts_PR-8662.xls
23,74.5,100.0,export-roasts_PR-8662.xls
24,72.2,100.0,export-roasts_PR-8662.xls
25,70.2,100.0,export-roasts_PR-8662.xls
26,68.3,100.0,export-roasts_PR-8662.xls
27,66.5,100.0,export-roasts_PR-8662.xls
28,65.0,100.0,export-roasts_PR-8662.xls
29,63.6,100.0,export-roasts_PR-8662.xls
30,62.4,100.0,export-roasts_PR-8662.xls
31,61.2,100.0,export-roasts_PR-8662.xls
32,60.2,100.0,export-roasts_PR-8662.xls
33,59.3,100.0,export-roasts_PR-8662.xls
34,58.5,100.0,export-roasts_PR-8662.xls
35,57.9,100.0,export-roasts_PR-8662.xls
36,57.3,100.0,export-roasts_PR-8662.xls
37,56.8,100.0,export-roasts_PR-8662.xls
38,56.3,100.0,export-roasts_PR-8662.xls
39,56.0,100.0,export-roasts_PR-8662.xls
40,55.7,100.0,export-roasts_PR-8662.xls
41,55.5,100.0,export-roasts_PR-8662.xls
42,55.2,100.0,export-roasts_PR-8662.xls
43,55.1,100.0,export-roasts_PR-8662.xls
44,54.9,100.0,export-roasts_PR-8662.xls
45,54.9,100.0,export-roasts_PR-8662.xls
46,54.9,100.0,export-roasts_PR-8662.xls
47,55.0,100.0,export-roasts_PR-8662.xls
48,55.0,100.0,export-roasts_PR-8662.xls
49,55.1,100.0,export-roasts_PR-8662.xls
50,55.2,100.0,export-roasts_PR-8662.xls
51,55.2,100.0,export-roasts_PR-8662.xls
52,55.5,100.0,export-roasts_PR-8662.xls
53,55.6,100.0,export-roasts_PR-8662.xls
54,55.8,100.0,export-roasts_PR-8662.xls
55,56.0,100.0,export-roasts_PR-8662.xls
56,56.2,100.0,export-roasts_PR-8662.xls
57,56.5,100.0,export-roasts_PR-8662.xls
58,56.7,100.0,export-roasts_PR-8662.xls
59,57.0,100.0,export-roasts_PR-8662.xls
60,57.3,100.0,export-roasts_PR-8662.xls
61,57.6,100.0,export-roasts_PR-8662.xls
62,57.9,100.0,export-roasts_PR-8662.xls
63,58.3,100.0,export-roasts_PR-8662.xls
64,58.6,100.0,export-roasts_PR-8662.xls
65,58.9,100.0,export-roasts_PR-8662.xls
66,59.2,100.0,export-roasts_PR-8662.xls
67,59.6,100.0,export-roasts_PR-8662.xls
68,59.9,100.0,export-roasts_PR-8662.xls
69,60.3,100.0,export-roasts_PR-8662.xls
70,60.7,100.0,export-roasts_PR-8662.xls
71,61.1,100.0,export-roasts_PR-8662.xls
72,61.4,100.0,export-roasts_PR-8662.xls
73,61.8,100.0,export-roasts_PR-8662.xls
74,62.2,100.0,export-roasts_PR-8662.xls
75,62.5,100.0,export-roasts_PR-8662.xls
76,62.9,100.0,export-roasts_PR-8662.xls
77,63.2,100.0,export-roasts_PR-8662.xls
78,63.6,100.0,export-roasts_PR-8662.xls
79,64.0,100.0,export-roasts_PR-8662.xls
80,64.3,100.0,export-roasts_PR-8662.xls
81,64.7,100.0,export-roasts_PR-8662.xls
82,65.1,100.0,export-roasts_PR-8662.xls
83,65.5,100.0,export-roasts_PR-8662.xls
84,65.9,100.0,export-roasts_PR-8662.xls
85,66.3,100.0,export-roasts_PR-8662.xls
86,66.7,100.0,export-roasts_PR-8662.xls
87,67.1,100.0,export-roasts_PR-8662.xls
88,67.5,100.0,export-roasts_PR-8662.xls
89,67.9,100.0,export-roasts_PR-8662.xls
90,68.4,100.0,export-roasts_PR-8662.xls
91,68.7,100.0,export-roasts_PR-8662.xls
92,69.1,100.0,export-roasts_PR-8662.xls
93,69.5,100.0,export-roasts_PR-8662.xls
94,69.9,100.0,export-roasts_PR-8662.xls
95,70.3,100.0,export-roasts_PR-8662.xls
96,70.7,100.0,export-roasts_PR-8662.xls
97,71.0,100.0,export-roasts_PR-8662.xls
98,71.5,100.0,export-roasts_PR-8662.xls
99,71.8,100.0,export-roasts_PR-8662.xls
100,72.2,100.0,export-roasts_PR-8662.xls
101,72.6,100.0,export-roasts_PR-8662.xls
102,72.9,100.0,export-roasts_PR-8662.xls
103,73.3,100.0,export-roasts_PR-8662.xls
104,73.6,100.0,export-roasts_PR-8662.xls
105,74.0,100.0,export-roasts_PR-8662.xls
106,74.4,100.0,export-roasts_PR-8662.xls
107,74.7,100.0,export-roasts_PR-8662.xls
108,75.1,100.0,export-roasts_PR-8662.xls
109,75.5,100.0,export-roasts_PR-8662.xls
110,75.8,100.0,export-roasts_PR-8662.xls
111,76.2,100.0,export-roasts_PR-8662.xls
112,76.6,100.0,export-roasts_PR-8662.xls
113,76.9,100.0,export-roasts_PR-8662.xls
114,77.3,100.0,export-roasts_PR-8662.xls
115,77.7,100.0,export-roasts_PR-8662.xls
116,77.9,100.0,export-roasts_PR-8662.xls
117,78.3,100.0,export-roasts_PR-8662.xls
118,78.7,100.0,export-roasts_PR-8662.xls
119,79.0,100.0,export-roasts_PR-8662.xls
120,79.3,100.0,export-roasts_PR-8662.xls
121,79.7,100.0,export-roasts_PR-8662.xls
122,80.0,100.0,export-roasts_PR-8662.xls
123,80.3,100.0,export-roasts_PR-8662.xls
124,80.7,100.0,export-roasts_PR-8662.xls
125,81.0,100.0,export-roasts_PR-8662.xls
126,81.4,100.0,export-roasts_PR-8662.xls
127,81.7,100.0,export-roasts_PR-8662.xls
128,82.0,100.0,export-roasts_PR-8662.xls
129,82.3,100.0,export-roasts_PR-8662.xls
130,82.6,100.0,export-roasts_PR-8662.xls
131,83.0,100.0,export-roasts_PR-8662.xls
132,83.3,100.0,export-roasts_PR-8662.xls
133,83.6,100.0,export-roasts_PR-8662.xls
134,84.0,100.0,export-roasts_PR-8662.xls
135,84.3,100.0,export-roasts_PR-8662.xls
136,84.6,100.0,export-roasts_PR-8662.xls
137,85.0,100.0,export-roasts_PR-8662.xls
138,85.3,100.0,export-roasts_PR-8662.xls
139,85.6,100.0,export-roasts_PR-8662.xls
140,85.9,100.0,export-roasts_PR-8662.xls
141,86.3,100.0,export-roasts_PR-8662.xls
142,86.5,100.0,export-roasts_PR-8662.xls
143,86.9,100.0,export-roasts_PR-8662.xls
144,87.2,100.0,export-roasts_PR-8662.xls
145,87.5,100.0,export-roasts_PR-8662.xls
146,87.9,100.0,export-roasts_PR-8662.xls
147,88.2,100.0,export-roasts_PR-8662.xls
148,88.5,100.0,export-roasts_PR-8662.xls
149,88.8,100.0,export-roasts_PR-8662.xls
150,89.1,100.0,export-roasts_PR-8662.xls
151,89.4,100.0,export-roasts_PR-8662.xls
152,89.8,100.0,export-roasts_PR-8662.xls
153,90.0,100.0,export-roasts_PR-8662.xls
154,90.4,100.0,export-roasts_PR-8662.xls
155,90.6,100.0,export-roasts_PR-8662.xls
156,90.9,100.0,export-roasts_PR-8662.xls
157,91.2,100.0,export-roasts_PR-8662.xls
158,91.6,100.0,export-roasts_PR-8662.xls
159,91.8,100.0,export-roasts_PR-8662.xls
160,92.1,100.0,export-roasts_PR-8662.xls
161,92.4,100.0,export-roasts_PR-8662.xls
162,92.7,100.0,export-roasts_PR-8662.xls
163,93.0,100.0,export-roasts_PR-8662.xls
164,93.3,100.0,export-roasts_PR-8662.xls
165,93.6,100.0,export-roasts_PR-8662.xls
166,93.9,100.0,export-roasts_PR-8662.xls
167,94.1,100.0,export-roasts_PR-8662.xls
168,94.4,100.0,export-roasts_PR-8662.xls
169,94.7,100.0,export-roasts_PR-8662.xls
170,95.0,100.0,export-roasts_PR-8662.xls
171,95.3,100.0,export-roasts_PR-8662.xls
172,95.6,100.0,export-roasts_PR-8662.xls
173,95.9,100.0,export-roasts_PR-8662.xls
174,96.1,100.0,export-roasts_PR-8662.xls
175,96.4,100.0,export-roasts_PR-8662.xls
176,96.6,100.0,export-roasts_PR-8662.xls
177,96.9,100.0,export-roasts_PR-8662.xls
178,97.2,100.0,export-roasts_PR-8662.xls
179,97.4,100.0,export-roasts_PR-8662.xls
180,97.7,100.0,export-roasts_PR-8662.xls
181,98.0,100.0,export-roasts_PR-8662.xls
182,98.3,100.0,export-roasts_PR-8662.xls
183,98.5,100.0,export-roasts_PR-8662.xls
184,98.9,100.0,export-roasts_PR-8662.xls
185,99.1,100.0,export-roasts_PR-8662.xls
186,99.4,100.0,export-roasts_PR-8662.xls
187,99.7,100.0,export-roasts_PR-8662.xls
188,99.9,100.0,export-roasts_PR-8662.xls
189,100.2,100.0,export-roasts_PR-8662.xls
190,100.4,100.0,export-roasts_PR-8662.xls
191,100.7,100.0,export-roasts_PR-8662.xls
192,101.0,100.0,export-roasts_PR-8662.xls
193,101.3,100.0,export-roasts_PR-8662.xls
194,101.6,100.0,export-roasts_PR-8662.xls
195,101.8,100.0,export-roasts_PR-8662.xls
196,102.1,100.0,export-roasts_PR-8662.xls
197,102.3,100.0,export-roasts_PR-8662.xls
198,102.6,100.0,export-roasts_PR-8662.xls
199,102.9,100.0,export-roasts_PR-8662.xls
200,103.2,100.0,export-roasts_PR-8662.xls
201,103.4,100.0,export-roasts_PR-8662.xls
202,103.6,100.0,export-roasts_PR-8662.xls
203,103.9,100.0,export-roasts_PR-8662.xls
204,104.2,100.0,export-roasts_PR-8662.xls
205,104.5,100.0,export-roasts_PR-8662.xls
206,104.7,100.0,export-roasts_PR-8662.xls
207,105.0,100.0,export-roasts_PR-8662.xls
208,105.2,100.0,export-roasts_PR-8662.xls
209,105.5,100.0,export-roasts_PR-8662.xls
210,105.7,100.0,export-roasts_PR-8662.xls
211,106.0,100.0,export-roasts_PR-8662.xls
212,106.2,100.0,export-roasts_PR-8662.xls
213,106.5,100.0,export-roasts_PR-8662.xls
214,106.7,100.0,export-roasts_PR-8662.xls
215,107.0,100.0,export-roasts_PR-8662.xls
216,107.2,100.0,export-roasts_PR-8662.xls
217,107.5,100.0,export-roasts_PR-8662.xls
218,107.7,100.0,export-roasts_PR-8662.xls
219,107.9,100.0,export-roasts_PR-8662.xls
220,108.2,100.0,export-roasts_PR-8662.xls
221,108.4,100.0,export-roasts_PR-8662.xls
222,108.7,100.0,export-roasts_PR-8662.xls
223,108.9,100.0,export-roasts_PR-8662.xls
224,109.1,100.0,export-roasts_PR-8662.xls
225,109.4,100.0,export-roasts_PR-8662.xls
226,109.6,100.0,export-roasts_PR-8662.xls
227,109.9,100.0,export-roasts_PR-8662.xls
228,110.1,100.0,export-roasts_PR-8662.xls
229,110.3,100.0,export-roasts_PR-8662.xls
230,110.6,100.0,export-roasts_PR-8662.xls
231,110.8,100.0,export-roasts_PR-8662.xls
232,111.1,100.0,export-roasts_PR-8662.xls
233,111.3,100.0,export-roasts_PR-8662.xls
234,111.5,100.0,export-roasts_PR-8662.xls
235,111.8,100.0,export-roasts_PR-8662.xls
236,112.0,100.0,export-roasts_PR-8662.xls
237,112.2,100.0,export-roasts_PR-8662.xls
238,112.5,100.0,export-roasts_PR-8662.xls
239,112.7,100.0,export-roasts_PR-8662.xls
240,112.9,100.0,export-roasts_PR-8662.xls
241,113.2,100.0,export-roasts_PR-8662.xls
242,113.4,100.0,export-roasts_PR-8662.xls
243,113.7,100.0,export-roasts_PR-8662.xls
244,113.9,100.0,export-roasts_PR-8662.xls
245,114.1,100.0,export-roasts_PR-8662.xls
246,114.4,100.0,export-roasts_PR-8662.xls
247,114.6,100.0,export-roasts_PR-8662.xls
248,114.9,100.0,export-roasts_PR-8662.xls
249,115.1,100.0,export-roasts_PR-8662.xls
250,115.4,100.0,export-roasts_PR-8662.xls
251,115.6,100.0,export-roasts_PR-8662.xls
252,115.8,100.0,export-roasts_PR-8662.xls
253,116.1,100.0,export-roasts_PR-8662.xls
254,116.3,100.0,export-roasts_PR-8662.xls
255,116.5,100.0,export-roasts_PR-8662.xls
256,116.8,100.0,export-roasts_PR-8662.xls
257,117.0,100.0,export-roasts_PR-8662.xls
258,117.3,100.0,export-roasts_PR-8662.xls
259,117.5,100.0,export-roasts_PR-8662.xls
260,117.7,100.0,export-roasts_PR-8662.xls
261,118.0,100.0,export-roasts_PR-8662.xls
262,118.2,100.0,export-roasts_PR-8662.xls
263,118.5,100.0,export-roasts_PR-8662.xls
264,118.7,100.0,export-roasts_PR-8662.xls
265,118.9,100.0,export-roasts_PR-8662.xls
266,119.2,100.0,export-roasts_PR-8662.xls
267,119.4,100.0,export-roasts_PR-8662.xls
268,119.6,100.0,export-roasts_PR-8662.xls
269,119.8,100.0,export-roasts_PR-8662.xls
270,120.0,100.0,export-roasts_PR-8662.xls
271,120.3,100.0,export-roasts_PR-8662.xls
272,120.5,100.0,export-roasts_PR-8662.xls
273,120.8,100.0,export-roasts_PR-8662.xls
274,121.0,100.0,export-roasts_PR-8662.xls
275,121.2,100.0,export-roasts_PR-8662.xls
276,121.4,100.0,export-roasts_PR-8662.xls
277,121.7,100.0,export-roasts_PR-8662.xls
278,121.9,100.0,export-roasts_PR-8662.xls
279,122.2,100.0,export-roasts_PR-8662.xls
280,122.4,100.0,export-roasts_PR-8662.xls
281,122.6,100.0,export-roasts_PR-8662.xls
282,122.8,100.0,export-roasts_PR-8662.xls
283,123.1,100.0,export-roasts_PR-8662.xls
284,123.2,100.0,export-roasts_PR-8662.xls
285,123.5,100.0,export-roasts_PR-8662.xls
286,123.7,100.0,export-roasts_PR-8662.xls
287,123.9,100.0,export-roasts_PR-8662.xls
288,124.1,100.0,export-roasts_PR-8662.xls
289,124.3,100.0,export-roasts_PR-8662.xls
290,124.6,100.0,export-roasts_PR-8662.xls
291,124.8,100.0,export-roasts_PR-8662.xls
292,125.0,100.0,export-roasts_PR-8662.xls
293,125.3,100.0,export-roasts_PR-8662.xls
294,125.5,100.0,export-roasts_PR-8662.xls
295,125.7,100.0,export-roasts_PR-8662.xls
296,126.0,100.0,export-roasts_PR-8662.xls
297,126.2,100.0,export-roasts_PR-8662.xls
298,126.4,100.0,export-roasts_PR-8662.xls
299,126.5,100.0,export-roasts_PR-8662.xls
300,126.8,100.0,export-roasts_PR-8662.xls
301,127.0,100.0,export-roasts_PR-8662.xls
302,127.2,100.0,export-roasts_PR-8662.xls
303,127.4,100.0,export-roasts_PR-8662.xls
304,127.7,100.0,export-roasts_PR-8662.xls
305,127.9,100.0,export-roasts_PR-8662.xls
306,128.0,100.0,export-roasts_PR-8662.xls
307,128.3,100.0,export-roasts_PR-8662.xls
308,128.5,100.0,export-roasts_PR-8662.xls
309,128.7,100.0,export-roasts_PR-8662.xls
310,128.9,100.0,export-roasts_PR-8662.xls
311,129.1,100.0,export-roasts_PR-8662.xls
312,129.3,100.0,export-roasts_PR-8662.xls
313,129.5,100.0,export-roasts_PR-8662.xls
314,129.7,100.0,export-roasts_PR-8662.xls
315,129.9,100.0,export-roasts_PR-8662.xls
316,130.2,100.0,export-roasts_PR-8662.xls
317,130.3,100.0,export-roasts_PR-8662.xls
318,130.6,100.0,export-roasts_PR-8662.xls
319,130.8,100.0,export-roasts_PR-8662.xls
320,131.1,100.0,export-roasts_PR-8662.xls
321,131.2,100.0,export-roasts_PR-8662.xls
322,131.5,100.0,export-roasts_PR-8662.xls
323,131.7,100.0,export-roasts_PR-8662.xls
324,132.0,100.0,export-roasts_PR-8662.xls
325,132.2,100.0,export-roasts_PR-8662.xls
326,132.4,100.0,export-roasts_PR-8662.xls
327,132.6,100.0,export-roasts_PR-8662.xls
328,132.8,100.0,export-roasts_PR-8662.xls
329,133.0,100.0,export-roasts_PR-8662.xls
330,133.3,100.0,export-roasts_PR-8662.xls
331,133.5,100.0,export-roasts_PR-8662.xls
332,133.7,100.0,export-roasts_PR-8662.xls
333,133.9,100.0,export-roasts_PR-8662.xls
334,134.1,100.0,export-roasts_PR-8662.xls
335,134.3,100.0,export-roasts_PR-8662.xls
336,134.6,100.0,export-roasts_PR-8662.xls
337,134.8,100.0,export-roasts_PR-8662.xls
338,135.0,100.0,export-roasts_PR-8662.xls
339,135.2,100.0,export-roasts_PR-8662.xls
340,135.4,100.0,export-roasts_PR-8662.xls
341,135.6,100.0,export-roasts_PR-8662.xls
342,135.8,100.0,export-roasts_PR-8662.xls
343,136.0,100.0,export-roasts_PR-8662.xls
344,136.2,100.0,export-roasts_PR-8662.xls
345,136.4,100.0,export-roasts_PR-8662.xls
346,136.6,100.0,export-roasts_PR-8662.xls
347,136.8,100.0,export-roasts_PR-8662.xls
348,137.0,100.0,export-roasts_PR-8662.xls
349,137.2,100.0,export-roasts_PR-8662.xls
350,137.4,100.0,export-roasts_PR-8662.xls
351,137.6,100.0,export-roasts_PR-8662.xls
352,137.9,100.0,export-roasts_PR-8662.xls
353,138.1,100.0,export-roasts_PR-8662.xls
354,138.3,100.0,export-roasts_PR-8662.xls
355,138.5,100.0,export-roasts_PR-8662.xls
356,138.7,100.0,export-roasts_PR-8662.xls
357,138.9,100.0,export-roasts_PR-8662.xls
358,139.1,100.0,export-roasts_PR-8662.xls
359,139.3,100.0,export-roasts_PR-8662.xls
360,139.5,100.0,export-roasts_PR-8662.xls
361,139.7,100.0,export-roasts_PR-8662.xls
362,139.9,100.0,export-roasts_PR-8662.xls
363,140.2,100.0,export-roasts_PR-8662.xls
364,140.3,100.0,export-roasts_PR-8662.xls
365,140.6,100.0,export-roasts_PR-8662.xls
366,140.8,100.0,export-roasts_PR-8662.xls
367,141.0,100.0,export-roasts_PR-8662.xls
368,141.2,100.0,export-roasts_PR-8662.xls
369,141.4,100.0,export-roasts_PR-8662.xls
370,141.6,100.0,export-roasts_PR-8662.xls
371,141.8,100.0,export-roasts_PR-8662.xls
372,142.0,100.0,export-roasts_PR-8662.xls
373,142.2,100.0,export-roasts_PR-8662.xls
374,142.4,100.0,export-roasts_PR-8662.xls
375,142.6,100.0,export-roasts_PR-8662.xls
376,142.8,100.0,export-roasts_PR-8662.xls
377,143.0,100.0,export-roasts_PR-8662.xls
378,143.2,100.0,export-roasts_PR-8662.xls
379,143.4,100.0,export-roasts_PR-8662.xls
380,143.6,100.0,export-roasts_PR-8662.xls
381,143.8,100.0,export-roasts_PR-8662.xls
382,144.0,100.0,export-roasts_PR-8662.xls
383,144.2,100.0,export-roasts_PR-8662.xls
384,144.4,100.0,export-roasts_PR-8662.xls
385,144.6,100.0,export-roasts_PR-8662.xls
386,144.8,100.0,export-roasts_PR-8662.xls
387,145.1,100.0,export-roasts_PR-8662.xls
388,145.3,100.0,export-roasts_PR-8662.xls
389,145.5,100.0,export-roasts_PR-8662.xls
390,145.6,100.0,export-roasts_PR-8662.xls
391,145.8,100.0,export-roasts_PR-8662.xls
392,146.0,100.0,export-roasts_PR-8662.xls
393,146.2,100.0,export-roasts_PR-8662.xls
394,146.4,100.0,export-roasts_PR-8662.xls
395,146.6,100.0,export-roasts_PR-8662.xls
396,146.8,100.0,export-roasts_PR-8662.xls
397,147.0,100.0,export-roasts_PR-8662.xls
398,147.3,100.0,export-roasts_PR-8662.xls
399,147.4,100.0,export-roasts_PR-8662.xls
400,147.6,100.0,export-roasts_PR-8662.xls
401,147.8,100.0,export-roasts_PR-8662.xls
402,147.9,100.0,export-roasts_PR-8662.xls
403,148.1,100.0,export-roasts_PR-8662.xls
404,148.3,100.0,export-roasts_PR-8662.xls
405,148.5,100.0,export-roasts_PR-8662.xls
406,148.7,100.0,export-roasts_PR-8662.xls
407,148.9,100.0,export-roasts_PR-8662.xls
408,149.1,100.0,export-roasts_PR-8662.xls
409,149.3,100.0,export-roasts_PR-8662.xls
410,149.4,100.0,export-roasts_PR-8662.xls
411,149.7,100.0,export-roasts_PR-8662.xls
412,149.8,100.0,export-roasts_PR-8662.xls
413,150.0,100.0,export-roasts_PR-8662.xls
414,150.2,100.0,export-roasts_PR-8662.xls
415,150.4,100.0,export-roasts_PR-8662.xls
416,150.5,100.0,export-roasts_PR-8662.xls
417,150.7,100.0,export-roasts_PR-8662.xls
418,151.0,100.0,export-roasts_PR-8662.xls
419,151.2,100.0,export-roasts_PR-8662.xls
420,151.3,100.0,export-roasts_PR-8662.xls
421,151.6,100.0,export-roasts_PR-8662.xls
422,151.7,100.0,export-roasts_PR-8662.xls
423,151.9,100.0,export-roasts_PR-8662.xls
424,152.2,100.0,export-roasts_PR-8662.xls
425,152.3,100.0,export-roasts_PR-8662.xls
426,152.5,100.0,export-roasts_PR-8662.xls
427,152.7,100.0,export-roasts_PR-8662.xls
428,152.9,100.0,export-roasts_PR-8662.xls
429,153.1,100.0,export-roasts_PR-8662.xls
430,153.3,100.0,export-roasts_PR-8662.xls
431,153.5,100.0,export-roasts_PR-8662.xls
432,153.7,100.0,export-roasts_PR-8662.xls
433,153.9,100.0,export-roasts_PR-8662.xls
434,154.1,100.0,export-roasts_PR-8662.xls
435,154.2,100.0,export-roasts_PR-8662.xls
436,154.5,100.0,export-roasts_PR-8662.xls
437,154.7,100.0,export-roasts_PR-8662.xls
438,154.9,100.0,export-roasts_PR-8662.xls
439,155.0,100.0,export-roasts_PR-8662.xls
440,155.2,100.0,export-roasts_PR-8662.xls
441,155.5,100.0,export-roasts_PR-8662.xls
442,155.6,100.0,export-roasts_PR-8662.xls
443,155.8,100.0,export-roasts_PR-8662.xls
444,156.0,100.0,export-roasts_PR-8662.xls
445,156.2,100.0,export-roasts_PR-8662.xls
446,156.3,100.0,export-roasts_PR-8662.xls
447,156.6,100.0,export-roasts_PR-8662.xls
448,156.7,100.0,export-roasts_PR-8662.xls
449,156.9,100.0,export-roasts_PR-8662.xls
450,157.1,100.0,export-roasts_PR-8662.xls
451,157.3,100.0,export-roasts_PR-8662.xls
452,157.4,100.0,export-roasts_PR-8662.xls
453,157.7,100.0,export-roasts_PR-8662.xls
454,157.9,100.0,export-roasts_PR-8662.xls
455,158.0,100.0,export-roasts_PR-8662.xls
456,158.2,100.0,export-roasts_PR-8662.xls
457,158.4,100.0,export-roasts_PR-8662.xls
458,158.6,100.0,export-roasts_PR-8662.xls
459,158.8,100.0,export-roasts_PR-8662.xls
460,159.0,100.0,export-roasts_PR-8662.xls
461,159.2,100.0,export-roasts_PR-8662.xls
462,159.3,100.0,export-roasts_PR-8662.xls
463,159.6,100.0,export-roasts_PR-8662.xls
464,159.7,100.0,export-roasts_PR-8662.xls
465,159.9,100.0,export-roasts_PR-8662.xls
466,160.1,100.0,export-roasts_PR-8662.xls
467,160.3,100.0,export-roasts_PR-8662.xls
468,160.5,100.0,export-roasts_PR-8662.xls
469,160.7,100.0,export-roasts_PR-8662.xls
470,160.9,100.0,export-roasts_PR-8662.xls
471,161.0,100.0,export-roasts_PR-8662.xls
472,161.2,100.0,export-roasts_PR-8662.xls
473,161.4,100.0,export-roasts_PR-8662.xls
474,161.5,100.0,export-roasts_PR-8662.xls
475,161.7,100.0,export-roasts_PR-8662.xls
476,161.9,100.0,export-roasts_PR-8662.xls
477,162.1,100.0,export-roasts_PR-8662.xls
478,162.2,100.0,export-roasts_PR-8662.xls
479,162.4,100.0,export-roasts_PR-8662.xls
480,162.7,100.0,export-roasts_PR-8662.xls
481,162.9,100.0,export-roasts_PR-8662.xls
482,163.1,100.0,export-roasts_PR-8662.xls
483,163.3,100.0,export-roasts_PR-8662.xls
484,163.5,100.0,export-roasts_PR-8662.xls
485,163.7,100.0,export-roasts_PR-8662.xls
486,163.9,100.0,export-roasts_PR-8662.xls
487,164.1,100.0,export-roasts_PR-8662.xls
488,164.4,100.0,export-roasts_PR-8662.xls
489,164.6,100.0,export-roasts_PR-8662.xls
490,164.8,100.0,export-roasts_PR-8662.xls
491,165.0,100.0,export-roasts_PR-8662.xls
492,165.2,100.0,export-roasts_PR-8662.xls
493,165.4,100.0,export-roasts_PR-8662.xls
494,165.6,100.0,export-roasts_PR-8662.xls
495,165.8,100.0,export-roasts_PR-8662.xls
496,166.0,100.0,export-roasts_PR-8662.xls
497,166.1,100.0,export-roasts_PR-8662.xls
498,166.3,100.0,export-roasts_PR-8662.xls
499,166.5,100.0,export-roasts_PR-8662.xls
500,166.6,100.0,export-roasts_PR-8662.xls
501,166.9,100.0,export-roasts_PR-8662.xls
502,167.0,100.0,export-roasts_PR-8662.xls
503,167.1,100.0,export-roasts_PR-8662.xls
504,167.3,100.0,export-roasts_PR-8662.xls
505,167.6,100.0,export-roasts_PR-8662.xls
506,167.7,100.0,export-roasts_PR-8662.xls
507,167.9,100.0,export-roasts_PR-8662.xls
508,168.2,100.0,export-roasts_PR-8662.xls
509,168.4,100.0,export-roasts_PR-8662.xls
510,168.5,100.0,export-roasts_PR-8662.xls
511,168.8,100.0,export-roasts_PR-8662.xls
512,169.0,100.0,export-roasts_PR-8662.xls
513,169.2,100.0,export-roasts_PR-8662.xls
514,169.4,100.0,export-roasts_PR-8662.xls
515,169.5,100.0,export-roasts_PR-8662.xls
516,169.7,100.0,export-roasts_PR-8662.xls
517,169.9,100.0,export-roasts_PR-8662.xls
518,170.0,100.0,export-roasts_PR-8662.xls
519,170.2,100.0,export-roasts_PR-8662.xls
520,170.4,100.0,export-roasts_PR-8662.xls
521,170.6,100.0,export-roasts_PR-8662.xls
522,170.8,100.0,export-roasts_PR-8662.xls
523,171.0,100.0,export-roasts_PR-8662.xls
524,171.2,100.0,export-roasts_PR-8662.xls
525,171.4,100.0,export-roasts_PR-8662.xls
526,171.6,100.0,export-roasts_PR-8662.xls
527,171.8,100.0,export-roasts_PR-8662.xls
528,172.0,100.0,export-roasts_PR-8662.xls
529,172.2,100.0,export-roasts_PR-8662.xls
530,172.4,100.0,export-roasts_PR-8662.xls
531,172.6,100.0,export-roasts_PR-8662.xls
532,172.8,100.0,export-roasts_PR-8662.xls
533,173.0,100.0,export-roasts_PR-8662.xls
534,173.1,100.0,export-roasts_PR-8662.xls
535,173.3,100.0,export-roasts_PR-8662.xls
536,173.5,100.0,export-roasts_PR-8662.xls
537,173.7,100.0,export-roasts_PR-8662.xls
538,173.9,100.0,export-roasts_PR-8662.xls
539,174.1,100.0,export-roasts_PR-8662.xls
540,174.3,100.0,export-roasts_PR-8662.xls
541,174.5,100.0,export-roasts_PR-8662.xls
542,174.7,100.0,export-roasts_PR-8662.xls
543,174.9,100.0,export-roasts_PR-8662.xls
544,175.1,100.0,export-roasts_PR-8662.xls
545,175.3,100.0,export-roasts_PR-8662.xls
546,175.5,100.0,export-roasts_PR-8662.xls
547,175.7,100.0,export-roasts_PR-8662.xls
548,175.8,90.0,export-roasts_PR-8662.xls
549,176.0,90.0,export-roasts_PR-8662.xls
550,176.2,90.0,export-roasts_PR-8662.xls
551,176.3,90.0,export-roasts_PR-8662.xls
552,176.5,90.0,export-roasts_PR-8662.xls
553,176.7,90.0,export-roasts_PR-8662.xls
554,176.9,90.0,export-roasts_PR-8662.xls
555,177.1,90.0,export-roasts_PR-8662.xls
556,177.3,90.0,export-roasts_PR-8662.xls
557,177.5,90.0,export-roasts_PR-8662.xls
558,177.7,90.0,export-roasts_PR-8662.xls
559,177.9,90.0,export-roasts_PR-8662.xls
560,178.0,90.0,export-roasts_PR-8662.xls
561,178.2,90.0,export-roasts_PR-8662.xls
562,178.4,90.0,export-roasts_PR-8662.xls
563,178.6,90.0,export-roasts_PR-8662.xls
564,178.8,90.0,export-roasts_PR-8662.xls
565,179.0,90.0,export-roasts_PR-8662.xls
566,179.2,90.0,export-roasts_PR-8662.xls
567,179.4,90.0,export-roasts_PR-8662.xls
568,179.6,90.0,export-roasts_PR-8662.xls
569,179.8,90.0,export-roasts_PR-8662.xls
570,180.0,90.0,export-roasts_PR-8662.xls
571,180.2,90.0,export-roasts_PR-8662.xls
572,180.5,90.0,export-roasts_PR-8662.xls
573,180.7,90.0,export-roasts_PR-8662.xls
574,180.9,90.0,export-roasts_PR-8662.xls
575,181.2,90.0,export-roasts_PR-8662.xls
576,181.3,90.0,export-roasts_PR-8662.xls
577,181.5,90.0,export-roasts_PR-8662.xls
578,181.7,90.0,export-roasts_PR-8662.xls
579,181.9,90.0,export-roasts_PR-8662.xls
580,182.1,90.0,export-roasts_PR-8662.xls
581,182.3,90.0,export-roasts_PR-8662.xls
582,182.5,90.0,export-roasts_PR-8662.xls
583,182.7,90.0,export-roasts_PR-8662.xls
584,182.9,90.0,export-roasts_PR-8662.xls
585,183.1,90.0,export-roasts_PR-8662.xls
586,183.3,90.0,export-roasts_PR-8662.xls
587,183.5,90.0,export-roasts_PR-8662.xls
588,183.7,90.0,export-roasts_PR-8662.xls
589,183.9,90.0,export-roasts_PR-8662.xls
590,184.1,90.0,export-roasts_PR-8662.xls
591,184.3,90.0,export-roasts_PR-8662.xls
592,184.5,90.0,export-roasts_PR-8662.xls
593,184.7,90.0,export-roasts_PR-8662.xls
594,184.9,90.0,export-roasts_PR-8662.xls
595,185.1,90.0,export-roasts_PR-8662.xls
596,185.4,90.0,export-roasts_PR-8662.xls
597,185.6,90.0,export-roasts_PR-8662.xls
598,185.8,90.0,export-roasts_PR-8662.xls
599,186.0,90.0,export-roasts_PR-8662.xls
600,186.1,90.0,export-roasts_PR-8662.xls
601,186.3,90.0,export-roasts_PR-8662.xls
602,186.5,90.0,export-roasts_PR-8662.xls
603,186.7,90.0,export-roasts_PR-8662.xls
604,186.9,90.0,export-roasts_PR-8662.xls
605,187.1,90.0,export-roasts_PR-8662.xls
606,187.2,90.0,export-roasts_PR-8662.xls
607,187.4,90.0,export-roasts_PR-8662.xls
608,187.5,90.0,export-roasts_PR-8662.xls
609,187.8,90.0,export-roasts_PR-8662.xls
610,187.9,90.0,export-roasts_PR-8662.xls
611,188.1,90.0,export-roasts_PR-8662.xls
612,188.3,90.0,export-roasts_PR-8662.xls
613,188.5,90.0,export-roasts_PR-8662.xls
614,188.7,90.0,export-roasts_PR-8662.xls
615,188.9,90.0,export-roasts_PR-8662.xls
616,189.1,90.0,export-roasts_PR-8662.xls
617,189.3,90.0,export-roasts_PR-8662.xls
618,189.6,90.0,export-roasts_PR-8662.xls
619,189.8,90.0,export-roasts_PR-8662.xls
620,190.0,90.0,export-roasts_PR-8662.xls
621,190.2,90.0,export-roasts_PR-8662.xls
622,190.4,90.0,export-roasts_PR-8662.xls
623,190.7,90.0,export-roasts_PR-8662.xls
624,190.9,90.0,export-roasts_PR-8662.xls
625,191.0,90.0,export-roasts_PR-8662.xls
626,191.2,90.0,export-roasts_PR-8662.xls
627,191.4,90.0,export-roasts_PR-8662.xls
628,191.6,0.0,export-roasts_PR-8662.xls
629,191.8,0.0,export-roasts_PR-8662.xls
630,192.0,0.0,export-roasts_PR-8662.xls
631,192.2,0.0,export-roasts_PR-8662.xls
632,192.4,0.0,export-roasts_PR-8662.xls
633,192.6,0.0,export-roasts_PR-8662.xls
634,192.8,0.0,export-roasts_PR-8662.xls
635,193.0,0.0,export-roasts_PR-8662.xls
636,193.2,0.0,export-roasts_PR-8662.xls
637,193.5,0.0,export-roasts_PR-8662.xls
638,193.6,0.0,export-roasts_PR-8662.xls
639,193.8,0.0,export-roasts_PR-8662.xls
640,194.0,0.0,export-roasts_PR-8662.xls
641,194.1,0.0,export-roasts_PR-8662.xls
642,194.3,0.0,export-roasts_PR-8662.xls
643,194.5,0.0,export-roasts_PR-8662.xls
644,194.6,5.0,export-roasts_PR-8662.xls
645,194.8,5.0,export-roasts_PR-8662.xls
646,194.9,5.0,export-roasts_PR-8662.xls
647,195.0,5.0,export-roasts_PR-8662.xls
648,195.2,5.0,export-roasts_PR-8662.xls
649,195.3,5.0,export-roasts_PR-8662.xls
650,195.4,5.0,export-roasts_PR-8662.xls
651,195.5,5.0,export-roasts_PR-8662.xls
652,195.7,5.0,export-roasts_PR-8662.xls
653,195.8,5.0,export-roasts_PR-8662.xls
654,195.9,5.0,export-roasts_PR-8662.xls
655,196.0,5.0,export-roasts_PR-8662.xls
656,196.1,5.0,export-roasts_PR-8662.xls
657,196.3,5.0,export-roasts_PR-8662.xls
658,196.4,5.0,export-roasts_PR-8662.xls
659,196.5,5.0,export-roasts_PR-8662.xls
660,196.7,5.0,export-roasts_PR-8662.xls
661,196.9,5.0,export-roasts_PR-8662.xls
662,197.0,5.0,export-roasts_PR-8662.xls
663,197.1,5.0,export-roasts_PR-8662.xls
664,197.2,5.0,export-roasts_PR-8662.xls
665,197.3,5.0,export-roasts_PR-8662.xls
666,197.5,5.0,export-roasts_PR-8662.xls
667,197.6,5.0,export-roasts_PR-8662.xls
668,197.7,5.0,export-roasts_PR-8662.xls
669,197.9,5.0,export-roasts_PR-8662.xls
670,198.0,5.0,export-roasts_PR-8662.xls
671,198.1,5.0,export-roasts_PR-8662.xls
672,198.2,5.0,export-roasts_PR-8662.xls
673,198.4,5.0,export-roasts_PR-8662.xls
674,198.5,5.0,export-roasts_PR-8662.xls
675,198.7,5.0,export-roasts_PR-8662.xls
676,198.8,5.0,export-roasts_PR-8662.xls
677,198.9,5.0,export-roasts_PR-8662.xls
678,199.1,5.0,export-roasts_PR-8662.xls
679,199.3,5.0,export-roasts_PR-8662.xls
680,199.3,5.0,export-roasts_PR-8662.xls
681,199.5,5.0,export-roasts_PR-8662.xls
682,199.7,5.0,export-roasts_PR-8662.xls
683,199.8,5.0,export-roasts_PR-8662.xls
684,200.0,5.0,export-roasts_PR-8662.xls
685,200.1,5.0,export-roasts_PR-8662.xls
686,200.2,5.0,export-roasts_PR-8662.xls
687,200.3,5.0,export-roasts_PR-8662.xls
688,200.5,5.0,export-roasts_PR-8662.xls
689,200.7,5.0,export-roasts_PR-8662.xls
690,200.8,5.0,export-roasts_PR-8662.xls
691,200.9,5.0,export-roasts_PR-8662.xls
692,201.1,5.0,export-roasts_PR-8662.xls
693,201.2,5.0,export-roasts_PR-8662.xls
694,201.4,5.0,export-roasts_PR-8662.xls
695,201.5,5.0,export-roasts_PR-8662.xls
696,201.6,5.0,export-roasts_PR-8662.xls
697,201.8,5.0,export-roasts_PR-8662.xls
698,201.9,5.0,export-roasts_PR-8662.xls
699,202.0,5.0,export-roasts_PR-8662.xls
700,202.1,5.0,export-roasts_PR-8662.xls
701,202.3,10.0,export-roasts_PR-8662.xls
702,202.4,10.0,export-roasts_PR-8662.xls
703,202.6,10.0,export-roasts_PR-8662.xls
704,202.7,10.0,export-roasts_PR-8662.xls
705,202.8,10.0,export-roasts_PR-8662.xls
706,203.0,10.0,export-roasts_PR-8662.xls
707,203.1,10.0,export-roasts_PR-8662.xls
708,203.2,10.0,export-roasts_PR-8662.xls
709,203.3,10.0,export-roasts_PR-8662.xls
710,203.5,10.0,export-roasts_PR-8662.xls
711,203.6,10.0,export-roasts_PR-8662.xls
712,203.7,10.0,export-roasts_PR-8662.xls
713,203.8,10.0,export-roasts_PR-8662.xls
714,204.0,10.0,export-roasts_PR-8662.xls
715,204.1,10.0,export-roasts_PR-8662.xls
716,204.1,10.0,export-roasts_PR-8662.xls
717,204.3,10.0,export-roasts_PR-8662.xls
718,204.3,10.0,export-roasts_PR-8662.xls
719,204.5,10.0,export-roasts_PR-8662.xls
720,204.5,10.0,export-roasts_PR-8662.xls
721,204.6,10.0,export-roasts_PR-8662.xls
722,204.8,10.0,export-roasts_PR-8662.xls
723,204.9,10.0,export-roasts_PR-8662.xls
724,205.0,10.0,export-roasts_PR-8662.xls
725,205.2,10.0,export-roasts_PR-8662.xls
726,205.3,10.0,export-roasts_PR-8662.xls
727,205.5,10.0,export-roasts_PR-8662.xls
728,205.6,10.0,export-roasts_PR-8662.xls
729,205.6,10.0,export-roasts_PR-8662.xls
730,205.8,10.0,export-roasts_PR-8662.xls
731,205.9,10.0,export-roasts_PR-8662.xls
732,206.0,10.0,export-roasts_PR-8662.xls
733,206.2,10.0,export-roasts_PR-8662.xls
734,206.3,10.0,export-roasts_PR-8662.xls
735,206.4,10.0,export-roasts_PR-8662.xls
736,206.6,10.0,export-roasts_PR-8662.xls
737,206.7,10.0,export-roasts_PR-8662.xls
738,206.9,10.0,export-roasts_PR-8662.xls
739,206.9,10.0,export-roasts_PR-8662.xls
740,207.0,10.0,export-roasts_PR-8662.xls
741,207.2,10.0,export-roasts_PR-8662.xls
742,207.3,10.0,export-roasts_PR-8662.xls
743,207.4,10.0,export-roasts_PR-8662.xls
744,207.4,10.0,export-roasts_PR-8662.xls
745,207.5,10.0,export-roasts_PR-8662.xls
746,207.5,10.0,export-roasts_PR-8662.xls
747,207.7,10.0,export-roasts_PR-8662.xls
748,207.7,10.0,export-roasts_PR-8662.xls
749,207.9,10.0,export-roasts_PR-8662.xls
750,207.9,10.0,export-roasts_PR-8662.xls
751,208.1,10.0,export-roasts_PR-8662.xls
752,208.1,10.0,export-roasts_PR-8662.xls
753,208.3,10.0,export-roasts_PR-8662.xls
754,208.4,10.0,export-roasts_PR-8662.xls
755,208.5,10.0,export-roasts_PR-8662.xls
756,208.6,10.0,export-roasts_PR-8662.xls
757,208.7,10.0,export-roasts_PR-8662.xls
758,208.8,10.0,export-roasts_PR-8662.xls
759,208.9,10.0,export-roasts_PR-8662.xls
760,209.0,10.0,export-roasts_PR-8662.xls
761,209.1,10.0,export-roasts_PR-8662.xls
762,209.2,10.0,export-roasts_PR-8662.xls
763,209.2,10.0,export-roasts_PR-8662.xls
764,209.3,10.0,export-roasts_PR-8662.xls
765,209.4,10.0,export-roasts_PR-8662.xls
766,209.5,10.0,export-roasts_PR-8662.xls
767,209.7,10.0,export-roasts_PR-8662.xls
768,209.8,10.0,export-roasts_PR-8662.xls
769,209.8,10.0,export-roasts_PR-8662.xls
770,209.9,10.0,export-roasts_PR-8662.xls
771,210.0,10.0,export-roasts_PR-8662.xls
772,210.1,10.0,export-roasts_PR-8662.xls
773,210.2,10.0,export-roasts_PR-8662.xls
774,210.3,10.0,export-roasts_PR-8662.xls
775,210.4,10.0,export-roasts_PR-8662.xls
776,210.5,10.0,export-roasts_PR-8662.xls
777,210.6,10.0,export-roasts_PR-8662.xls
778,210.7,10.0,export-roasts_PR-8662.xls
779,210.7,10.0,export-roasts_PR-8662.xls
780,210.8,10.0,export-roasts_PR-8662.xls
781,210.9,10.0,export-roasts_PR-8662.xls
782,211.1,10.0,export-roasts_PR-8662.xls
783,211.1,10.0,export-roasts_PR-8662.xls
784,211.2,10.0,export-roasts_PR-8662.xls
785,211.3,10.0,export-roasts_PR-8662.xls
786,211.5,10.0,export-roasts_PR-8662.xls
787,211.6,10.0,export-roasts_PR-8662.xls
788,211.7,10.0,export-roasts_PR-8662.xls
789,211.8,10.0,export-roasts_PR-8662.xls
790,211.9,10.0,export-roasts_PR-8662.xls
791,212.0,10.0,export-roasts_PR-8662.xls
792,212.1,10.0,export-roasts_PR-8662.xls
793,212.2,10.0,export-roasts_PR-8662.xls
794,212.3,10.0,export-roasts_PR-8662.xls
795,212.3,10.0,export-roasts_PR-8662.xls
796,212.4,10.0,export-roasts_PR-8662.xls
797,212.5,10.0,export-roasts_PR-8662.xls
798,212.6,10.0,export-roasts_PR-8662.xls
799,212.7,10.0,export-roasts_PR-8662.xls
800,212.8,10.0,export-roasts_PR-8662.xls
801,212.9,10.0,export-roasts_PR-8662.xls
802,213.1,10.0,export-roasts_PR-8662.xls
803,213.1,10.0,export-roasts_PR-8662.xls
804,213.2,10.0,export-roasts_PR-8662.xls
805,213.3,10.0,export-roasts_PR-8662.xls
806,213.4,10.0,export-roasts_PR-8662.xls
807,213.5,10.0,export-roasts_PR-8662.xls
808,213.6,10.0,export-roasts_PR-8662.xls
809,213.7,10.0,export-roasts_PR-8662.xls
810,213.8,10.0,export-roasts_PR-8662.xls
811,213.9,10.0,export-roasts_PR-8662.xls
812,214.0,10.0,export-roasts_PR-8662.xls
813,214.1,10.0,export-roasts_PR-8662.xls
814,214.2,10.0,export-roasts_PR-8662.xls
815,214.4,10.0,export-roasts_PR-8662.xls
816,214.4,10.0,export-roasts_PR-8662.xls
817,214.6,10.0,export-roasts_PR-8662.xls
818,214.8,10.0,export-roasts_PR-8662.xls
819,214.9,10.0,export-roasts_PR-8662.xls
820,215.0,10.0,export-roasts_PR-8662.xls
821,215.1,10.0,export-roasts_PR-8662.xls
822,215.2,10.0,export-roasts_PR-8662.xls
823,215.4,10.0,export-roasts_PR-8662.xls
824,215.5,10.0,export-roasts_PR-8662.xls
825,215.6,10.0,export-roasts_PR-8662.xls
826,215.7,10.0,export-roasts_PR-8662.xls
827,215.9,10.0,export-roasts_PR-8662.xls
828,216.0,10.0,export-roasts_PR-8662.xls
829,216.1,10.0,export-roasts_PR-8662.xls
830,216.2,10.0,export-roasts_PR-8662.xls
831,216.3,10.0,export-roasts_PR-8662.xls
832,216.4,10.0,export-roasts_PR-8662.xls
833,216.6,10.0,export-roasts_PR-8662.xls
834,216.6,10.0,export-roasts_PR-8662.xls
835,216.8,10.0,export-roasts_PR-8662.xls
836,216.8,10.0,export-roasts_PR-8662.xls
837,216.9,10.0,export-roasts_PR-8662.xls
838,217.0,10.0,export-roasts_PR-8662.xls
839,217.2,10.0,export-roasts_PR-8662.xls
840,217.3,10.0,export-roasts_PR-8662.xls
841,217.4,10.0,export-roasts_PR-8662.xls
0,222.1,0.0,export-roasts_PR-8671.xls
1,221.6,0.0,export-roasts_PR-8671.xls
2,217.3,0.0,export-roasts_PR-8671.xls
3,209.9,0.0,export-roasts_PR-8671.xls
4,200.7,0.0,export-roasts_PR-8671.xls
5,190.5,0.0,export-roasts_PR-8671.xls
6,179.8,0.0,export-roasts_PR-8671.xls
7,169.4,0.0,export-roasts_PR-8671.xls
8,159.6,0.0,export-roasts_PR-8671.xls
9,150.3,0.0,export-roasts_PR-8671.xls
10,141.6,0.0,export-roasts_PR-8671.xls
11,133.6,0.0,export-roasts_PR-8671.xls
12,126.2,0.0,export-roasts_PR-8671.xls
13,119.5,0.0,export-roasts_PR-8671.xls
14,113.3,0.0,export-roasts_PR-8671.xls
15,107.6,0.0,export-roasts_PR-8671.xls
16,102.3,0.0,export-roasts_PR-8671.xls
17,97.4,0.0,export-roasts_PR-8671.xls
18,93.0,0.0,export-roasts_PR-8671.xls
19,89.1,0.0,export-roasts_PR-8671.xls
20,85.5,0.0,export-roasts_PR-8671.xls
21,82.1,0.0,export-roasts_PR-8671.xls
22,79.1,0.0,export-roasts_PR-8671.xls
23,76.4,100.0,export-roasts_PR-8671.xls
24,73.9,100.0,export-roasts_PR-8671.xls
25,71.6,100.0,export-roasts_PR-8671.xls
26,69.6,100.0,export-roasts_PR-8671.xls
27,67.6,100.0,export-roasts_PR-8671.xls
28,66.0,100.0,export-roasts_PR-8671.xls
29,64.4,100.0,export-roasts_PR-8671.xls
30,63.1,100.0,export-roasts_PR-8671.xls
31,61.8,100.0,export-roasts_PR-8671.xls
32,60.7,100.0,export-roasts_PR-8671.xls
33,59.8,100.0,export-roasts_PR-8671.xls
34,58.9,100.0,export-roasts_PR-8671.xls
35,58.2,100.0,export-roasts_PR-8671.xls
36,57.5,100.0,export-roasts_PR-8671.xls
37,57.0,100.0,export-roasts_PR-8671.xls
38,56.5,100.0,export-roasts_PR-8671.xls
39,56.2,100.0,export-roasts_PR-8671.xls
40,55.9,100.0,export-roasts_PR-8671.xls
41,55.6,100.0,export-roasts_PR-8671.xls
42,55.5,100.0,export-roasts_PR-8671.xls
43,55.2,100.0,export-roasts_PR-8671.xls
44,55.1,100.0,export-roasts_PR-8671.xls
45,55.0,100.0,export-roasts_PR-8671.xls
46,55.0,100.0,export-roasts_PR-8671.xls
47,55.0,100.0,export-roasts_PR-8671.xls
48,55.1,100.0,export-roasts_PR-8671.xls
49,55.1,100.0,export-roasts_PR-8671.xls
50,55.3,100.0,export-roasts_PR-8671.xls
51,55.5,100.0,export-roasts_PR-8671.xls
52,55.6,100.0,export-roasts_PR-8671.xls
53,55.8,100.0,export-roasts_PR-8671.xls
54,56.0,100.0,export-roasts_PR-8671.xls
55,56.2,100.0,export-roasts_PR-8671.xls
56,56.5,100.0,export-roasts_PR-8671.xls
57,56.7,100.0,export-roasts_PR-8671.xls
58,57.0,100.0,export-roasts_PR-8671.xls
59,57.3,100.0,export-roasts_PR-8671.xls
60,57.6,100.0,export-roasts_PR-8671.xls
61,57.9,100.0,export-roasts_PR-8671.xls
62,58.3,100.0,export-roasts_PR-8671.xls
63,58.6,100.0,export-roasts_PR-8671.xls
64,58.9,100.0,export-roasts_PR-8671.xls
65,59.3,100.0,export-roasts_PR-8671.xls
66,59.7,100.0,export-roasts_PR-8671.xls
67,60.1,100.0,export-roasts_PR-8671.xls
68,60.5,100.0,export-roasts_PR-8671.xls
69,60.8,100.0,export-roasts_PR-8671.xls
70,61.3,100.0,export-roasts_PR-8671.xls
71,61.7,100.0,export-roasts_PR-8671.xls
72,62.2,100.0,export-roasts_PR-8671.xls
73,62.5,100.0,export-roasts_PR-8671.xls
74,63.0,100.0,export-roasts_PR-8671.xls
75,63.4,100.0,export-roasts_PR-8671.xls
76,63.8,100.0,export-roasts_PR-8671.xls
77,64.3,100.0,export-roasts_PR-8671.xls
78,64.7,100.0,export-roasts_PR-8671.xls
79,65.1,100.0,export-roasts_PR-8671.xls
80,65.5,100.0,export-roasts_PR-8671.xls
81,66.0,100.0,export-roasts_PR-8671.xls
82,66.4,100.0,export-roasts_PR-8671.xls
83,66.8,100.0,export-roasts_PR-8671.xls
84,67.2,100.0,export-roasts_PR-8671.xls
85,67.7,100.0,export-roasts_PR-8671.xls
86,68.1,100.0,export-roasts_PR-8671.xls
87,68.5,100.0,export-roasts_PR-8671.xls
88,68.9,100.0,export-roasts_PR-8671.xls
89,69.3,100.0,export-roasts_PR-8671.xls
90,69.8,100.0,export-roasts_PR-8671.xls
91,70.2,100.0,export-roasts_PR-8671.xls
92,70.6,100.0,export-roasts_PR-8671.xls
93,71.0,100.0,export-roasts_PR-8671.xls
94,71.4,100.0,export-roasts_PR-8671.xls
95,71.8,100.0,export-roasts_PR-8671.xls
96,72.1,100.0,export-roasts_PR-8671.xls
97,72.5,100.0,export-roasts_PR-8671.xls
98,72.9,100.0,export-roasts_PR-8671.xls
99,73.3,100.0,export-roasts_PR-8671.xls
100,73.7,100.0,export-roasts_PR-8671.xls
101,74.1,100.0,export-roasts_PR-8671.xls
102,74.5,100.0,export-roasts_PR-8671.xls
103,74.8,100.0,export-roasts_PR-8671.xls
104,74.8,100.0,export-roasts_PR-8671.xls
105,74.8,100.0,export-roasts_PR-8671.xls
106,74.8,100.0,export-roasts_PR-8671.xls
107,74.8,100.0,export-roasts_PR-8671.xls
108,74.8,100.0,export-roasts_PR-8671.xls
109,74.8,100.0,export-roasts_PR-8671.xls
110,74.8,100.0,export-roasts_PR-8671.xls
111,77.9,100.0,export-roasts_PR-8671.xls
112,78.4,100.0,export-roasts_PR-8671.xls
113,78.7,100.0,export-roasts_PR-8671.xls
114,79.1,100.0,export-roasts_PR-8671.xls
115,79.5,100.0,export-roasts_PR-8671.xls
116,79.9,100.0,export-roasts_PR-8671.xls
117,80.3,100.0,export-roasts_PR-8671.xls
118,80.6,100.0,export-roasts_PR-8671.xls
119,81.0,100.0,export-roasts_PR-8671.xls
120,81.4,100.0,export-roasts_PR-8671.xls
121,81.7,100.0,export-roasts_PR-8671.xls
122,82.1,100.0,export-roasts_PR-8671.xls
123,82.5,100.0,export-roasts_PR-8671.xls
124,82.8,100.0,export-roasts_PR-8671.xls
125,83.3,100.0,export-roasts_PR-8671.xls
126,83.7,100.0,export-roasts_PR-8671.xls
127,84.1,100.0,export-roasts_PR-8671.xls
128,84.4,100.0,export-roasts_PR-8671.xls
129,84.8,100.0,export-roasts_PR-8671.xls
130,85.1,100.0,export-roasts_PR-8671.xls
131,85.5,100.0,export-roasts_PR-8671.xls
132,85.9,100.0,export-roasts_PR-8671.xls
133,86.3,100.0,export-roasts_PR-8671.xls
134,86.6,100.0,export-roasts_PR-8671.xls
135,87.0,100.0,export-roasts_PR-8671.xls
136,87.4,100.0,export-roasts_PR-8671.xls
137,87.7,100.0,export-roasts_PR-8671.xls
138,88.1,100.0,export-roasts_PR-8671.xls
139,88.4,100.0,export-roasts_PR-8671.xls
140,88.7,100.0,export-roasts_PR-8671.xls
141,89.0,100.0,export-roasts_PR-8671.xls
142,89.4,100.0,export-roasts_PR-8671.xls
143,89.7,100.0,export-roasts_PR-8671.xls
144,90.0,100.0,export-roasts_PR-8671.xls
145,90.3,100.0,export-roasts_PR-8671.xls
146,90.6,100.0,export-roasts_PR-8671.xls
147,90.9,100.0,export-roasts_PR-8671.xls
148,91.2,100.0,export-roasts_PR-8671.xls
149,91.5,100.0,export-roasts_PR-8671.xls
150,91.7,100.0,export-roasts_PR-8671.xls
151,92.1,100.0,export-roasts_PR-8671.xls
152,92.4,100.0,export-roasts_PR-8671.xls
153,92.7,100.0,export-roasts_PR-8671.xls
154,93.1,100.0,export-roasts_PR-8671.xls
155,93.4,100.0,export-roasts_PR-8671.xls
156,93.7,100.0,export-roasts_PR-8671.xls
157,94.0,100.0,export-roasts_PR-8671.xls
158,94.3,100.0,export-roasts_PR-8671.xls
159,94.7,100.0,export-roasts_PR-8671.xls
160,94.9,100.0,export-roasts_PR-8671.xls
161,95.3,100.0,export-roasts_PR-8671.xls
162,95.6,100.0,export-roasts_PR-8671.xls
163,95.9,100.0,export-roasts_PR-8671.xls
164,96.2,100.0,export-roasts_PR-8671.xls
165,96.5,100.0,export-roasts_PR-8671.xls
166,96.8,100.0,export-roasts_PR-8671.xls
167,97.1,100.0,export-roasts_PR-8671.xls
168,97.4,100.0,export-roasts_PR-8671.xls
169,97.8,100.0,export-roasts_PR-8671.xls
170,98.0,100.0,export-roasts_PR-8671.xls
171,98.4,100.0,export-roasts_PR-8671.xls
172,98.6,100.0,export-roasts_PR-8671.xls
173,98.9,100.0,export-roasts_PR-8671.xls
174,99.3,100.0,export-roasts_PR-8671.xls
175,99.5,100.0,export-roasts_PR-8671.xls
176,99.8,100.0,export-roasts_PR-8671.xls
177,100.2,100.0,export-roasts_PR-8671.xls
178,100.4,100.0,export-roasts_PR-8671.xls
179,100.7,100.0,export-roasts_PR-8671.xls
180,101.0,100.0,export-roasts_PR-8671.xls
181,101.3,100.0,export-roasts_PR-8671.xls
182,101.6,100.0,export-roasts_PR-8671.xls
183,101.8,100.0,export-roasts_PR-8671.xls
184,102.1,100.0,export-roasts_PR-8671.xls
185,102.4,100.0,export-roasts_PR-8671.xls
186,102.7,100.0,export-roasts_PR-8671.xls
187,103.0,100.0,export-roasts_PR-8671.xls
188,103.3,100.0,export-roasts_PR-8671.xls
189,103.6,100.0,export-roasts_PR-8671.xls
190,103.9,100.0,export-roasts_PR-8671.xls
191,104.2,100.0,export-roasts_PR-8671.xls
192,104.5,100.0,export-roasts_PR-8671.xls
193,104.8,100.0,export-roasts_PR-8671.xls
194,105.1,100.0,export-roasts_PR-8671.xls
195,105.3,100.0,export-roasts_PR-8671.xls
196,105.6,100.0,export-roasts_PR-8671.xls
197,105.9,100.0,export-roasts_PR-8671.xls
198,106.2,100.0,export-roasts_PR-8671.xls
199,106.5,100.0,export-roasts_PR-8671.xls
200,106.7,100.0,export-roasts_PR-8671.xls
201,107.0,100.0,export-roasts_PR-8671.xls
202,107.3,100.0,export-roasts_PR-8671.xls
203,107.6,100.0,export-roasts_PR-8671.xls
204,107.9,100.0,export-roasts_PR-8671.xls
205,108.1,100.0,export-roasts_PR-8671.xls
206,108.4,100.0,export-roasts_PR-8671.xls
207,108.7,100.0,export-roasts_PR-8671.xls
208,108.9,100.0,export-roasts_PR-8671.xls
209,109.3,100.0,export-roasts_PR-8671.xls
210,109.5,100.0,export-roasts_PR-8671.xls
211,109.7,100.0,export-roasts_PR-8671.xls
212,110.0,100.0,export-roasts_PR-8671.xls
213,110.3,100.0,export-roasts_PR-8671.xls
214,110.6,100.0,export-roasts_PR-8671.xls
215,110.8,100.0,export-roasts_PR-8671.xls
216,111.1,100.0,export-roasts_PR-8671.xls
217,111.4,100.0,export-roasts_PR-8671.xls
218,111.7,100.0,export-roasts_PR-8671.xls
219,112.0,100.0,export-roasts_PR-8671.xls
220,112.2,100.0,export-roasts_PR-8671.xls
221,112.5,100.0,export-roasts_PR-8671.xls
222,112.7,100.0,export-roasts_PR-8671.xls
223,113.0,100.0,export-roasts_PR-8671.xls
224,113.3,100.0,export-roasts_PR-8671.xls
225,113.6,100.0,export-roasts_PR-8671.xls
226,113.8,100.0,export-roasts_PR-8671.xls
227,114.1,100.0,export-roasts_PR-8671.xls
228,114.4,100.0,export-roasts_PR-8671.xls
229,114.6,100.0,export-roasts_PR-8671.xls
230,114.9,100.0,export-roasts_PR-8671.xls
231,115.2,100.0,export-roasts_PR-8671.xls
232,115.5,100.0,export-roasts_PR-8671.xls
233,115.7,100.0,export-roasts_PR-8671.xls
234,116.0,100.0,export-roasts_PR-8671.xls
235,116.2,100.0,export-roasts_PR-8671.xls
236,116.5,100.0,export-roasts_PR-8671.xls
237,116.7,100.0,export-roasts_PR-8671.xls
238,117.0,100.0,export-roasts_PR-8671.xls
239,117.3,100.0,export-roasts_PR-8671.xls
240,117.5,100.0,export-roasts_PR-8671.xls
241,117.8,100.0,export-roasts_PR-8671.xls
242,118.1,100.0,export-roasts_PR-8671.xls
243,118.3,100.0,export-roasts_PR-8671.xls
244,118.6,100.0,export-roasts_PR-8671.xls
245,118.9,100.0,export-roasts_PR-8671.xls
246,119.2,100.0,export-roasts_PR-8671.xls
247,119.4,100.0,export-roasts_PR-8671.xls
248,119.7,100.0,export-roasts_PR-8671.xls
249,119.9,100.0,export-roasts_PR-8671.xls
250,120.2,100.0,export-roasts_PR-8671.xls
251,120.4,100.0,export-roasts_PR-8671.xls
252,120.6,100.0,export-roasts_PR-8671.xls
253,120.9,100.0,export-roasts_PR-8671.xls
254,121.2,100.0,export-roasts_PR-8671.xls
255,121.3,100.0,export-roasts_PR-8671.xls
256,121.6,100.0,export-roasts_PR-8671.xls
257,121.8,100.0,export-roasts_PR-8671.xls
258,122.1,100.0,export-roasts_PR-8671.xls
259,122.3,100.0,export-roasts_PR-8671.xls
260,122.6,100.0,export-roasts_PR-8671.xls
261,122.8,100.0,export-roasts_PR-8671.xls
262,123.1,100.0,export-roasts_PR-8671.xls
263,123.3,100.0,export-roasts_PR-8671.xls
264,123.6,100.0,export-roasts_PR-8671.xls
265,123.8,100.0,export-roasts_PR-8671.xls
266,124.1,100.0,export-roasts_PR-8671.xls
267,124.3,100.0,export-roasts_PR-8671.xls
268,124.6,100.0,export-roasts_PR-8671.xls
269,124.9,100.0,export-roasts_PR-8671.xls
270,125.2,100.0,export-roasts_PR-8671.xls
271,125.5,100.0,export-roasts_PR-8671.xls
272,125.7,100.0,export-roasts_PR-8671.xls
273,125.9,100.0,export-roasts_PR-8671.xls
274,126.1,100.0,export-roasts_PR-8671.xls
275,126.4,100.0,export-roasts_PR-8671.xls
276,126.6,100.0,export-roasts_PR-8671.xls
277,126.9,100.0,export-roasts_PR-8671.xls
278,127.1,100.0,export-roasts_PR-8671.xls
279,127.4,100.0,export-roasts_PR-8671.xls
280,127.6,100.0,export-roasts_PR-8671.xls
281,127.9,100.0,export-roasts_PR-8671.xls
282,128.1,100.0,export-roasts_PR-8671.xls
283,128.3,100.0,export-roasts_PR-8671.xls
284,128.6,100.0,export-roasts_PR-8671.xls
285,128.9,100.0,export-roasts_PR-8671.xls
286,129.1,100.0,export-roasts_PR-8671.xls
287,129.3,100.0,export-roasts_PR-8671.xls
288,129.6,100.0,export-roasts_PR-8671.xls
289,129.8,100.0,export-roasts_PR-8671.xls
290,130.0,100.0,export-roasts_PR-8671.xls
291,130.2,100.0,export-roasts_PR-8671.xls
292,130.4,100.0,export-roasts_PR-8671.xls
293,130.7,100.0,export-roasts_PR-8671.xls
294,130.9,100.0,export-roasts_PR-8671.xls
295,131.2,100.0,export-roasts_PR-8671.xls
296,131.5,100.0,export-roasts_PR-8671.xls
297,131.7,100.0,export-roasts_PR-8671.xls
298,132.0,100.0,export-roasts_PR-8671.xls
299,132.2,100.0,export-roasts_PR-8671.xls
300,132.4,100.0,export-roasts_PR-8671.xls
301,132.7,100.0,export-roasts_PR-8671.xls
302,132.9,100.0,export-roasts_PR-8671.xls
303,133.2,100.0,export-roasts_PR-8671.xls
304,133.4,100.0,export-roasts_PR-8671.xls
305,133.6,100.0,export-roasts_PR-8671.xls
306,133.9,100.0,export-roasts_PR-8671.xls
307,134.1,100.0,export-roasts_PR-8671.xls
308,134.3,100.0,export-roasts_PR-8671.xls
309,134.5,100.0,export-roasts_PR-8671.xls
310,134.7,100.0,export-roasts_PR-8671.xls
311,135.0,100.0,export-roasts_PR-8671.xls
312,135.3,100.0,export-roasts_PR-8671.xls
313,135.5,100.0,export-roasts_PR-8671.xls
314,135.7,100.0,export-roasts_PR-8671.xls
315,135.9,100.0,export-roasts_PR-8671.xls
316,136.1,100.0,export-roasts_PR-8671.xls
317,136.4,100.0,export-roasts_PR-8671.xls
318,136.6,100.0,export-roasts_PR-8671.xls
319,136.9,100.0,export-roasts_PR-8671.xls
320,137.1,100.0,export-roasts_PR-8671.xls
321,137.3,100.0,export-roasts_PR-8671.xls
322,137.6,100.0,export-roasts_PR-8671.xls
323,137.8,100.0,export-roasts_PR-8671.xls
324,138.0,100.0,export-roasts_PR-8671.xls
325,138.2,100.0,export-roasts_PR-8671.xls
326,138.4,100.0,export-roasts_PR-8671.xls
327,138.7,100.0,export-roasts_PR-8671.xls
328,138.9,100.0,export-roasts_PR-8671.xls
329,139.2,100.0,export-roasts_PR-8671.xls
330,139.4,100.0,export-roasts_PR-8671.xls
331,139.6,100.0,export-roasts_PR-8671.xls
332,139.8,100.0,export-roasts_PR-8671.xls
333,140.1,100.0,export-roasts_PR-8671.xls
334,140.3,100.0,export-roasts_PR-8671.xls
335,140.5,100.0,export-roasts_PR-8671.xls
336,140.7,100.0,export-roasts_PR-8671.xls
337,141.0,100.0,export-roasts_PR-8671.xls
338,141.2,100.0,export-roasts_PR-8671.xls
339,141.4,100.0,export-roasts_PR-8671.xls
340,141.6,100.0,export-roasts_PR-8671.xls
341,141.8,100.0,export-roasts_PR-8671.xls
342,142.1,100.0,export-roasts_PR-8671.xls
343,142.4,100.0,export-roasts_PR-8671.xls
344,142.6,100.0,export-roasts_PR-8671.xls
345,142.8,100.0,export-roasts_PR-8671.xls
346,143.1,100.0,export-roasts_PR-8671.xls
347,143.3,100.0,export-roasts_PR-8671.xls
348,143.5,100.0,export-roasts_PR-8671.xls
349,143.7,100.0,export-roasts_PR-8671.xls
350,143.9,100.0,export-roasts_PR-8671.xls
351,144.1,100.0,export-roasts_PR-8671.xls
352,144.3,100.0,export-roasts_PR-8671.xls
353,144.5,100.0,export-roasts_PR-8671.xls
354,144.7,100.0,export-roasts_PR-8671.xls
355,145.0,100.0,export-roasts_PR-8671.xls
356,145.2,100.0,export-roasts_PR-8671.xls
357,145.4,100.0,export-roasts_PR-8671.xls
358,145.6,100.0,export-roasts_PR-8671.xls
359,145.8,100.0,export-roasts_PR-8671.xls
360,146.0,100.0,export-roasts_PR-8671.xls
361,146.2,100.0,export-roasts_PR-8671.xls
362,146.4,100.0,export-roasts_PR-8671.xls
363,146.5,100.0,export-roasts_PR-8671.xls
364,146.8,100.0,export-roasts_PR-8671.xls
365,147.0,100.0,export-roasts_PR-8671.xls
366,147.3,100.0,export-roasts_PR-8671.xls
367,147.5,100.0,export-roasts_PR-8671.xls
368,147.7,100.0,export-roasts_PR-8671.xls
369,147.9,100.0,export-roasts_PR-8671.xls
370,148.1,100.0,export-roasts_PR-8671.xls
371,148.3,100.0,export-roasts_PR-8671.xls
372,148.5,100.0,export-roasts_PR-8671.xls
373,148.7,100.0,export-roasts_PR-8671.xls
374,148.9,100.0,export-roasts_PR-8671.xls
375,149.2,100.0,export-roasts_PR-8671.xls
376,149.4,100.0,export-roasts_PR-8671.xls
377,149.6,100.0,export-roasts_PR-8671.xls
378,149.8,100.0,export-roasts_PR-8671.xls
379,150.0,100.0,export-roasts_PR-8671.xls
380,150.2,100.0,export-roasts_PR-8671.xls
381,150.4,100.0,export-roasts_PR-8671.xls
382,150.6,100.0,export-roasts_PR-8671.xls
383,150.8,100.0,export-roasts_PR-8671.xls
384,151.1,100.0,export-roasts_PR-8671.xls
385,151.2,100.0,export-roasts_PR-8671.xls
386,151.4,100.0,export-roasts_PR-8671.xls
387,151.6,100.0,export-roasts_PR-8671.xls
388,151.9,100.0,export-roasts_PR-8671.xls
389,152.0,100.0,export-roasts_PR-8671.xls
390,152.2,100.0,export-roasts_PR-8671.xls
391,152.4,100.0,export-roasts_PR-8671.xls
392,152.6,100.0,export-roasts_PR-8671.xls
393,152.9,100.0,export-roasts_PR-8671.xls
394,153.1,100.0,export-roasts_PR-8671.xls
395,153.4,100.0,export-roasts_PR-8671.xls
396,153.6,100.0,export-roasts_PR-8671.xls
397,153.8,100.0,export-roasts_PR-8671.xls
398,154.0,100.0,export-roasts_PR-8671.xls
399,154.2,100.0,export-roasts_PR-8671.xls
400,154.4,100.0,export-roasts_PR-8671.xls
401,154.6,100.0,export-roasts_PR-8671.xls
402,154.8,100.0,export-roasts_PR-8671.xls
403,155.0,100.0,export-roasts_PR-8671.xls
404,155.3,100.0,export-roasts_PR-8671.xls
405,155.5,100.0,export-roasts_PR-8671.xls
406,155.6,100.0,export-roasts_PR-8671.xls
407,155.9,100.0,export-roasts_PR-8671.xls
408,156.1,100.0,export-roasts_PR-8671.xls
409,156.3,100.0,export-roasts_PR-8671.xls
410,156.5,100.0,export-roasts_PR-8671.xls
411,156.7,100.0,export-roasts_PR-8671.xls
412,156.9,100.0,export-roasts_PR-8671.xls
413,157.2,100.0,export-roasts_PR-8671.xls
414,157.4,100.0,export-roasts_PR-8671.xls
415,157.6,100.0,export-roasts_PR-8671.xls
416,157.8,100.0,export-roasts_PR-8671.xls
417,157.9,100.0,export-roasts_PR-8671.xls
418,158.1,100.0,export-roasts_PR-8671.xls
419,158.4,100.0,export-roasts_PR-8671.xls
420,158.6,100.0,export-roasts_PR-8671.xls
421,158.8,100.0,export-roasts_PR-8671.xls
422,159.0,100.0,export-roasts_PR-8671.xls
423,159.2,100.0,export-roasts_PR-8671.xls
424,159.4,100.0,export-roasts_PR-8671.xls
425,159.7,100.0,export-roasts_PR-8671.xls
426,159.9,100.0,export-roasts_PR-8671.xls
427,160.1,100.0,export-roasts_PR-8671.xls
428,160.3,100.0,export-roasts_PR-8671.xls
429,160.5,100.0,export-roasts_PR-8671.xls
430,160.8,100.0,export-roasts_PR-8671.xls
431,161.0,100.0,export-roasts_PR-8671.xls
432,161.2,100.0,export-roasts_PR-8671.xls
433,161.4,100.0,export-roasts_PR-8671.xls
434,161.6,100.0,export-roasts_PR-8671.xls
435,161.8,100.0,export-roasts_PR-8671.xls
436,162.0,100.0,export-roasts_PR-8671.xls
437,162.2,100.0,export-roasts_PR-8671.xls
438,162.5,100.0,export-roasts_PR-8671.xls
439,162.7,100.0,export-roasts_PR-8671.xls
440,162.9,100.0,export-roasts_PR-8671.xls
441,163.1,100.0,export-roasts_PR-8671.xls
442,163.3,100.0,export-roasts_PR-8671.xls
443,163.6,100.0,export-roasts_PR-8671.xls
444,163.8,100.0,export-roasts_PR-8671.xls
445,163.9,100.0,export-roasts_PR-8671.xls
446,164.1,100.0,export-roasts_PR-8671.xls
447,164.4,100.0,export-roasts_PR-8671.xls
448,164.5,100.0,export-roasts_PR-8671.xls
449,164.7,100.0,export-roasts_PR-8671.xls
450,164.9,100.0,export-roasts_PR-8671.xls
451,165.1,100.0,export-roasts_PR-8671.xls
452,165.3,100.0,export-roasts_PR-8671.xls
453,165.5,100.0,export-roasts_PR-8671.xls
454,165.7,100.0,export-roasts_PR-8671.xls
455,165.9,100.0,export-roasts_PR-8671.xls
456,166.0,100.0,export-roasts_PR-8671.xls
457,166.3,100.0,export-roasts_PR-8671.xls
458,166.5,100.0,export-roasts_PR-8671.xls
459,166.7,100.0,export-roasts_PR-8671.xls
460,167.0,100.0,export-roasts_PR-8671.xls
461,167.2,100.0,export-roasts_PR-8671.xls
462,167.4,100.0,export-roasts_PR-8671.xls
463,167.6,100.0,export-roasts_PR-8671.xls
464,167.9,100.0,export-roasts_PR-8671.xls
465,168.0,100.0,export-roasts_PR-8671.xls
466,168.2,100.0,export-roasts_PR-8671.xls
467,168.4,100.0,export-roasts_PR-8671.xls
468,168.6,100.0,export-roasts_PR-8671.xls
469,168.8,100.0,export-roasts_PR-8671.xls
470,169.0,100.0,export-roasts_PR-8671.xls
471,169.2,100.0,export-roasts_PR-8671.xls
472,169.4,100.0,export-roasts_PR-8671.xls
473,169.6,100.0,export-roasts_PR-8671.xls
474,169.8,100.0,export-roasts_PR-8671.xls
475,170.0,100.0,export-roasts_PR-8671.xls
476,170.2,100.0,export-roasts_PR-8671.xls
477,170.5,100.0,export-roasts_PR-8671.xls
478,170.6,100.0,export-roasts_PR-8671.xls
479,170.9,100.0,export-roasts_PR-8671.xls
480,171.1,100.0,export-roasts_PR-8671.xls
481,171.3,100.0,export-roasts_PR-8671.xls
482,171.5,100.0,export-roasts_PR-8671.xls
483,171.7,100.0,export-roasts_PR-8671.xls
484,171.9,100.0,export-roasts_PR-8671.xls
485,172.1,100.0,export-roasts_PR-8671.xls
486,172.3,100.0,export-roasts_PR-8671.xls
487,172.5,100.0,export-roasts_PR-8671.xls
488,172.7,100.0,export-roasts_PR-8671.xls
489,172.9,100.0,export-roasts_PR-8671.xls
490,173.1,100.0,export-roasts_PR-8671.xls
491,173.3,100.0,export-roasts_PR-8671.xls
492,173.6,100.0,export-roasts_PR-8671.xls
493,173.7,100.0,export-roasts_PR-8671.xls
494,173.9,100.0,export-roasts_PR-8671.xls
495,174.1,100.0,export-roasts_PR-8671.xls
496,174.3,100.0,export-roasts_PR-8671.xls
497,174.5,100.0,export-roasts_PR-8671.xls
498,174.6,100.0,export-roasts_PR-8671.xls
499,174.9,100.0,export-roasts_PR-8671.xls
500,175.1,100.0,export-roasts_PR-8671.xls
501,175.3,100.0,export-roasts_PR-8671.xls
502,175.6,100.0,export-roasts_PR-8671.xls
503,175.8,100.0,export-roasts_PR-8671.xls
504,176.0,90.0,export-roasts_PR-8671.xls
505,176.2,90.0,export-roasts_PR-8671.xls
506,176.4,90.0,export-roasts_PR-8671.xls
507,176.6,90.0,export-roasts_PR-8671.xls
508,176.9,90.0,export-roasts_PR-8671.xls
509,177.0,90.0,export-roasts_PR-8671.xls
510,177.3,90.0,export-roasts_PR-8671.xls
511,177.4,90.0,export-roasts_PR-8671.xls
512,177.6,90.0,export-roasts_PR-8671.xls
513,177.9,90.0,export-roasts_PR-8671.xls
514,178.0,90.0,export-roasts_PR-8671.xls
515,178.2,90.0,export-roasts_PR-8671.xls
516,178.5,90.0,export-roasts_PR-8671.xls
517,178.7,90.0,export-roasts_PR-8671.xls
518,178.9,90.0,export-roasts_PR-8671.xls
519,179.2,90.0,export-roasts_PR-8671.xls
520,179.3,90.0,export-roasts_PR-8671.xls
521,179.6,90.0,export-roasts_PR-8671.xls
522,179.8,90.0,export-roasts_PR-8671.xls
523,180.1,90.0,export-roasts_PR-8671.xls
524,180.3,90.0,export-roasts_PR-8671.xls
525,180.5,90.0,export-roasts_PR-8671.xls
526,180.7,90.0,export-roasts_PR-8671.xls
527,181.0,90.0,export-roasts_PR-8671.xls
528,181.2,90.0,export-roasts_PR-8671.xls
529,181.4,90.0,export-roasts_PR-8671.xls
530,181.7,90.0,export-roasts_PR-8671.xls
531,181.9,90.0,export-roasts_PR-8671.xls
532,182.1,90.0,export-roasts_PR-8671.xls
533,182.3,90.0,export-roasts_PR-8671.xls
534,182.6,90.0,export-roasts_PR-8671.xls
535,182.8,90.0,export-roasts_PR-8671.xls
536,183.0,90.0,export-roasts_PR-8671.xls
537,183.2,90.0,export-roasts_PR-8671.xls
538,183.4,90.0,export-roasts_PR-8671.xls
539,183.6,90.0,export-roasts_PR-8671.xls
540,183.8,90.0,export-roasts_PR-8671.xls
541,184.1,90.0,export-roasts_PR-8671.xls
542,184.3,90.0,export-roasts_PR-8671.xls
543,184.5,90.0,export-roasts_PR-8671.xls
544,184.7,90.0,export-roasts_PR-8671.xls
545,184.9,90.0,export-roasts_PR-8671.xls
546,185.0,90.0,export-roasts_PR-8671.xls
547,185.3,90.0,export-roasts_PR-8671.xls
548,185.4,90.0,export-roasts_PR-8671.xls
549,185.6,90.0,export-roasts_PR-8671.xls
550,185.7,90.0,export-roasts_PR-8671.xls
551,186.0,90.0,export-roasts_PR-8671.xls
552,186.1,90.0,export-roasts_PR-8671.xls
553,186.3,90.0,export-roasts_PR-8671.xls
554,186.5,90.0,export-roasts_PR-8671.xls
555,186.8,90.0,export-roasts_PR-8671.xls
556,187.0,90.0,export-roasts_PR-8671.xls
557,187.2,90.0,export-roasts_PR-8671.xls
558,187.4,90.0,export-roasts_PR-8671.xls
559,187.6,90.0,export-roasts_PR-8671.xls
560,187.8,90.0,export-roasts_PR-8671.xls
561,188.0,90.0,export-roasts_PR-8671.xls
562,188.2,90.0,export-roasts_PR-8671.xls
563,188.4,90.0,export-roasts_PR-8671.xls
564,188.6,90.0,export-roasts_PR-8671.xls
565,188.8,90.0,export-roasts_PR-8671.xls
566,189.0,90.0,export-roasts_PR-8671.xls
567,189.2,90.0,export-roasts_PR-8671.xls
568,189.4,90.0,export-roasts_PR-8671.xls
569,189.7,90.0,export-roasts_PR-8671.xls
570,189.9,90.0,export-roasts_PR-8671.xls
571,190.1,90.0,export-roasts_PR-8671.xls
572,190.3,90.0,export-roasts_PR-8671.xls
573,190.5,90.0,export-roasts_PR-8671.xls
574,190.8,90.0,export-roasts_PR-8671.xls
575,191.0,90.0,export-roasts_PR-8671.xls
576,191.2,90.0,export-roasts_PR-8671.xls
577,191.5,90.0,export-roasts_PR-8671.xls
578,191.7,0.0,export-roasts_PR-8671.xls
579,191.9,0.0,export-roasts_PR-8671.xls
580,192.1,0.0,export-roasts_PR-8671.xls
581,192.3,0.0,export-roasts_PR-8671.xls
582,192.5,0.0,export-roasts_PR-8671.xls
583,192.8,0.0,export-roasts_PR-8671.xls
584,193.0,0.0,export-roasts_PR-8671.xls
585,193.2,0.0,export-roasts_PR-8671.xls
586,193.4,0.0,export-roasts_PR-8671.xls
587,193.6,0.0,export-roasts_PR-8671.xls
588,193.8,0.0,export-roasts_PR-8671.xls
589,194.0,0.0,export-roasts_PR-8671.xls
590,194.1,0.0,export-roasts_PR-8671.xls
591,194.4,0.0,export-roasts_PR-8671.xls
592,194.6,0.0,export-roasts_PR-8671.xls
593,194.7,0.0,export-roasts_PR-8671.xls
594,194.9,0.0,export-roasts_PR-8671.xls
595,195.0,0.0,export-roasts_PR-8671.xls
596,195.2,0.0,export-roasts_PR-8671.xls
597,195.3,0.0,export-roasts_PR-8671.xls
598,195.5,0.0,export-roasts_PR-8671.xls
599,195.6,0.0,export-roasts_PR-8671.xls
600,195.7,0.0,export-roasts_PR-8671.xls
601,195.8,0.0,export-roasts_PR-8671.xls
602,195.9,0.0,export-roasts_PR-8671.xls
603,196.1,0.0,export-roasts_PR-8671.xls
604,196.2,0.0,export-roasts_PR-8671.xls
605,196.4,0.0,export-roasts_PR-8671.xls
606,196.5,0.0,export-roasts_PR-8671.xls
607,196.6,0.0,export-roasts_PR-8671.xls
608,196.7,0.0,export-roasts_PR-8671.xls
609,196.8,0.0,export-roasts_PR-8671.xls
610,196.9,0.0,export-roasts_PR-8671.xls
611,197.0,0.0,export-roasts_PR-8671.xls
612,197.2,0.0,export-roasts_PR-8671.xls
613,197.3,0.0,export-roasts_PR-8671.xls
614,197.4,0.0,export-roasts_PR-8671.xls
615,197.5,0.0,export-roasts_PR-8671.xls
616,197.6,0.0,export-roasts_PR-8671.xls
617,197.7,0.0,export-roasts_PR-8671.xls
618,197.8,0.0,export-roasts_PR-8671.xls
619,197.9,0.0,export-roasts_PR-8671.xls
620,197.9,0.0,export-roasts_PR-8671.xls
621,198.1,0.0,export-roasts_PR-8671.xls
622,198.2,0.0,export-roasts_PR-8671.xls
623,198.3,0.0,export-roasts_PR-8671.xls
624,198.4,0.0,export-roasts_PR-8671.xls
625,198.5,0.0,export-roasts_PR-8671.xls
626,198.7,0.0,export-roasts_PR-8671.xls
627,198.8,0.0,export-roasts_PR-8671.xls
628,198.9,0.0,export-roasts_PR-8671.xls
629,199.0,0.0,export-roasts_PR-8671.xls
630,199.1,0.0,export-roasts_PR-8671.xls
631,199.3,0.0,export-roasts_PR-8671.xls
632,199.3,0.0,export-roasts_PR-8671.xls
633,199.4,0.0,export-roasts_PR-8671.xls
634,199.6,0.0,export-roasts_PR-8671.xls
635,199.6,0.0,export-roasts_PR-8671.xls
636,199.7,0.0,export-roasts_PR-8671.xls
637,199.8,0.0,export-roasts_PR-8671.xls
638,199.9,0.0,export-roasts_PR-8671.xls
639,199.9,0.0,export-roasts_PR-8671.xls
640,200.0,0.0,export-roasts_PR-8671.xls
641,200.1,0.0,export-roasts_PR-8671.xls
642,200.2,0.0,export-roasts_PR-8671.xls
643,200.3,0.0,export-roasts_PR-8671.xls
644,200.3,5.0,export-roasts_PR-8671.xls
645,200.5,5.0,export-roasts_PR-8671.xls
646,200.6,5.0,export-roasts_PR-8671.xls
647,200.7,5.0,export-roasts_PR-8671.xls
648,200.7,5.0,export-roasts_PR-8671.xls
649,200.8,5.0,export-roasts_PR-8671.xls
650,200.9,5.0,export-roasts_PR-8671.xls
651,201.0,5.0,export-roasts_PR-8671.xls
652,201.1,5.0,export-roasts_PR-8671.xls
653,201.2,5.0,export-roasts_PR-8671.xls
654,201.3,5.0,export-roasts_PR-8671.xls
655,201.3,5.0,export-roasts_PR-8671.xls
656,201.4,5.0,export-roasts_PR-8671.xls
657,201.5,5.0,export-roasts_PR-8671.xls
658,201.7,5.0,export-roasts_PR-8671.xls
659,201.8,5.0,export-roasts_PR-8671.xls
660,201.9,5.0,export-roasts_PR-8671.xls
661,202.0,5.0,export-roasts_PR-8671.xls
662,202.1,5.0,export-roasts_PR-8671.xls
663,202.2,5.0,export-roasts_PR-8671.xls
664,202.4,5.0,export-roasts_PR-8671.xls
665,202.5,5.0,export-roasts_PR-8671.xls
666,202.6,5.0,export-roasts_PR-8671.xls
667,202.7,5.0,export-roasts_PR-8671.xls
668,202.9,5.0,export-roasts_PR-8671.xls
669,203.0,5.0,export-roasts_PR-8671.xls
670,203.1,5.0,export-roasts_PR-8671.xls
671,203.1,5.0,export-roasts_PR-8671.xls
672,203.2,5.0,export-roasts_PR-8671.xls
673,203.3,5.0,export-roasts_PR-8671.xls
674,203.4,5.0,export-roasts_PR-8671.xls
675,203.6,5.0,export-roasts_PR-8671.xls
676,203.7,5.0,export-roasts_PR-8671.xls
677,203.7,5.0,export-roasts_PR-8671.xls
678,203.9,5.0,export-roasts_PR-8671.xls
679,204.0,5.0,export-roasts_PR-8671.xls
680,204.1,5.0,export-roasts_PR-8671.xls
681,204.2,5.0,export-roasts_PR-8671.xls
682,204.3,5.0,export-roasts_PR-8671.xls
683,204.4,5.0,export-roasts_PR-8671.xls
684,204.5,5.0,export-roasts_PR-8671.xls
685,204.6,5.0,export-roasts_PR-8671.xls
686,204.7,5.0,export-roasts_PR-8671.xls
687,204.8,5.0,export-roasts_PR-8671.xls
688,204.9,5.0,export-roasts_PR-8671.xls
689,205.0,5.0,export-roasts_PR-8671.xls
690,205.1,5.0,export-roasts_PR-8671.xls
691,205.2,5.0,export-roasts_PR-8671.xls
692,205.3,5.0,export-roasts_PR-8671.xls
693,205.5,5.0,export-roasts_PR-8671.xls
694,205.6,5.0,export-roasts_PR-8671.xls
695,205.7,5.0,export-roasts_PR-8671.xls
696,205.8,5.0,export-roasts_PR-8671.xls
697,205.9,5.0,export-roasts_PR-8671.xls
698,206.1,5.0,export-roasts_PR-8671.xls
699,206.1,5.0,export-roasts_PR-8671.xls
700,206.2,5.0,export-roasts_PR-8671.xls
701,206.3,10.0,export-roasts_PR-8671.xls
702,206.4,10.0,export-roasts_PR-8671.xls
703,206.5,10.0,export-roasts_PR-8671.xls
704,206.7,10.0,export-roasts_PR-8671.xls
705,206.8,10.0,export-roasts_PR-8671.xls
706,206.9,10.0,export-roasts_PR-8671.xls
707,206.9,10.0,export-roasts_PR-8671.xls
708,207.1,10.0,export-roasts_PR-8671.xls
709,207.1,10.0,export-roasts_PR-8671.xls
710,207.3,10.0,export-roasts_PR-8671.xls
711,207.4,10.0,export-roasts_PR-8671.xls
712,207.5,10.0,export-roasts_PR-8671.xls
713,207.6,10.0,export-roasts_PR-8671.xls
714,207.7,10.0,export-roasts_PR-8671.xls
715,207.7,10.0,export-roasts_PR-8671.xls
716,207.8,10.0,export-roasts_PR-8671.xls
717,207.9,10.0,export-roasts_PR-8671.xls
718,208.0,10.0,export-roasts_PR-8671.xls
719,208.0,10.0,export-roasts_PR-8671.xls
720,208.2,10.0,export-roasts_PR-8671.xls
721,208.3,10.0,export-roasts_PR-8671.xls
722,208.3,10.0,export-roasts_PR-8671.xls
723,208.4,10.0,export-roasts_PR-8671.xls
724,208.6,10.0,export-roasts_PR-8671.xls
725,208.6,10.0,export-roasts_PR-8671.xls
726,208.8,10.0,export-roasts_PR-8671.xls
727,208.9,10.0,export-roasts_PR-8671.xls
728,209.0,10.0,export-roasts_PR-8671.xls
729,209.1,10.0,export-roasts_PR-8671.xls
730,209.2,10.0,export-roasts_PR-8671.xls
731,209.3,10.0,export-roasts_PR-8671.xls
732,209.4,10.0,export-roasts_PR-8671.xls
733,209.5,10.0,export-roasts_PR-8671.xls
734,209.7,10.0,export-roasts_PR-8671.xls
735,209.7,10.0,export-roasts_PR-8671.xls
736,209.8,10.0,export-roasts_PR-8671.xls
737,209.9,10.0,export-roasts_PR-8671.xls
738,210.0,10.0,export-roasts_PR-8671.xls
739,210.1,10.0,export-roasts_PR-8671.xls
740,210.2,10.0,export-roasts_PR-8671.xls
741,210.3,10.0,export-roasts_PR-8671.xls
742,210.4,10.0,export-roasts_PR-8671.xls
743,210.5,10.0,export-roasts_PR-8671.xls
744,210.6,10.0,export-roasts_PR-8671.xls
745,210.7,10.0,export-roasts_PR-8671.xls
746,210.7,10.0,export-roasts_PR-8671.xls
747,210.9,10.0,export-roasts_PR-8671.xls
748,211.0,10.0,export-roasts_PR-8671.xls
749,211.1,10.0,export-roasts_PR-8671.xls
750,211.2,10.0,export-roasts_PR-8671.xls
751,211.2,10.0,export-roasts_PR-8671.xls
752,211.3,10.0,export-roasts_PR-8671.xls
753,211.4,10.0,export-roasts_PR-8671.xls
754,211.6,10.0,export-roasts_PR-8671.xls
755,211.7,10.0,export-roasts_PR-8671.xls
756,211.8,10.0,export-roasts_PR-8671.xls
757,211.8,10.0,export-roasts_PR-8671.xls
758,212.0,10.0,export-roasts_PR-8671.xls
759,212.1,10.0,export-roasts_PR-8671.xls
760,212.2,10.0,export-roasts_PR-8671.xls
761,212.3,10.0,export-roasts_PR-8671.xls
762,212.4,10.0,export-roasts_PR-8671.xls
763,212.5,10.0,export-roasts_PR-8671.xls
764,212.6,10.0,export-roasts_PR-8671.xls
765,212.8,10.0,export-roasts_PR-8671.xls
766,212.8,10.0,export-roasts_PR-8671.xls
767,212.9,5.0,export-roasts_PR-8671.xls
768,213.0,5.0,export-roasts_PR-8671.xls
769,213.1,5.0,export-roasts_PR-8671.xls
770,213.2,5.0,export-roasts_PR-8671.xls
771,213.3,5.0,export-roasts_PR-8671.xls
772,213.4,5.0,export-roasts_PR-8671.xls
773,213.5,5.0,export-roasts_PR-8671.xls
774,213.6,5.0,export-roasts_PR-8671.xls
775,213.7,5.0,export-roasts_PR-8671.xls
776,213.8,5.0,export-roasts_PR-8671.xls
777,214.0,5.0,export-roasts_PR-8671.xls
778,214.0,5.0,export-roasts_PR-8671.xls
779,214.1,5.0,export-roasts_PR-8671.xls
780,214.2,5.0,export-roasts_PR-8671.xls
781,214.3,5.0,export-roasts_PR-8671.xls
782,214.4,5.0,export-roasts_PR-8671.xls
783,214.6,5.0,export-roasts_PR-8671.xls
784,214.7,3.0,export-roasts_PR-8671.xls
785,214.8,3.0,export-roasts_PR-8671.xls
786,215.0,3.0,export-roasts_PR-8671.xls
787,215.0,3.0,export-roasts_PR-8671.xls
788,215.2,3.0,export-roasts_PR-8671.xls
789,215.3,3.0,export-roasts_PR-8671.xls
790,215.4,3.0,export-roasts_PR-8671.xls
791,215.5,3.0,export-roasts_PR-8671.xls
792,215.7,3.0,export-roasts_PR-8671.xls
793,215.8,3.0,export-roasts_PR-8671.xls
794,215.9,3.0,export-roasts_PR-8671.xls
795,216.0,3.0,export-roasts_PR-8671.xls
796,216.1,3.0,export-roasts_PR-8671.xls
797,216.2,3.0,export-roasts_PR-8671.xls
798,216.4,3.0,export-roasts_PR-8671.xls
799,216.5,3.0,export-roasts_PR-8671.xls
800,216.6,3.0,export-roasts_PR-8671.xls
801,216.7,3.0,export-roasts_PR-8671.xls
802,216.8,3.0,export-roasts_PR-8671.xls
803,216.9,3.0,export-roasts_PR-8671.xls
804,217.0,3.0,export-roasts_PR-8671.xls
805,217.2,3.0,export-roasts_PR-8671.xls
806,217.3,3.0,export-roasts_PR-8671.xls
807,217.4,3.0,export-roasts_PR-8671.xls
808,217.5,3.0,export-roasts_PR-8671.xls
0,216.1,0.0,export-roasts_PR-8738.xls
1,214.0,0.0,export-roasts_PR-8738.xls
2,208.8,0.0,export-roasts_PR-8738.xls
3,201.0,0.0,export-roasts_PR-8738.xls
4,191.9,0.0,export-roasts_PR-8738.xls
5,181.9,0.0,export-roasts_PR-8738.xls
6,172.1,0.0,export-roasts_PR-8738.xls
7,162.6,0.0,export-roasts_PR-8738.xls
8,153.7,0.0,export-roasts_PR-8738.xls
9,145.3,0.0,export-roasts_PR-8738.xls
10,137.3,0.0,export-roasts_PR-8738.xls
11,129.9,0.0,export-roasts_PR-8738.xls
12,123.1,0.0,export-roasts_PR-8738.xls
13,116.9,0.0,export-roasts_PR-8738.xls
14,111.1,0.0,export-roasts_PR-8738.xls
15,105.8,0.0,export-roasts_PR-8738.xls
16,100.9,0.0,export-roasts_PR-8738.xls
17,96.5,0.0,export-roasts_PR-8738.xls
18,92.3,0.0,export-roasts_PR-8738.xls
19,88.7,0.0,export-roasts_PR-8738.xls
20,85.4,0.0,export-roasts_PR-8738.xls
21,82.3,0.0,export-roasts_PR-8738.xls
22,79.5,0.0,export-roasts_PR-8738.xls
23,77.0,100.0,export-roasts_PR-8738.xls
24,74.6,100.0,export-roasts_PR-8738.xls
25,72.6,100.0,export-roasts_PR-8738.xls
26,70.6,100.0,export-roasts_PR-8738.xls
27,68.9,100.0,export-roasts_PR-8738.xls
28,67.4,100.0,export-roasts_PR-8738.xls
29,66.0,100.0,export-roasts_PR-8738.xls
30,64.8,100.0,export-roasts_PR-8738.xls
31,63.6,100.0,export-roasts_PR-8738.xls
32,62.6,100.0,export-roasts_PR-8738.xls
33,61.7,100.0,export-roasts_PR-8738.xls
34,60.8,100.0,export-roasts_PR-8738.xls
35,60.1,100.0,export-roasts_PR-8738.xls
36,59.5,100.0,export-roasts_PR-8738.xls
37,58.9,100.0,export-roasts_PR-8738.xls
38,58.4,100.0,export-roasts_PR-8738.xls
39,58.0,100.0,export-roasts_PR-8738.xls
40,57.6,100.0,export-roasts_PR-8738.xls
41,57.3,100.0,export-roasts_PR-8738.xls
42,57.1,100.0,export-roasts_PR-8738.xls
43,57.0,100.0,export-roasts_PR-8738.xls
44,56.9,100.0,export-roasts_PR-8738.xls
45,56.9,100.0,export-roasts_PR-8738.xls
46,56.9,100.0,export-roasts_PR-8738.xls
47,56.9,100.0,export-roasts_PR-8738.xls
48,56.9,100.0,export-roasts_PR-8738.xls
49,57.0,100.0,export-roasts_PR-8738.xls
50,57.1,100.0,export-roasts_PR-8738.xls
51,57.3,100.0,export-roasts_PR-8738.xls
52,57.4,100.0,export-roasts_PR-8738.xls
53,57.6,100.0,export-roasts_PR-8738.xls
54,57.9,100.0,export-roasts_PR-8738.xls
55,58.1,100.0,export-roasts_PR-8738.xls
56,58.3,100.0,export-roasts_PR-8738.xls
57,58.6,100.0,export-roasts_PR-8738.xls
58,58.9,100.0,export-roasts_PR-8738.xls
59,59.2,100.0,export-roasts_PR-8738.xls
60,59.6,100.0,export-roasts_PR-8738.xls
61,59.9,100.0,export-roasts_PR-8738.xls
62,60.3,100.0,export-roasts_PR-8738.xls
63,60.6,100.0,export-roasts_PR-8738.xls
64,61.0,100.0,export-roasts_PR-8738.xls
65,61.3,100.0,export-roasts_PR-8738.xls
66,61.7,100.0,export-roasts_PR-8738.xls
67,62.0,100.0,export-roasts_PR-8738.xls
68,62.3,100.0,export-roasts_PR-8738.xls
69,62.7,100.0,export-roasts_PR-8738.xls
70,63.1,100.0,export-roasts_PR-8738.xls
71,63.5,100.0,export-roasts_PR-8738.xls
72,63.9,100.0,export-roasts_PR-8738.xls
73,64.3,100.0,export-roasts_PR-8738.xls
74,64.6,100.0,export-roasts_PR-8738.xls
75,65.0,100.0,export-roasts_PR-8738.xls
76,65.5,100.0,export-roasts_PR-8738.xls
77,65.9,100.0,export-roasts_PR-8738.xls
78,66.3,100.0,export-roasts_PR-8738.xls
79,66.7,100.0,export-roasts_PR-8738.xls
80,67.1,100.0,export-roasts_PR-8738.xls
81,67.5,100.0,export-roasts_PR-8738.xls
82,67.9,100.0,export-roasts_PR-8738.xls
83,68.3,100.0,export-roasts_PR-8738.xls
84,68.7,100.0,export-roasts_PR-8738.xls
85,69.1,100.0,export-roasts_PR-8738.xls
86,69.5,100.0,export-roasts_PR-8738.xls
87,69.9,100.0,export-roasts_PR-8738.xls
88,70.3,100.0,export-roasts_PR-8738.xls
89,70.6,100.0,export-roasts_PR-8738.xls
90,71.0,100.0,export-roasts_PR-8738.xls
91,71.4,100.0,export-roasts_PR-8738.xls
92,71.8,100.0,export-roasts_PR-8738.xls
93,72.2,100.0,export-roasts_PR-8738.xls
94,72.6,100.0,export-roasts_PR-8738.xls
95,73.0,100.0,export-roasts_PR-8738.xls
96,73.4,100.0,export-roasts_PR-8738.xls
97,73.8,100.0,export-roasts_PR-8738.xls
98,74.2,100.0,export-roasts_PR-8738.xls
99,74.6,100.0,export-roasts_PR-8738.xls
100,75.1,100.0,export-roasts_PR-8738.xls
101,75.5,100.0,export-roasts_PR-8738.xls
102,75.8,100.0,export-roasts_PR-8738.xls
103,76.2,100.0,export-roasts_PR-8738.xls
104,76.6,100.0,export-roasts_PR-8738.xls
105,77.0,100.0,export-roasts_PR-8738.xls
106,77.4,100.0,export-roasts_PR-8738.xls
107,77.8,100.0,export-roasts_PR-8738.xls
108,78.2,100.0,export-roasts_PR-8738.xls
109,78.6,100.0,export-roasts_PR-8738.xls
110,78.9,100.0,export-roasts_PR-8738.xls
111,79.3,100.0,export-roasts_PR-8738.xls
112,79.7,100.0,export-roasts_PR-8738.xls
113,80.0,100.0,export-roasts_PR-8738.xls
114,80.4,100.0,export-roasts_PR-8738.xls
115,80.8,100.0,export-roasts_PR-8738.xls
116,81.1,100.0,export-roasts_PR-8738.xls
117,81.5,100.0,export-roasts_PR-8738.xls
118,81.8,100.0,export-roasts_PR-8738.xls
119,82.2,100.0,export-roasts_PR-8738.xls
120,82.6,100.0,export-roasts_PR-8738.xls
121,82.9,100.0,export-roasts_PR-8738.xls
122,83.3,100.0,export-roasts_PR-8738.xls
123,83.7,100.0,export-roasts_PR-8738.xls
124,84.0,100.0,export-roasts_PR-8738.xls
125,84.4,100.0,export-roasts_PR-8738.xls
126,84.8,100.0,export-roasts_PR-8738.xls
127,85.1,100.0,export-roasts_PR-8738.xls
128,85.5,100.0,export-roasts_PR-8738.xls
129,85.9,100.0,export-roasts_PR-8738.xls
130,86.3,100.0,export-roasts_PR-8738.xls
131,86.6,100.0,export-roasts_PR-8738.xls
132,87.0,100.0,export-roasts_PR-8738.xls
133,87.3,100.0,export-roasts_PR-8738.xls
134,87.7,100.0,export-roasts_PR-8738.xls
135,88.0,100.0,export-roasts_PR-8738.xls
136,88.4,100.0,export-roasts_PR-8738.xls
137,88.7,100.0,export-roasts_PR-8738.xls
138,89.0,100.0,export-roasts_PR-8738.xls
139,89.3,100.0,export-roasts_PR-8738.xls
140,89.7,100.0,export-roasts_PR-8738.xls
141,90.0,100.0,export-roasts_PR-8738.xls
142,90.3,100.0,export-roasts_PR-8738.xls
143,90.7,100.0,export-roasts_PR-8738.xls
144,90.9,100.0,export-roasts_PR-8738.xls
145,91.3,100.0,export-roasts_PR-8738.xls
146,91.6,100.0,export-roasts_PR-8738.xls
147,91.9,100.0,export-roasts_PR-8738.xls
148,92.2,100.0,export-roasts_PR-8738.xls
149,92.6,100.0,export-roasts_PR-8738.xls
150,92.9,100.0,export-roasts_PR-8738.xls
151,93.2,100.0,export-roasts_PR-8738.xls
152,93.5,100.0,export-roasts_PR-8738.xls
153,93.8,100.0,export-roasts_PR-8738.xls
154,94.1,100.0,export-roasts_PR-8738.xls
155,94.5,100.0,export-roasts_PR-8738.xls
156,94.8,100.0,export-roasts_PR-8738.xls
157,95.1,100.0,export-roasts_PR-8738.xls
158,95.4,100.0,export-roasts_PR-8738.xls
159,95.7,100.0,export-roasts_PR-8738.xls
160,96.0,100.0,export-roasts_PR-8738.xls
161,96.3,100.0,export-roasts_PR-8738.xls
162,96.7,100.0,export-roasts_PR-8738.xls
163,96.9,100.0,export-roasts_PR-8738.xls
164,97.3,100.0,export-roasts_PR-8738.xls
165,97.6,100.0,export-roasts_PR-8738.xls
166,97.9,100.0,export-roasts_PR-8738.xls
167,98.1,100.0,export-roasts_PR-8738.xls
168,98.5,100.0,export-roasts_PR-8738.xls
169,98.7,100.0,export-roasts_PR-8738.xls
170,99.0,100.0,export-roasts_PR-8738.xls
171,99.3,100.0,export-roasts_PR-8738.xls
172,99.6,100.0,export-roasts_PR-8738.xls
173,99.8,100.0,export-roasts_PR-8738.xls
174,100.2,100.0,export-roasts_PR-8738.xls
175,100.5,100.0,export-roasts_PR-8738.xls
176,100.8,100.0,export-roasts_PR-8738.xls
177,101.1,100.0,export-roasts_PR-8738.xls
178,101.4,100.0,export-roasts_PR-8738.xls
179,101.7,100.0,export-roasts_PR-8738.xls
180,102.0,100.0,export-roasts_PR-8738.xls
181,102.3,100.0,export-roasts_PR-8738.xls
182,102.6,100.0,export-roasts_PR-8738.xls
183,102.9,100.0,export-roasts_PR-8738.xls
184,103.2,100.0,export-roasts_PR-8738.xls
185,103.5,100.0,export-roasts_PR-8738.xls
186,103.7,100.0,export-roasts_PR-8738.xls
187,104.0,100.0,export-roasts_PR-8738.xls
188,104.2,100.0,export-roasts_PR-8738.xls
189,104.5,100.0,export-roasts_PR-8738.xls
190,104.8,100.0,export-roasts_PR-8738.xls
191,105.1,100.0,export-roasts_PR-8738.xls
192,105.4,100.0,export-roasts_PR-8738.xls
193,105.7,100.0,export-roasts_PR-8738.xls
194,105.9,100.0,export-roasts_PR-8738.xls
195,106.3,100.0,export-roasts_PR-8738.xls
196,106.5,100.0,export-roasts_PR-8738.xls
197,106.8,100.0,export-roasts_PR-8738.xls
198,107.1,100.0,export-roasts_PR-8738.xls
199,107.4,100.0,export-roasts_PR-8738.xls
200,107.7,100.0,export-roasts_PR-8738.xls
201,107.9,100.0,export-roasts_PR-8738.xls
202,108.2,100.0,export-roasts_PR-8738.xls
203,108.4,100.0,export-roasts_PR-8738.xls
204,108.7,100.0,export-roasts_PR-8738.xls
205,108.9,100.0,export-roasts_PR-8738.xls
206,109.2,100.0,export-roasts_PR-8738.xls
207,109.5,100.0,export-roasts_PR-8738.xls
208,109.7,100.0,export-roasts_PR-8738.xls
209,110.0,100.0,export-roasts_PR-8738.xls
210,110.3,100.0,export-roasts_PR-8738.xls
211,110.5,100.0,export-roasts_PR-8738.xls
212,110.8,100.0,export-roasts_PR-8738.xls
213,111.0,100.0,export-roasts_PR-8738.xls
214,111.3,100.0,export-roasts_PR-8738.xls
215,111.6,100.0,export-roasts_PR-8738.xls
216,111.9,100.0,export-roasts_PR-8738.xls
217,112.1,100.0,export-roasts_PR-8738.xls
218,112.4,100.0,export-roasts_PR-8738.xls
219,112.7,100.0,export-roasts_PR-8738.xls
220,112.9,100.0,export-roasts_PR-8738.xls
221,113.2,100.0,export-roasts_PR-8738.xls
222,113.5,100.0,export-roasts_PR-8738.xls
223,113.8,100.0,export-roasts_PR-8738.xls
224,114.1,100.0,export-roasts_PR-8738.xls
225,114.3,100.0,export-roasts_PR-8738.xls
226,114.6,100.0,export-roasts_PR-8738.xls
227,114.9,100.0,export-roasts_PR-8738.xls
228,115.1,100.0,export-roasts_PR-8738.xls
229,115.4,100.0,export-roasts_PR-8738.xls
230,115.6,100.0,export-roasts_PR-8738.xls
231,115.9,100.0,export-roasts_PR-8738.xls
232,116.1,100.0,export-roasts_PR-8738.xls
233,116.4,100.0,export-roasts_PR-8738.xls
234,116.6,100.0,export-roasts_PR-8738.xls
235,116.9,100.0,export-roasts_PR-8738.xls
236,117.2,100.0,export-roasts_PR-8738.xls
237,117.4,100.0,export-roasts_PR-8738.xls
238,117.7,100.0,export-roasts_PR-8738.xls
239,117.9,100.0,export-roasts_PR-8738.xls
240,118.2,100.0,export-roasts_PR-8738.xls
241,118.5,100.0,export-roasts_PR-8738.xls
242,118.7,100.0,export-roasts_PR-8738.xls
243,118.9,100.0,export-roasts_PR-8738.xls
244,119.3,100.0,export-roasts_PR-8738.xls
245,119.5,100.0,export-roasts_PR-8738.xls
246,119.8,100.0,export-roasts_PR-8738.xls
247,120.0,100.0,export-roasts_PR-8738.xls
248,120.3,100.0,export-roasts_PR-8738.xls
249,120.5,100.0,export-roasts_PR-8738.xls
250,120.8,100.0,export-roasts_PR-8738.xls
251,121.1,100.0,export-roasts_PR-8738.xls
252,121.3,100.0,export-roasts_PR-8738.xls
253,121.6,100.0,export-roasts_PR-8738.xls
254,121.8,100.0,export-roasts_PR-8738.xls
255,122.0,100.0,export-roasts_PR-8738.xls
256,122.2,100.0,export-roasts_PR-8738.xls
257,122.5,100.0,export-roasts_PR-8738.xls
258,122.8,100.0,export-roasts_PR-8738.xls
259,123.0,100.0,export-roasts_PR-8738.xls
260,123.3,100.0,export-roasts_PR-8738.xls
261,123.6,100.0,export-roasts_PR-8738.xls
262,123.8,100.0,export-roasts_PR-8738.xls
263,124.0,100.0,export-roasts_PR-8738.xls
264,124.3,100.0,export-roasts_PR-8738.xls
265,124.6,100.0,export-roasts_PR-8738.xls
266,124.8,100.0,export-roasts_PR-8738.xls
267,125.1,100.0,export-roasts_PR-8738.xls
268,125.4,100.0,export-roasts_PR-8738.xls
269,125.6,100.0,export-roasts_PR-8738.xls
270,125.9,100.0,export-roasts_PR-8738.xls
271,126.0,100.0,export-roasts_PR-8738.xls
272,126.3,100.0,export-roasts_PR-8738.xls
273,126.5,100.0,export-roasts_PR-8738.xls
274,126.7,100.0,export-roasts_PR-8738.xls
275,126.9,100.0,export-roasts_PR-8738.xls
276,127.2,100.0,export-roasts_PR-8738.xls
277,127.4,100.0,export-roasts_PR-8738.xls
278,127.7,100.0,export-roasts_PR-8738.xls
279,128.0,100.0,export-roasts_PR-8738.xls
280,128.2,100.0,export-roasts_PR-8738.xls
281,128.4,100.0,export-roasts_PR-8738.xls
282,128.7,100.0,export-roasts_PR-8738.xls
283,128.9,100.0,export-roasts_PR-8738.xls
284,129.1,100.0,export-roasts_PR-8738.xls
285,129.3,100.0,export-roasts_PR-8738.xls
286,129.6,100.0,export-roasts_PR-8738.xls
287,129.8,100.0,export-roasts_PR-8738.xls
288,130.0,100.0,export-roasts_PR-8738.xls
289,130.2,100.0,export-roasts_PR-8738.xls
290,130.4,100.0,export-roasts_PR-8738.xls
291,130.7,100.0,export-roasts_PR-8738.xls
292,130.9,100.0,export-roasts_PR-8738.xls
293,131.2,100.0,export-roasts_PR-8738.xls
294,131.5,100.0,export-roasts_PR-8738.xls
295,131.7,100.0,export-roasts_PR-8738.xls
296,132.0,100.0,export-roasts_PR-8738.xls
297,132.2,100.0,export-roasts_PR-8738.xls
298,132.4,100.0,export-roasts_PR-8738.xls
299,132.7,100.0,export-roasts_PR-8738.xls
300,132.9,100.0,export-roasts_PR-8738.xls
301,133.2,100.0,export-roasts_PR-8738.xls
302,133.4,100.0,export-roasts_PR-8738.xls
303,133.6,100.0,export-roasts_PR-8738.xls
304,133.9,100.0,export-roasts_PR-8738.xls
305,134.1,100.0,export-roasts_PR-8738.xls
306,134.4,100.0,export-roasts_PR-8738.xls
307,134.6,100.0,export-roasts_PR-8738.xls
308,134.8,100.0,export-roasts_PR-8738.xls
309,135.1,100.0,export-roasts_PR-8738.xls
310,135.3,100.0,export-roasts_PR-8738.xls
311,135.5,100.0,export-roasts_PR-8738.xls
312,135.8,100.0,export-roasts_PR-8738.xls
313,136.0,100.0,export-roasts_PR-8738.xls
314,136.2,100.0,export-roasts_PR-8738.xls
315,136.5,100.0,export-roasts_PR-8738.xls
316,136.7,100.0,export-roasts_PR-8738.xls
317,136.9,100.0,export-roasts_PR-8738.xls
318,137.2,100.0,export-roasts_PR-8738.xls
319,137.4,100.0,export-roasts_PR-8738.xls
320,137.6,100.0,export-roasts_PR-8738.xls
321,137.8,100.0,export-roasts_PR-8738.xls
322,138.1,100.0,export-roasts_PR-8738.xls
323,138.3,100.0,export-roasts_PR-8738.xls
324,138.5,100.0,export-roasts_PR-8738.xls
325,138.7,100.0,export-roasts_PR-8738.xls
326,139.0,100.0,export-roasts_PR-8738.xls
327,139.2,100.0,export-roasts_PR-8738.xls
328,139.4,100.0,export-roasts_PR-8738.xls
329,139.7,100.0,export-roasts_PR-8738.xls
330,139.9,100.0,export-roasts_PR-8738.xls
331,140.1,100.0,export-roasts_PR-8738.xls
332,140.3,100.0,export-roasts_PR-8738.xls
333,140.6,100.0,export-roasts_PR-8738.xls
334,140.8,100.0,export-roasts_PR-8738.xls
335,141.0,100.0,export-roasts_PR-8738.xls
336,141.3,100.0,export-roasts_PR-8738.xls
337,141.5,100.0,export-roasts_PR-8738.xls
338,141.7,100.0,export-roasts_PR-8738.xls
339,141.9,100.0,export-roasts_PR-8738.xls
340,142.2,100.0,export-roasts_PR-8738.xls
341,142.4,100.0,export-roasts_PR-8738.xls
342,142.6,100.0,export-roasts_PR-8738.xls
343,142.8,100.0,export-roasts_PR-8738.xls
344,143.1,100.0,export-roasts_PR-8738.xls
345,143.3,100.0,export-roasts_PR-8738.xls
346,143.5,100.0,export-roasts_PR-8738.xls
347,143.7,100.0,export-roasts_PR-8738.xls
348,143.9,100.0,export-roasts_PR-8738.xls
349,144.1,100.0,export-roasts_PR-8738.xls
350,144.3,100.0,export-roasts_PR-8738.xls
351,144.6,100.0,export-roasts_PR-8738.xls
352,144.8,100.0,export-roasts_PR-8738.xls
353,145.0,100.0,export-roasts_PR-8738.xls
354,145.2,100.0,export-roasts_PR-8738.xls
355,145.5,100.0,export-roasts_PR-8738.xls
356,145.7,100.0,export-roasts_PR-8738.xls
357,145.9,100.0,export-roasts_PR-8738.xls
358,146.1,100.0,export-roasts_PR-8738.xls
359,146.3,100.0,export-roasts_PR-8738.xls
360,146.5,100.0,export-roasts_PR-8738.xls
361,146.8,100.0,export-roasts_PR-8738.xls
362,147.0,100.0,export-roasts_PR-8738.xls
363,147.3,100.0,export-roasts_PR-8738.xls
364,147.5,100.0,export-roasts_PR-8738.xls
365,147.7,100.0,export-roasts_PR-8738.xls
366,147.9,100.0,export-roasts_PR-8738.xls
367,148.1,100.0,export-roasts_PR-8738.xls
368,148.3,100.0,export-roasts_PR-8738.xls
369,148.5,100.0,export-roasts_PR-8738.xls
370,148.7,100.0,export-roasts_PR-8738.xls
371,148.9,100.0,export-roasts_PR-8738.xls
372,149.2,100.0,export-roasts_PR-8738.xls
373,149.4,100.0,export-roasts_PR-8738.xls
374,149.6,100.0,export-roasts_PR-8738.xls
375,149.8,100.0,export-roasts_PR-8738.xls
376,150.1,100.0,export-roasts_PR-8738.xls
377,150.3,100.0,export-roasts_PR-8738.xls
378,150.5,100.0,export-roasts_PR-8738.xls
379,150.7,100.0,export-roasts_PR-8738.xls
380,150.9,100.0,export-roasts_PR-8738.xls
381,151.1,100.0,export-roasts_PR-8738.xls
382,151.3,100.0,export-roasts_PR-8738.xls
383,151.5,100.0,export-roasts_PR-8738.xls
384,151.7,100.0,export-roasts_PR-8738.xls
385,151.9,100.0,export-roasts_PR-8738.xls
386,152.1,100.0,export-roasts_PR-8738.xls
387,152.3,100.0,export-roasts_PR-8738.xls
388,152.5,100.0,export-roasts_PR-8738.xls
389,152.6,100.0,export-roasts_PR-8738.xls
390,152.9,100.0,export-roasts_PR-8738.xls
391,153.1,100.0,export-roasts_PR-8738.xls
392,153.3,100.0,export-roasts_PR-8738.xls
393,153.5,100.0,export-roasts_PR-8738.xls
394,153.7,100.0,export-roasts_PR-8738.xls
395,154.0,100.0,export-roasts_PR-8738.xls
396,154.1,100.0,export-roasts_PR-8738.xls
397,154.4,100.0,export-roasts_PR-8738.xls
398,154.6,100.0,export-roasts_PR-8738.xls
399,154.9,100.0,export-roasts_PR-8738.xls
400,155.0,100.0,export-roasts_PR-8738.xls
401,155.2,100.0,export-roasts_PR-8738.xls
402,155.5,100.0,export-roasts_PR-8738.xls
403,155.6,100.0,export-roasts_PR-8738.xls
404,155.8,100.0,export-roasts_PR-8738.xls
405,156.1,100.0,export-roasts_PR-8738.xls
406,156.2,100.0,export-roasts_PR-8738.xls
407,156.5,100.0,export-roasts_PR-8738.xls
408,156.7,100.0,export-roasts_PR-8738.xls
409,156.9,100.0,export-roasts_PR-8738.xls
410,157.2,100.0,export-roasts_PR-8738.xls
411,157.4,100.0,export-roasts_PR-8738.xls
412,157.6,100.0,export-roasts_PR-8738.xls
413,157.8,100.0,export-roasts_PR-8738.xls
414,158.0,100.0,export-roasts_PR-8738.xls
415,158.3,100.0,export-roasts_PR-8738.xls
416,158.5,100.0,export-roasts_PR-8738.xls
417,158.7,100.0,export-roasts_PR-8738.xls
418,159.0,100.0,export-roasts_PR-8738.xls
419,159.2,100.0,export-roasts_PR-8738.xls
420,159.3,100.0,export-roasts_PR-8738.xls
421,159.6,100.0,export-roasts_PR-8738.xls
422,159.8,100.0,export-roasts_PR-8738.xls
423,160.0,100.0,export-roasts_PR-8738.xls
424,160.2,100.0,export-roasts_PR-8738.xls
425,160.4,100.0,export-roasts_PR-8738.xls
426,160.6,100.0,export-roasts_PR-8738.xls
427,160.9,100.0,export-roasts_PR-8738.xls
428,161.1,100.0,export-roasts_PR-8738.xls
429,161.2,100.0,export-roasts_PR-8738.xls
430,161.4,100.0,export-roasts_PR-8738.xls
431,161.6,100.0,export-roasts_PR-8738.xls
432,161.8,100.0,export-roasts_PR-8738.xls
433,162.0,100.0,export-roasts_PR-8738.xls
434,162.1,100.0,export-roasts_PR-8738.xls
435,162.3,100.0,export-roasts_PR-8738.xls
436,162.5,100.0,export-roasts_PR-8738.xls
437,162.7,100.0,export-roasts_PR-8738.xls
438,162.9,100.0,export-roasts_PR-8738.xls
439,163.1,100.0,export-roasts_PR-8738.xls
440,163.3,100.0,export-roasts_PR-8738.xls
441,163.5,100.0,export-roasts_PR-8738.xls
442,163.8,100.0,export-roasts_PR-8738.xls
443,164.0,100.0,export-roasts_PR-8738.xls
444,164.2,100.0,export-roasts_PR-8738.xls
445,164.4,100.0,export-roasts_PR-8738.xls
446,164.6,100.0,export-roasts_PR-8738.xls
447,164.8,100.0,export-roasts_PR-8738.xls
448,165.0,100.0,export-roasts_PR-8738.xls
449,165.3,100.0,export-roasts_PR-8738.xls
450,165.5,100.0,export-roasts_PR-8738.xls
451,165.7,100.0,export-roasts_PR-8738.xls
452,165.8,100.0,export-roasts_PR-8738.xls
453,166.0,100.0,export-roasts_PR-8738.xls
454,166.3,100.0,export-roasts_PR-8738.xls
455,166.5,100.0,export-roasts_PR-8738.xls
456,166.7,100.0,export-roasts_PR-8738.xls
457,166.9,100.0,export-roasts_PR-8738.xls
458,167.1,100.0,export-roasts_PR-8738.xls
459,167.3,100.0,export-roasts_PR-8738.xls
460,167.6,100.0,export-roasts_PR-8738.xls
461,167.8,100.0,export-roasts_PR-8738.xls
462,168.0,100.0,export-roasts_PR-8738.xls
463,168.2,100.0,export-roasts_PR-8738.xls
464,168.4,100.0,export-roasts_PR-8738.xls
465,168.7,100.0,export-roasts_PR-8738.xls
466,168.8,100.0,export-roasts_PR-8738.xls
467,169.1,100.0,export-roasts_PR-8738.xls
468,169.3,100.0,export-roasts_PR-8738.xls
469,169.5,100.0,export-roasts_PR-8738.xls
470,169.7,100.0,export-roasts_PR-8738.xls
471,169.9,100.0,export-roasts_PR-8738.xls
472,170.1,100.0,export-roasts_PR-8738.xls
473,170.3,100.0,export-roasts_PR-8738.xls
474,170.5,100.0,export-roasts_PR-8738.xls
475,170.7,100.0,export-roasts_PR-8738.xls
476,170.9,100.0,export-roasts_PR-8738.xls
477,171.1,100.0,export-roasts_PR-8738.xls
478,171.3,100.0,export-roasts_PR-8738.xls
479,171.5,100.0,export-roasts_PR-8738.xls
480,171.7,100.0,export-roasts_PR-8738.xls
481,172.0,100.0,export-roasts_PR-8738.xls
482,172.2,100.0,export-roasts_PR-8738.xls
483,172.3,100.0,export-roasts_PR-8738.xls
484,172.5,100.0,export-roasts_PR-8738.xls
485,172.7,100.0,export-roasts_PR-8738.xls
486,173.0,100.0,export-roasts_PR-8738.xls
487,173.1,100.0,export-roasts_PR-8738.xls
488,173.4,100.0,export-roasts_PR-8738.xls
489,173.6,100.0,export-roasts_PR-8738.xls
490,173.7,100.0,export-roasts_PR-8738.xls
491,174.0,100.0,export-roasts_PR-8738.xls
492,174.2,100.0,export-roasts_PR-8738.xls
493,174.4,100.0,export-roasts_PR-8738.xls
494,174.6,100.0,export-roasts_PR-8738.xls
495,174.8,100.0,export-roasts_PR-8738.xls
496,175.0,100.0,export-roasts_PR-8738.xls
497,175.2,100.0,export-roasts_PR-8738.xls
498,175.5,100.0,export-roasts_PR-8738.xls
499,175.6,100.0,export-roasts_PR-8738.xls
500,175.8,100.0,export-roasts_PR-8738.xls
501,176.1,90.0,export-roasts_PR-8738.xls
502,176.2,90.0,export-roasts_PR-8738.xls
503,176.4,90.0,export-roasts_PR-8738.xls
504,176.7,90.0,export-roasts_PR-8738.xls
505,176.9,90.0,export-roasts_PR-8738.xls
506,177.1,90.0,export-roasts_PR-8738.xls
507,177.3,90.0,export-roasts_PR-8738.xls
508,177.5,90.0,export-roasts_PR-8738.xls
509,177.7,90.0,export-roasts_PR-8738.xls
510,177.9,90.0,export-roasts_PR-8738.xls
511,178.1,90.0,export-roasts_PR-8738.xls
512,178.2,90.0,export-roasts_PR-8738.xls
513,178.5,90.0,export-roasts_PR-8738.xls
514,178.6,90.0,export-roasts_PR-8738.xls
515,178.8,90.0,export-roasts_PR-8738.xls
516,179.1,90.0,export-roasts_PR-8738.xls
517,179.3,90.0,export-roasts_PR-8738.xls
518,179.5,90.0,export-roasts_PR-8738.xls
519,179.7,90.0,export-roasts_PR-8738.xls
520,179.9,90.0,export-roasts_PR-8738.xls
521,180.1,90.0,export-roasts_PR-8738.xls
522,180.4,90.0,export-roasts_PR-8738.xls
523,180.6,90.0,export-roasts_PR-8738.xls
524,180.8,90.0,export-roasts_PR-8738.xls
525,181.0,90.0,export-roasts_PR-8738.xls
526,181.2,90.0,export-roasts_PR-8738.xls
527,181.3,90.0,export-roasts_PR-8738.xls
528,181.6,90.0,export-roasts_PR-8738.xls
529,181.8,90.0,export-roasts_PR-8738.xls
530,182.0,90.0,export-roasts_PR-8738.xls
531,182.2,90.0,export-roasts_PR-8738.xls
532,182.4,90.0,export-roasts_PR-8738.xls
533,182.6,90.0,export-roasts_PR-8738.xls
534,182.8,90.0,export-roasts_PR-8738.xls
535,183.1,90.0,export-roasts_PR-8738.xls
536,183.2,90.0,export-roasts_PR-8738.xls
537,183.5,90.0,export-roasts_PR-8738.xls
538,183.7,90.0,export-roasts_PR-8738.xls
539,183.9,90.0,export-roasts_PR-8738.xls
540,184.1,90.0,export-roasts_PR-8738.xls
541,184.3,90.0,export-roasts_PR-8738.xls
542,184.6,90.0,export-roasts_PR-8738.xls
543,184.8,90.0,export-roasts_PR-8738.xls
544,185.0,90.0,export-roasts_PR-8738.xls
545,185.2,90.0,export-roasts_PR-8738.xls
546,185.3,90.0,export-roasts_PR-8738.xls
547,185.5,90.0,export-roasts_PR-8738.xls
548,185.7,90.0,export-roasts_PR-8738.xls
549,185.9,90.0,export-roasts_PR-8738.xls
550,186.1,90.0,export-roasts_PR-8738.xls
551,186.2,90.0,export-roasts_PR-8738.xls
552,186.5,90.0,export-roasts_PR-8738.xls
553,186.7,90.0,export-roasts_PR-8738.xls
554,186.8,90.0,export-roasts_PR-8738.xls
555,187.0,90.0,export-roasts_PR-8738.xls
556,187.2,90.0,export-roasts_PR-8738.xls
557,187.4,90.0,export-roasts_PR-8738.xls
558,187.5,90.0,export-roasts_PR-8738.xls
559,187.8,90.0,export-roasts_PR-8738.xls
560,187.9,90.0,export-roasts_PR-8738.xls
561,188.1,90.0,export-roasts_PR-8738.xls
562,188.4,90.0,export-roasts_PR-8738.xls
563,188.6,90.0,export-roasts_PR-8738.xls
564,188.8,90.0,export-roasts_PR-8738.xls
565,189.0,90.0,export-roasts_PR-8738.xls
566,189.3,90.0,export-roasts_PR-8738.xls
567,189.5,90.0,export-roasts_PR-8738.xls
568,189.7,90.0,export-roasts_PR-8738.xls
569,189.9,90.0,export-roasts_PR-8738.xls
570,190.1,90.0,export-roasts_PR-8738.xls
571,190.3,90.0,export-roasts_PR-8738.xls
572,190.4,90.0,export-roasts_PR-8738.xls
573,190.7,90.0,export-roasts_PR-8738.xls
574,190.9,90.0,export-roasts_PR-8738.xls
575,191.1,90.0,export-roasts_PR-8738.xls
576,191.3,90.0,export-roasts_PR-8738.xls
577,191.5,90.0,export-roasts_PR-8738.xls
578,191.7,0.0,export-roasts_PR-8738.xls
579,191.9,0.0,export-roasts_PR-8738.xls
580,192.1,0.0,export-roasts_PR-8738.xls
581,192.3,0.0,export-roasts_PR-8738.xls
582,192.4,0.0,export-roasts_PR-8738.xls
583,192.7,0.0,export-roasts_PR-8738.xls
584,193.0,0.0,export-roasts_PR-8738.xls
585,193.2,0.0,export-roasts_PR-8738.xls
586,193.4,0.0,export-roasts_PR-8738.xls
587,193.6,0.0,export-roasts_PR-8738.xls
588,193.9,0.0,export-roasts_PR-8738.xls
589,194.1,0.0,export-roasts_PR-8738.xls
590,194.2,0.0,export-roasts_PR-8738.xls
591,194.5,0.0,export-roasts_PR-8738.xls
592,194.6,0.0,export-roasts_PR-8738.xls
593,194.8,0.0,export-roasts_PR-8738.xls
594,195.0,0.0,export-roasts_PR-8738.xls
595,195.1,0.0,export-roasts_PR-8738.xls
596,195.2,0.0,export-roasts_PR-8738.xls
597,195.4,0.0,export-roasts_PR-8738.xls
598,195.6,0.0,export-roasts_PR-8738.xls
599,195.7,0.0,export-roasts_PR-8738.xls
600,195.9,0.0,export-roasts_PR-8738.xls
601,196.0,0.0,export-roasts_PR-8738.xls
602,196.2,0.0,export-roasts_PR-8738.xls
603,196.3,0.0,export-roasts_PR-8738.xls
604,196.4,0.0,export-roasts_PR-8738.xls
605,196.6,0.0,export-roasts_PR-8738.xls
606,196.7,0.0,export-roasts_PR-8738.xls
607,196.9,0.0,export-roasts_PR-8738.xls
608,197.0,0.0,export-roasts_PR-8738.xls
609,197.1,0.0,export-roasts_PR-8738.xls
610,197.2,0.0,export-roasts_PR-8738.xls
611,197.3,0.0,export-roasts_PR-8738.xls
612,197.4,0.0,export-roasts_PR-8738.xls
613,197.5,0.0,export-roasts_PR-8738.xls
614,197.5,0.0,export-roasts_PR-8738.xls
615,197.7,0.0,export-roasts_PR-8738.xls
616,197.7,0.0,export-roasts_PR-8738.xls
617,197.8,0.0,export-roasts_PR-8738.xls
618,197.9,0.0,export-roasts_PR-8738.xls
619,198.0,0.0,export-roasts_PR-8738.xls
620,198.2,0.0,export-roasts_PR-8738.xls
621,198.3,0.0,export-roasts_PR-8738.xls
622,198.4,0.0,export-roasts_PR-8738.xls
623,198.5,0.0,export-roasts_PR-8738.xls
624,198.5,0.0,export-roasts_PR-8738.xls
625,198.7,0.0,export-roasts_PR-8738.xls
626,198.8,0.0,export-roasts_PR-8738.xls
627,198.9,0.0,export-roasts_PR-8738.xls
628,199.0,0.0,export-roasts_PR-8738.xls
629,199.0,0.0,export-roasts_PR-8738.xls
630,199.2,0.0,export-roasts_PR-8738.xls
631,199.2,0.0,export-roasts_PR-8738.xls
632,199.3,0.0,export-roasts_PR-8738.xls
633,199.4,0.0,export-roasts_PR-8738.xls
634,199.5,0.0,export-roasts_PR-8738.xls
635,199.5,0.0,export-roasts_PR-8738.xls
636,199.6,0.0,export-roasts_PR-8738.xls
637,199.6,0.0,export-roasts_PR-8738.xls
638,199.7,0.0,export-roasts_PR-8738.xls
639,199.8,0.0,export-roasts_PR-8738.xls
640,199.9,0.0,export-roasts_PR-8738.xls
641,200.0,0.0,export-roasts_PR-8738.xls
642,200.1,0.0,export-roasts_PR-8738.xls
643,200.2,0.0,export-roasts_PR-8738.xls
644,200.3,5.0,export-roasts_PR-8738.xls
645,200.3,5.0,export-roasts_PR-8738.xls
646,200.5,5.0,export-roasts_PR-8738.xls
647,200.6,5.0,export-roasts_PR-8738.xls
648,200.7,5.0,export-roasts_PR-8738.xls
649,200.7,5.0,export-roasts_PR-8738.xls
650,200.7,5.0,export-roasts_PR-8738.xls
651,200.9,5.0,export-roasts_PR-8738.xls
652,200.9,5.0,export-roasts_PR-8738.xls
653,201.0,5.0,export-roasts_PR-8738.xls
654,201.1,5.0,export-roasts_PR-8738.xls
655,201.2,5.0,export-roasts_PR-8738.xls
656,201.2,5.0,export-roasts_PR-8738.xls
657,201.3,5.0,export-roasts_PR-8738.xls
658,201.4,5.0,export-roasts_PR-8738.xls
659,201.5,5.0,export-roasts_PR-8738.xls
660,201.7,5.0,export-roasts_PR-8738.xls
661,201.8,5.0,export-roasts_PR-8738.xls
662,201.9,5.0,export-roasts_PR-8738.xls
663,202.0,5.0,export-roasts_PR-8738.xls
664,202.1,5.0,export-roasts_PR-8738.xls
665,202.2,5.0,export-roasts_PR-8738.xls
666,202.3,5.0,export-roasts_PR-8738.xls
667,202.5,5.0,export-roasts_PR-8738.xls
668,202.5,5.0,export-roasts_PR-8738.xls
669,202.6,5.0,export-roasts_PR-8738.xls
670,202.7,5.0,export-roasts_PR-8738.xls
671,202.8,5.0,export-roasts_PR-8738.xls
672,203.0,5.0,export-roasts_PR-8738.xls
673,203.1,5.0,export-roasts_PR-8738.xls
674,203.2,5.0,export-roasts_PR-8738.xls
675,203.3,5.0,export-roasts_PR-8738.xls
676,203.5,5.0,export-roasts_PR-8738.xls
677,203.6,5.0,export-roasts_PR-8738.xls
678,203.7,5.0,export-roasts_PR-8738.xls
679,203.9,5.0,export-roasts_PR-8738.xls
680,204.0,5.0,export-roasts_PR-8738.xls
681,204.1,5.0,export-roasts_PR-8738.xls
682,204.2,5.0,export-roasts_PR-8738.xls
683,204.3,5.0,export-roasts_PR-8738.xls
684,204.4,5.0,export-roasts_PR-8738.xls
685,204.5,5.0,export-roasts_PR-8738.xls
686,204.6,5.0,export-roasts_PR-8738.xls
687,204.7,5.0,export-roasts_PR-8738.xls
688,204.9,5.0,export-roasts_PR-8738.xls
689,205.0,5.0,export-roasts_PR-8738.xls
690,205.1,5.0,export-roasts_PR-8738.xls
691,205.1,5.0,export-roasts_PR-8738.xls
692,205.2,5.0,export-roasts_PR-8738.xls
693,205.3,5.0,export-roasts_PR-8738.xls
694,205.5,5.0,export-roasts_PR-8738.xls
695,205.5,5.0,export-roasts_PR-8738.xls
696,205.6,5.0,export-roasts_PR-8738.xls
697,205.7,5.0,export-roasts_PR-8738.xls
698,205.8,5.0,export-roasts_PR-8738.xls
699,205.9,5.0,export-roasts_PR-8738.xls
700,206.0,5.0,export-roasts_PR-8738.xls
701,206.1,10.0,export-roasts_PR-8738.xls
702,206.2,10.0,export-roasts_PR-8738.xls
703,206.3,10.0,export-roasts_PR-8738.xls
704,206.4,10.0,export-roasts_PR-8738.xls
705,206.5,10.0,export-roasts_PR-8738.xls
706,206.6,10.0,export-roasts_PR-8738.xls
707,206.8,10.0,export-roasts_PR-8738.xls
708,206.8,10.0,export-roasts_PR-8738.xls
709,206.9,10.0,export-roasts_PR-8738.xls
710,207.1,10.0,export-roasts_PR-8738.xls
711,207.2,10.0,export-roasts_PR-8738.xls
712,207.3,10.0,export-roasts_PR-8738.xls
713,207.4,10.0,export-roasts_PR-8738.xls
714,207.4,10.0,export-roasts_PR-8738.xls
715,207.6,10.0,export-roasts_PR-8738.xls
716,207.6,10.0,export-roasts_PR-8738.xls
717,207.7,10.0,export-roasts_PR-8738.xls
718,207.8,10.0,export-roasts_PR-8738.xls
719,207.9,10.0,export-roasts_PR-8738.xls
720,207.9,10.0,export-roasts_PR-8738.xls
721,208.0,10.0,export-roasts_PR-8738.xls
722,208.1,10.0,export-roasts_PR-8738.xls
723,208.2,10.0,export-roasts_PR-8738.xls
724,208.3,10.0,export-roasts_PR-8738.xls
725,208.3,10.0,export-roasts_PR-8738.xls
726,208.4,10.0,export-roasts_PR-8738.xls
727,208.5,10.0,export-roasts_PR-8738.xls
728,208.6,10.0,export-roasts_PR-8738.xls
729,208.7,10.0,export-roasts_PR-8738.xls
730,208.8,10.0,export-roasts_PR-8738.xls
731,208.8,10.0,export-roasts_PR-8738.xls
732,209.0,10.0,export-roasts_PR-8738.xls
733,209.1,10.0,export-roasts_PR-8738.xls
734,209.2,10.0,export-roasts_PR-8738.xls
735,209.3,10.0,export-roasts_PR-8738.xls
736,209.4,10.0,export-roasts_PR-8738.xls
737,209.5,10.0,export-roasts_PR-8738.xls
738,209.7,10.0,export-roasts_PR-8738.xls
739,209.8,10.0,export-roasts_PR-8738.xls
740,209.9,10.0,export-roasts_PR-8738.xls
741,210.0,10.0,export-roasts_PR-8738.xls
742,210.1,10.0,export-roasts_PR-8738.xls
743,210.3,10.0,export-roasts_PR-8738.xls
744,210.4,10.0,export-roasts_PR-8738.xls
745,210.6,10.0,export-roasts_PR-8738.xls
746,210.6,10.0,export-roasts_PR-8738.xls
747,210.7,10.0,export-roasts_PR-8738.xls
748,210.8,10.0,export-roasts_PR-8738.xls
749,210.9,10.0,export-roasts_PR-8738.xls
750,211.0,10.0,export-roasts_PR-8738.xls
751,211.0,10.0,export-roasts_PR-8738.xls
752,211.2,10.0,export-roasts_PR-8738.xls
753,211.2,10.0,export-roasts_PR-8738.xls
754,211.3,10.0,export-roasts_PR-8738.xls
755,211.4,10.0,export-roasts_PR-8738.xls
756,211.6,10.0,export-roasts_PR-8738.xls
757,211.7,10.0,export-roasts_PR-8738.xls
758,211.7,10.0,export-roasts_PR-8738.xls
759,211.9,10.0,export-roasts_PR-8738.xls
760,212.0,10.0,export-roasts_PR-8738.xls
761,212.1,10.0,export-roasts_PR-8738.xls
762,212.2,10.0,export-roasts_PR-8738.xls
763,212.2,10.0,export-roasts_PR-8738.xls
764,212.3,10.0,export-roasts_PR-8738.xls
765,212.4,10.0,export-roasts_PR-8738.xls
766,212.5,10.0,export-roasts_PR-8738.xls
767,212.6,10.0,export-roasts_PR-8738.xls
768,212.8,10.0,export-roasts_PR-8738.xls
769,212.8,10.0,export-roasts_PR-8738.xls
770,213.0,10.0,export-roasts_PR-8738.xls
771,213.1,10.0,export-roasts_PR-8738.xls
772,213.2,10.0,export-roasts_PR-8738.xls
773,213.3,10.0,export-roasts_PR-8738.xls
774,213.4,10.0,export-roasts_PR-8738.xls
775,213.6,10.0,export-roasts_PR-8738.xls
776,213.6,10.0,export-roasts_PR-8738.xls
777,213.8,10.0,export-roasts_PR-8738.xls
778,213.8,10.0,export-roasts_PR-8738.xls
779,214.0,10.0,export-roasts_PR-8738.xls
780,214.1,10.0,export-roasts_PR-8738.xls
781,214.2,10.0,export-roasts_PR-8738.xls
782,214.3,10.0,export-roasts_PR-8738.xls
783,214.4,10.0,export-roasts_PR-8738.xls
784,214.6,10.0,export-roasts_PR-8738.xls
785,214.7,10.0,export-roasts_PR-8738.xls
786,214.8,10.0,export-roasts_PR-8738.xls
787,214.9,10.0,export-roasts_PR-8738.xls
788,215.0,10.0,export-roasts_PR-8738.xls
789,215.2,10.0,export-roasts_PR-8738.xls
790,215.2,10.0,export-roasts_PR-8738.xls
791,215.4,10.0,export-roasts_PR-8738.xls
792,215.4,10.0,export-roasts_PR-8738.xls
793,215.5,10.0,export-roasts_PR-8738.xls
794,215.6,10.0,export-roasts_PR-8738.xls
795,215.7,10.0,export-roasts_PR-8738.xls
796,215.9,10.0,export-roasts_PR-8738.xls
797,216.0,10.0,export-roasts_PR-8738.xls
798,216.1,10.0,export-roasts_PR-8738.xls
799,216.2,10.0,export-roasts_PR-8738.xls
800,216.3,10.0,export-roasts_PR-8738.xls
801,216.5,10.0,export-roasts_PR-8738.xls
802,216.6,10.0,export-roasts_PR-8738.xls
803,216.8,10.0,export-roasts_PR-8738.xls
804,216.9,10.0,export-roasts_PR-8738.xls
805,217.0,10.0,export-roasts_PR-8738.xls
806,217.2,10.0,export-roasts_PR-8738.xls
807,217.3,10.0,export-roasts_PR-8738.xls
808,217.4,10.0,export-roasts_PR-8738.xls
0,219.2,0.0,export-roasts_PR-8875.xls
1,215.9,0.0,export-roasts_PR-8875.xls
2,209.2,0.0,export-roasts_PR-8875.xls
3,200.2,0.0,export-roasts_PR-8875.xls
4,190.4,0.0,export-roasts_PR-8875.xls
5,180.1,0.0,export-roasts_PR-8875.xls
6,169.9,0.0,export-roasts_PR-8875.xls
7,160.2,0.0,export-roasts_PR-8875.xls
8,151.2,0.0,export-roasts_PR-8875.xls
9,142.7,0.0,export-roasts_PR-8875.xls
10,134.7,0.0,export-roasts_PR-8875.xls
11,127.4,0.0,export-roasts_PR-8875.xls
12,120.9,0.0,export-roasts_PR-8875.xls
13,114.9,0.0,export-roasts_PR-8875.xls
14,109.2,0.0,export-roasts_PR-8875.xls
15,104.0,0.0,export-roasts_PR-8875.xls
16,99.3,0.0,export-roasts_PR-8875.xls
17,94.9,0.0,export-roasts_PR-8875.xls
18,91.0,0.0,export-roasts_PR-8875.xls
19,87.4,0.0,export-roasts_PR-8875.xls
20,84.0,0.0,export-roasts_PR-8875.xls
21,81.0,0.0,export-roasts_PR-8875.xls
22,78.3,0.0,export-roasts_PR-8875.xls
23,75.8,100.0,export-roasts_PR-8875.xls
24,73.5,100.0,export-roasts_PR-8875.xls
25,71.3,100.0,export-roasts_PR-8875.xls
26,69.4,100.0,export-roasts_PR-8875.xls
27,67.7,100.0,export-roasts_PR-8875.xls
28,66.1,100.0,export-roasts_PR-8875.xls
29,64.7,100.0,export-roasts_PR-8875.xls
30,63.5,100.0,export-roasts_PR-8875.xls
31,62.4,100.0,export-roasts_PR-8875.xls
32,61.3,100.0,export-roasts_PR-8875.xls
33,60.5,100.0,export-roasts_PR-8875.xls
34,59.7,100.0,export-roasts_PR-8875.xls
35,59.0,100.0,export-roasts_PR-8875.xls
36,58.4,100.0,export-roasts_PR-8875.xls
37,57.9,100.0,export-roasts_PR-8875.xls
38,57.4,100.0,export-roasts_PR-8875.xls
39,57.0,100.0,export-roasts_PR-8875.xls
40,56.8,100.0,export-roasts_PR-8875.xls
41,56.6,100.0,export-roasts_PR-8875.xls
42,56.4,100.0,export-roasts_PR-8875.xls
43,56.4,100.0,export-roasts_PR-8875.xls
44,56.3,100.0,export-roasts_PR-8875.xls
45,56.2,100.0,export-roasts_PR-8875.xls
46,56.2,100.0,export-roasts_PR-8875.xls
47,56.3,100.0,export-roasts_PR-8875.xls
48,56.3,100.0,export-roasts_PR-8875.xls
49,56.4,100.0,export-roasts_PR-8875.xls
50,56.5,100.0,export-roasts_PR-8875.xls
51,56.6,100.0,export-roasts_PR-8875.xls
52,56.8,100.0,export-roasts_PR-8875.xls
53,56.9,100.0,export-roasts_PR-8875.xls
54,57.1,100.0,export-roasts_PR-8875.xls
55,57.4,100.0,export-roasts_PR-8875.xls
56,57.6,100.0,export-roasts_PR-8875.xls
57,57.9,100.0,export-roasts_PR-8875.xls
58,58.2,100.0,export-roasts_PR-8875.xls
59,58.5,100.0,export-roasts_PR-8875.xls
60,58.9,100.0,export-roasts_PR-8875.xls
61,59.2,100.0,export-roasts_PR-8875.xls
62,59.5,100.0,export-roasts_PR-8875.xls
63,59.9,100.0,export-roasts_PR-8875.xls
64,60.3,100.0,export-roasts_PR-8875.xls
65,60.6,100.0,export-roasts_PR-8875.xls
66,61.0,100.0,export-roasts_PR-8875.xls
67,61.3,100.0,export-roasts_PR-8875.xls
68,61.7,100.0,export-roasts_PR-8875.xls
69,62.1,100.0,export-roasts_PR-8875.xls
70,62.5,100.0,export-roasts_PR-8875.xls
71,62.9,100.0,export-roasts_PR-8875.xls
72,63.2,100.0,export-roasts_PR-8875.xls
73,63.7,100.0,export-roasts_PR-8875.xls
74,64.1,100.0,export-roasts_PR-8875.xls
75,64.4,100.0,export-roasts_PR-8875.xls
76,64.8,100.0,export-roasts_PR-8875.xls
77,65.2,100.0,export-roasts_PR-8875.xls
78,65.6,100.0,export-roasts_PR-8875.xls
79,66.0,100.0,export-roasts_PR-8875.xls
80,66.4,100.0,export-roasts_PR-8875.xls
81,66.8,100.0,export-roasts_PR-8875.xls
82,67.3,100.0,export-roasts_PR-8875.xls
83,67.7,100.0,export-roasts_PR-8875.xls
84,68.1,100.0,export-roasts_PR-8875.xls
85,68.5,100.0,export-roasts_PR-8875.xls
86,68.9,100.0,export-roasts_PR-8875.xls
87,69.3,100.0,export-roasts_PR-8875.xls
88,69.7,100.0,export-roasts_PR-8875.xls
89,70.2,100.0,export-roasts_PR-8875.xls
90,70.5,100.0,export-roasts_PR-8875.xls
91,71.0,100.0,export-roasts_PR-8875.xls
92,71.4,100.0,export-roasts_PR-8875.xls
93,71.8,100.0,export-roasts_PR-8875.xls
94,72.2,100.0,export-roasts_PR-8875.xls
95,72.6,100.0,export-roasts_PR-8875.xls
96,73.0,100.0,export-roasts_PR-8875.xls
97,73.4,100.0,export-roasts_PR-8875.xls
98,73.8,100.0,export-roasts_PR-8875.xls
99,74.2,100.0,export-roasts_PR-8875.xls
100,74.6,100.0,export-roasts_PR-8875.xls
101,74.9,100.0,export-roasts_PR-8875.xls
102,75.3,100.0,export-roasts_PR-8875.xls
103,75.7,100.0,export-roasts_PR-8875.xls
104,76.0,100.0,export-roasts_PR-8875.xls
105,76.4,100.0,export-roasts_PR-8875.xls
106,76.8,100.0,export-roasts_PR-8875.xls
107,77.2,100.0,export-roasts_PR-8875.xls
108,77.6,100.0,export-roasts_PR-8875.xls
109,77.9,100.0,export-roasts_PR-8875.xls
110,78.3,100.0,export-roasts_PR-8875.xls
111,78.7,100.0,export-roasts_PR-8875.xls
112,79.0,100.0,export-roasts_PR-8875.xls
113,79.4,100.0,export-roasts_PR-8875.xls
114,79.8,100.0,export-roasts_PR-8875.xls
115,80.2,100.0,export-roasts_PR-8875.xls
116,80.5,100.0,export-roasts_PR-8875.xls
117,80.9,100.0,export-roasts_PR-8875.xls
118,81.3,100.0,export-roasts_PR-8875.xls
119,81.7,100.0,export-roasts_PR-8875.xls
120,82.0,100.0,export-roasts_PR-8875.xls
121,82.4,100.0,export-roasts_PR-8875.xls
122,82.7,100.0,export-roasts_PR-8875.xls
123,83.1,100.0,export-roasts_PR-8875.xls
124,83.5,100.0,export-roasts_PR-8875.xls
125,83.9,100.0,export-roasts_PR-8875.xls
126,84.3,100.0,export-roasts_PR-8875.xls
127,84.6,100.0,export-roasts_PR-8875.xls
128,84.9,100.0,export-roasts_PR-8875.xls
129,85.3,100.0,export-roasts_PR-8875.xls
130,85.6,100.0,export-roasts_PR-8875.xls
131,86.0,100.0,export-roasts_PR-8875.xls
132,86.3,100.0,export-roasts_PR-8875.xls
133,86.7,100.0,export-roasts_PR-8875.xls
134,87.0,100.0,export-roasts_PR-8875.xls
135,87.4,100.0,export-roasts_PR-8875.xls
136,87.7,100.0,export-roasts_PR-8875.xls
137,88.1,100.0,export-roasts_PR-8875.xls
138,88.4,100.0,export-roasts_PR-8875.xls
139,88.8,100.0,export-roasts_PR-8875.xls
140,89.1,100.0,export-roasts_PR-8875.xls
141,89.5,100.0,export-roasts_PR-8875.xls
142,89.8,100.0,export-roasts_PR-8875.xls
143,90.2,100.0,export-roasts_PR-8875.xls
144,90.5,100.0,export-roasts_PR-8875.xls
145,90.8,100.0,export-roasts_PR-8875.xls
146,91.1,100.0,export-roasts_PR-8875.xls
147,91.4,100.0,export-roasts_PR-8875.xls
148,91.7,100.0,export-roasts_PR-8875.xls
149,92.0,100.0,export-roasts_PR-8875.xls
150,92.4,100.0,export-roasts_PR-8875.xls
151,92.7,100.0,export-roasts_PR-8875.xls
152,93.0,100.0,export-roasts_PR-8875.xls
153,93.4,100.0,export-roasts_PR-8875.xls
154,93.7,100.0,export-roasts_PR-8875.xls
155,94.1,100.0,export-roasts_PR-8875.xls
156,94.3,100.0,export-roasts_PR-8875.xls
157,94.6,100.0,export-roasts_PR-8875.xls
158,94.9,100.0,export-roasts_PR-8875.xls
159,95.3,100.0,export-roasts_PR-8875.xls
160,95.5,100.0,export-roasts_PR-8875.xls
161,95.9,100.0,export-roasts_PR-8875.xls
162,96.2,100.0,export-roasts_PR-8875.xls
163,96.5,100.0,export-roasts_PR-8875.xls
164,96.8,100.0,export-roasts_PR-8875.xls
165,97.1,100.0,export-roasts_PR-8875.xls
166,97.5,100.0,export-roasts_PR-8875.xls
167,97.8,100.0,export-roasts_PR-8875.xls
168,98.1,100.0,export-roasts_PR-8875.xls
169,98.4,100.0,export-roasts_PR-8875.xls
170,98.7,100.0,export-roasts_PR-8875.xls
171,99.0,100.0,export-roasts_PR-8875.xls
172,99.3,100.0,export-roasts_PR-8875.xls
173,99.6,100.0,export-roasts_PR-8875.xls
174,99.9,100.0,export-roasts_PR-8875.xls
175,100.3,100.0,export-roasts_PR-8875.xls
176,100.5,100.0,export-roasts_PR-8875.xls
177,100.8,100.0,export-roasts_PR-8875.xls
178,101.2,100.0,export-roasts_PR-8875.xls
179,101.5,100.0,export-roasts_PR-8875.xls
180,101.8,100.0,export-roasts_PR-8875.xls
181,102.1,100.0,export-roasts_PR-8875.xls
182,102.3,100.0,export-roasts_PR-8875.xls
183,102.7,100.0,export-roasts_PR-8875.xls
184,103.0,100.0,export-roasts_PR-8875.xls
185,103.3,100.0,export-roasts_PR-8875.xls
186,103.6,100.0,export-roasts_PR-8875.xls
187,103.9,100.0,export-roasts_PR-8875.xls
188,104.1,100.0,export-roasts_PR-8875.xls
189,104.5,100.0,export-roasts_PR-8875.xls
190,104.7,100.0,export-roasts_PR-8875.xls
191,105.0,100.0,export-roasts_PR-8875.xls
192,105.4,100.0,export-roasts_PR-8875.xls
193,105.6,100.0,export-roasts_PR-8875.xls
194,106.0,100.0,export-roasts_PR-8875.xls
195,106.2,100.0,export-roasts_PR-8875.xls
196,106.5,100.0,export-roasts_PR-8875.xls
197,106.7,100.0,export-roasts_PR-8875.xls
198,107.1,100.0,export-roasts_PR-8875.xls
199,107.3,100.0,export-roasts_PR-8875.xls
200,107.7,100.0,export-roasts_PR-8875.xls
201,107.9,100.0,export-roasts_PR-8875.xls
202,108.2,100.0,export-roasts_PR-8875.xls
203,108.5,100.0,export-roasts_PR-8875.xls
204,108.9,100.0,export-roasts_PR-8875.xls
205,109.1,100.0,export-roasts_PR-8875.xls
206,109.4,100.0,export-roasts_PR-8875.xls
207,109.7,100.0,export-roasts_PR-8875.xls
208,110.1,100.0,export-roasts_PR-8875.xls
209,110.3,100.0,export-roasts_PR-8875.xls
210,110.6,100.0,export-roasts_PR-8875.xls
211,110.9,100.0,export-roasts_PR-8875.xls
212,111.2,100.0,export-roasts_PR-8875.xls
213,111.5,100.0,export-roasts_PR-8875.xls
214,111.8,100.0,export-roasts_PR-8875.xls
215,112.1,100.0,export-roasts_PR-8875.xls
216,112.3,100.0,export-roasts_PR-8875.xls
217,112.6,100.0,export-roasts_PR-8875.xls
218,112.8,100.0,export-roasts_PR-8875.xls
219,113.1,100.0,export-roasts_PR-8875.xls
220,113.5,100.0,export-roasts_PR-8875.xls
221,113.7,100.0,export-roasts_PR-8875.xls
222,114.0,100.0,export-roasts_PR-8875.xls
223,114.3,100.0,export-roasts_PR-8875.xls
224,114.6,100.0,export-roasts_PR-8875.xls
225,114.9,100.0,export-roasts_PR-8875.xls
226,115.1,100.0,export-roasts_PR-8875.xls
227,115.4,100.0,export-roasts_PR-8875.xls
228,115.6,100.0,export-roasts_PR-8875.xls
229,115.9,100.0,export-roasts_PR-8875.xls
230,116.2,100.0,export-roasts_PR-8875.xls
231,116.5,100.0,export-roasts_PR-8875.xls
232,116.8,100.0,export-roasts_PR-8875.xls
233,117.0,100.0,export-roasts_PR-8875.xls
234,117.3,100.0,export-roasts_PR-8875.xls
235,117.6,100.0,export-roasts_PR-8875.xls
236,117.9,100.0,export-roasts_PR-8875.xls
237,118.1,100.0,export-roasts_PR-8875.xls
238,118.4,100.0,export-roasts_PR-8875.xls
239,118.7,100.0,export-roasts_PR-8875.xls
240,118.9,100.0,export-roasts_PR-8875.xls
241,119.3,100.0,export-roasts_PR-8875.xls
242,119.5,100.0,export-roasts_PR-8875.xls
243,119.8,100.0,export-roasts_PR-8875.xls
244,120.0,100.0,export-roasts_PR-8875.xls
245,120.2,100.0,export-roasts_PR-8875.xls
246,120.5,100.0,export-roasts_PR-8875.xls
247,120.8,100.0,export-roasts_PR-8875.xls
248,121.1,100.0,export-roasts_PR-8875.xls
249,121.4,100.0,export-roasts_PR-8875.xls
250,121.6,100.0,export-roasts_PR-8875.xls
251,121.9,100.0,export-roasts_PR-8875.xls
252,122.2,100.0,export-roasts_PR-8875.xls
253,122.4,100.0,export-roasts_PR-8875.xls
254,122.7,100.0,export-roasts_PR-8875.xls
255,123.0,100.0,export-roasts_PR-8875.xls
256,123.2,100.0,export-roasts_PR-8875.xls
257,123.5,100.0,export-roasts_PR-8875.xls
258,123.8,100.0,export-roasts_PR-8875.xls
259,124.1,100.0,export-roasts_PR-8875.xls
260,124.3,100.0,export-roasts_PR-8875.xls
261,124.6,100.0,export-roasts_PR-8875.xls
262,124.9,100.0,export-roasts_PR-8875.xls
263,125.2,100.0,export-roasts_PR-8875.xls
264,125.4,100.0,export-roasts_PR-8875.xls
265,125.7,100.0,export-roasts_PR-8875.xls
266,126.0,100.0,export-roasts_PR-8875.xls
267,126.2,100.0,export-roasts_PR-8875.xls
268,126.5,100.0,export-roasts_PR-8875.xls
269,126.7,100.0,export-roasts_PR-8875.xls
270,126.9,100.0,export-roasts_PR-8875.xls
271,127.2,100.0,export-roasts_PR-8875.xls
272,127.4,100.0,export-roasts_PR-8875.xls
273,127.7,100.0,export-roasts_PR-8875.xls
274,128.0,100.0,export-roasts_PR-8875.xls
275,128.3,100.0,export-roasts_PR-8875.xls
276,128.5,100.0,export-roasts_PR-8875.xls
277,128.8,100.0,export-roasts_PR-8875.xls
278,129.1,100.0,export-roasts_PR-8875.xls
279,129.3,100.0,export-roasts_PR-8875.xls
280,129.6,100.0,export-roasts_PR-8875.xls
281,129.9,100.0,export-roasts_PR-8875.xls
282,130.2,100.0,export-roasts_PR-8875.xls
283,130.4,100.0,export-roasts_PR-8875.xls
284,130.7,100.0,export-roasts_PR-8875.xls
285,131.0,100.0,export-roasts_PR-8875.xls
286,131.2,100.0,export-roasts_PR-8875.xls
287,131.5,100.0,export-roasts_PR-8875.xls
288,131.8,100.0,export-roasts_PR-8875.xls
289,132.1,100.0,export-roasts_PR-8875.xls
290,132.3,100.0,export-roasts_PR-8875.xls
291,132.6,100.0,export-roasts_PR-8875.xls
292,132.9,100.0,export-roasts_PR-8875.xls
293,133.2,100.0,export-roasts_PR-8875.xls
294,133.5,100.0,export-roasts_PR-8875.xls
295,133.7,100.0,export-roasts_PR-8875.xls
296,134.0,100.0,export-roasts_PR-8875.xls
297,134.2,100.0,export-roasts_PR-8875.xls
298,134.5,100.0,export-roasts_PR-8875.xls
299,134.7,100.0,export-roasts_PR-8875.xls
300,135.0,100.0,export-roasts_PR-8875.xls
301,135.3,100.0,export-roasts_PR-8875.xls
302,135.6,100.0,export-roasts_PR-8875.xls
303,135.8,100.0,export-roasts_PR-8875.xls
304,136.0,100.0,export-roasts_PR-8875.xls
305,136.3,100.0,export-roasts_PR-8875.xls
306,136.6,100.0,export-roasts_PR-8875.xls
307,136.9,100.0,export-roasts_PR-8875.xls
308,137.1,100.0,export-roasts_PR-8875.xls
309,137.4,100.0,export-roasts_PR-8875.xls
310,137.7,100.0,export-roasts_PR-8875.xls
311,137.9,100.0,export-roasts_PR-8875.xls
312,138.1,100.0,export-roasts_PR-8875.xls
313,138.4,100.0,export-roasts_PR-8875.xls
314,138.6,100.0,export-roasts_PR-8875.xls
315,138.8,100.0,export-roasts_PR-8875.xls
316,139.1,100.0,export-roasts_PR-8875.xls
317,139.4,100.0,export-roasts_PR-8875.xls
318,139.6,100.0,export-roasts_PR-8875.xls
319,139.9,100.0,export-roasts_PR-8875.xls
320,140.1,100.0,export-roasts_PR-8875.xls
321,140.3,100.0,export-roasts_PR-8875.xls
322,140.7,100.0,export-roasts_PR-8875.xls
323,140.9,100.0,export-roasts_PR-8875.xls
324,141.2,100.0,export-roasts_PR-8875.xls
325,141.4,100.0,export-roasts_PR-8875.xls
326,141.7,100.0,export-roasts_PR-8875.xls
327,141.9,100.0,export-roasts_PR-8875.xls
328,142.1,100.0,export-roasts_PR-8875.xls
329,142.4,100.0,export-roasts_PR-8875.xls
330,142.6,100.0,export-roasts_PR-8875.xls
331,142.9,100.0,export-roasts_PR-8875.xls
332,143.2,100.0,export-roasts_PR-8875.xls
333,143.4,100.0,export-roasts_PR-8875.xls
334,143.7,100.0,export-roasts_PR-8875.xls
335,143.9,100.0,export-roasts_PR-8875.xls
336,144.1,100.0,export-roasts_PR-8875.xls
337,144.4,100.0,export-roasts_PR-8875.xls
338,144.6,100.0,export-roasts_PR-8875.xls
339,144.9,100.0,export-roasts_PR-8875.xls
340,145.1,100.0,export-roasts_PR-8875.xls
341,145.3,100.0,export-roasts_PR-8875.xls
342,145.6,100.0,export-roasts_PR-8875.xls
343,145.8,100.0,export-roasts_PR-8875.xls
344,146.1,100.0,export-roasts_PR-8875.xls
345,146.3,100.0,export-roasts_PR-8875.xls
346,146.5,100.0,export-roasts_PR-8875.xls
347,146.8,100.0,export-roasts_PR-8875.xls
348,147.1,100.0,export-roasts_PR-8875.xls
349,147.4,100.0,export-roasts_PR-8875.xls
350,147.5,100.0,export-roasts_PR-8875.xls
351,147.7,100.0,export-roasts_PR-8875.xls
352,148.0,100.0,export-roasts_PR-8875.xls
353,148.2,100.0,export-roasts_PR-8875.xls
354,148.4,100.0,export-roasts_PR-8875.xls
355,148.7,100.0,export-roasts_PR-8875.xls
356,148.9,100.0,export-roasts_PR-8875.xls
357,149.2,100.0,export-roasts_PR-8875.xls
358,149.4,100.0,export-roasts_PR-8875.xls
359,149.7,100.0,export-roasts_PR-8875.xls
360,149.9,100.0,export-roasts_PR-8875.xls
361,150.1,100.0,export-roasts_PR-8875.xls
362,150.4,100.0,export-roasts_PR-8875.xls
363,150.7,100.0,export-roasts_PR-8875.xls
364,151.0,100.0,export-roasts_PR-8875.xls
365,151.2,100.0,export-roasts_PR-8875.xls
366,151.5,100.0,export-roasts_PR-8875.xls
367,151.7,100.0,export-roasts_PR-8875.xls
368,151.9,100.0,export-roasts_PR-8875.xls
369,152.2,100.0,export-roasts_PR-8875.xls
370,152.4,100.0,export-roasts_PR-8875.xls
371,152.7,100.0,export-roasts_PR-8875.xls
372,152.9,100.0,export-roasts_PR-8875.xls
373,153.1,100.0,export-roasts_PR-8875.xls
374,153.4,100.0,export-roasts_PR-8875.xls
375,153.6,100.0,export-roasts_PR-8875.xls
376,153.8,100.0,export-roasts_PR-8875.xls
377,154.1,100.0,export-roasts_PR-8875.xls
378,154.3,100.0,export-roasts_PR-8875.xls
379,154.5,100.0,export-roasts_PR-8875.xls
380,154.7,100.0,export-roasts_PR-8875.xls
381,154.9,100.0,export-roasts_PR-8875.xls
382,155.2,100.0,export-roasts_PR-8875.xls
383,155.4,100.0,export-roasts_PR-8875.xls
384,155.6,100.0,export-roasts_PR-8875.xls
385,155.9,100.0,export-roasts_PR-8875.xls
386,156.1,100.0,export-roasts_PR-8875.xls
387,156.3,100.0,export-roasts_PR-8875.xls
388,156.5,100.0,export-roasts_PR-8875.xls
389,156.8,100.0,export-roasts_PR-8875.xls
390,157.0,100.0,export-roasts_PR-8875.xls
391,157.2,100.0,export-roasts_PR-8875.xls
392,157.4,100.0,export-roasts_PR-8875.xls
393,157.7,100.0,export-roasts_PR-8875.xls
394,157.9,100.0,export-roasts_PR-8875.xls
395,158.1,100.0,export-roasts_PR-8875.xls
396,158.4,100.0,export-roasts_PR-8875.xls
397,158.6,100.0,export-roasts_PR-8875.xls
398,158.8,100.0,export-roasts_PR-8875.xls
399,159.1,100.0,export-roasts_PR-8875.xls
400,159.3,100.0,export-roasts_PR-8875.xls
401,159.6,100.0,export-roasts_PR-8875.xls
402,159.8,100.0,export-roasts_PR-8875.xls
403,160.0,100.0,export-roasts_PR-8875.xls
404,160.3,100.0,export-roasts_PR-8875.xls
405,160.4,100.0,export-roasts_PR-8875.xls
406,160.7,100.0,export-roasts_PR-8875.xls
407,160.9,100.0,export-roasts_PR-8875.xls
408,161.2,100.0,export-roasts_PR-8875.xls
409,161.4,100.0,export-roasts_PR-8875.xls
410,161.6,100.0,export-roasts_PR-8875.xls
411,161.7,100.0,export-roasts_PR-8875.xls
412,162.0,100.0,export-roasts_PR-8875.xls
413,162.2,100.0,export-roasts_PR-8875.xls
414,162.3,100.0,export-roasts_PR-8875.xls
415,162.6,100.0,export-roasts_PR-8875.xls
416,162.8,100.0,export-roasts_PR-8875.xls
417,163.0,100.0,export-roasts_PR-8875.xls
418,163.3,100.0,export-roasts_PR-8875.xls
419,163.5,100.0,export-roasts_PR-8875.xls
420,163.7,100.0,export-roasts_PR-8875.xls
421,164.0,100.0,export-roasts_PR-8875.xls
422,164.2,100.0,export-roasts_PR-8875.xls
423,164.5,100.0,export-roasts_PR-8875.xls
424,164.7,100.0,export-roasts_PR-8875.xls
425,165.0,100.0,export-roasts_PR-8875.xls
426,165.2,100.0,export-roasts_PR-8875.xls
427,165.4,100.0,export-roasts_PR-8875.xls
428,165.6,100.0,export-roasts_PR-8875.xls
429,165.9,100.0,export-roasts_PR-8875.xls
430,166.1,100.0,export-roasts_PR-8875.xls
431,166.3,100.0,export-roasts_PR-8875.xls
432,166.5,100.0,export-roasts_PR-8875.xls
433,166.8,100.0,export-roasts_PR-8875.xls
434,167.0,100.0,export-roasts_PR-8875.xls
435,167.2,100.0,export-roasts_PR-8875.xls
436,167.5,100.0,export-roasts_PR-8875.xls
437,167.7,100.0,export-roasts_PR-8875.xls
438,167.9,100.0,export-roasts_PR-8875.xls
439,168.2,100.0,export-roasts_PR-8875.xls
440,168.4,100.0,export-roasts_PR-8875.xls
441,168.6,100.0,export-roasts_PR-8875.xls
442,168.8,100.0,export-roasts_PR-8875.xls
443,169.1,100.0,export-roasts_PR-8875.xls
444,169.3,100.0,export-roasts_PR-8875.xls
445,169.5,100.0,export-roasts_PR-8875.xls
446,169.8,100.0,export-roasts_PR-8875.xls
447,170.0,100.0,export-roasts_PR-8875.xls
448,170.2,100.0,export-roasts_PR-8875.xls
449,170.5,100.0,export-roasts_PR-8875.xls
450,170.7,100.0,export-roasts_PR-8875.xls
451,171.0,100.0,export-roasts_PR-8875.xls
452,171.2,100.0,export-roasts_PR-8875.xls
453,171.4,100.0,export-roasts_PR-8875.xls
454,171.7,100.0,export-roasts_PR-8875.xls
455,171.9,100.0,export-roasts_PR-8875.xls
456,172.1,100.0,export-roasts_PR-8875.xls
457,172.4,100.0,export-roasts_PR-8875.xls
458,172.6,100.0,export-roasts_PR-8875.xls
459,172.9,100.0,export-roasts_PR-8875.xls
460,173.1,100.0,export-roasts_PR-8875.xls
461,173.3,100.0,export-roasts_PR-8875.xls
462,173.6,100.0,export-roasts_PR-8875.xls
463,173.8,100.0,export-roasts_PR-8875.xls
464,174.1,100.0,export-roasts_PR-8875.xls
465,174.3,100.0,export-roasts_PR-8875.xls
466,174.6,100.0,export-roasts_PR-8875.xls
467,174.9,100.0,export-roasts_PR-8875.xls
468,175.1,100.0,export-roasts_PR-8875.xls
469,175.4,100.0,export-roasts_PR-8875.xls
470,175.6,100.0,export-roasts_PR-8875.xls
471,175.8,100.0,export-roasts_PR-8875.xls
472,176.1,90.0,export-roasts_PR-8875.xls
473,176.3,90.0,export-roasts_PR-8875.xls
474,176.5,90.0,export-roasts_PR-8875.xls
475,176.7,90.0,export-roasts_PR-8875.xls
476,176.9,90.0,export-roasts_PR-8875.xls
477,177.1,90.0,export-roasts_PR-8875.xls
478,177.3,90.0,export-roasts_PR-8875.xls
479,177.5,90.0,export-roasts_PR-8875.xls
480,177.8,90.0,export-roasts_PR-8875.xls
481,178.0,90.0,export-roasts_PR-8875.xls
482,178.2,90.0,export-roasts_PR-8875.xls
483,178.4,90.0,export-roasts_PR-8875.xls
484,178.6,90.0,export-roasts_PR-8875.xls
485,178.8,90.0,export-roasts_PR-8875.xls
486,179.1,90.0,export-roasts_PR-8875.xls
487,179.3,90.0,export-roasts_PR-8875.xls
488,179.5,90.0,export-roasts_PR-8875.xls
489,179.7,90.0,export-roasts_PR-8875.xls
490,180.0,90.0,export-roasts_PR-8875.xls
491,180.2,90.0,export-roasts_PR-8875.xls
492,180.4,90.0,export-roasts_PR-8875.xls
493,180.6,90.0,export-roasts_PR-8875.xls
494,180.9,90.0,export-roasts_PR-8875.xls
495,181.1,90.0,export-roasts_PR-8875.xls
496,181.3,90.0,export-roasts_PR-8875.xls
497,181.6,90.0,export-roasts_PR-8875.xls
498,181.8,90.0,export-roasts_PR-8875.xls
499,182.0,90.0,export-roasts_PR-8875.xls
500,182.2,90.0,export-roasts_PR-8875.xls
501,182.5,90.0,export-roasts_PR-8875.xls
502,182.7,90.0,export-roasts_PR-8875.xls
503,182.9,90.0,export-roasts_PR-8875.xls
504,183.1,90.0,export-roasts_PR-8875.xls
505,183.4,90.0,export-roasts_PR-8875.xls
506,183.6,90.0,export-roasts_PR-8875.xls
507,183.8,90.0,export-roasts_PR-8875.xls
508,184.0,90.0,export-roasts_PR-8875.xls
509,184.2,90.0,export-roasts_PR-8875.xls
510,184.5,90.0,export-roasts_PR-8875.xls
511,184.7,90.0,export-roasts_PR-8875.xls
512,184.9,90.0,export-roasts_PR-8875.xls
513,185.1,90.0,export-roasts_PR-8875.xls
514,185.3,90.0,export-roasts_PR-8875.xls
515,185.5,90.0,export-roasts_PR-8875.xls
516,185.8,90.0,export-roasts_PR-8875.xls
517,186.0,90.0,export-roasts_PR-8875.xls
518,186.2,90.0,export-roasts_PR-8875.xls
519,186.4,90.0,export-roasts_PR-8875.xls
520,186.7,90.0,export-roasts_PR-8875.xls
521,186.9,90.0,export-roasts_PR-8875.xls
522,187.1,90.0,export-roasts_PR-8875.xls
523,187.4,90.0,export-roasts_PR-8875.xls
524,187.6,90.0,export-roasts_PR-8875.xls
525,187.8,90.0,export-roasts_PR-8875.xls
526,188.1,90.0,export-roasts_PR-8875.xls
527,188.4,90.0,export-roasts_PR-8875.xls
528,188.5,90.0,export-roasts_PR-8875.xls
529,188.8,90.0,export-roasts_PR-8875.xls
530,189.0,90.0,export-roasts_PR-8875.xls
531,189.2,90.0,export-roasts_PR-8875.xls
532,189.4,90.0,export-roasts_PR-8875.xls
533,189.6,90.0,export-roasts_PR-8875.xls
534,189.8,90.0,export-roasts_PR-8875.xls
535,189.9,90.0,export-roasts_PR-8875.xls
536,190.2,90.0,export-roasts_PR-8875.xls
537,190.4,90.0,export-roasts_PR-8875.xls
538,190.6,90.0,export-roasts_PR-8875.xls
539,190.8,90.0,export-roasts_PR-8875.xls
540,191.0,90.0,export-roasts_PR-8875.xls
541,191.2,90.0,export-roasts_PR-8875.xls
542,191.4,90.0,export-roasts_PR-8875.xls
543,191.7,0.0,export-roasts_PR-8875.xls
544,191.9,0.0,export-roasts_PR-8875.xls
545,192.2,0.0,export-roasts_PR-8875.xls
546,192.4,0.0,export-roasts_PR-8875.xls
547,192.6,0.0,export-roasts_PR-8875.xls
548,192.9,0.0,export-roasts_PR-8875.xls
549,193.0,0.0,export-roasts_PR-8875.xls
550,193.3,0.0,export-roasts_PR-8875.xls
551,193.5,0.0,export-roasts_PR-8875.xls
552,193.7,0.0,export-roasts_PR-8875.xls
553,193.9,0.0,export-roasts_PR-8875.xls
554,194.1,0.0,export-roasts_PR-8875.xls
555,194.2,0.0,export-roasts_PR-8875.xls
556,194.4,0.0,export-roasts_PR-8875.xls
557,194.7,0.0,export-roasts_PR-8875.xls
558,194.8,0.0,export-roasts_PR-8875.xls
559,195.0,0.0,export-roasts_PR-8875.xls
560,195.2,0.0,export-roasts_PR-8875.xls
561,195.3,0.0,export-roasts_PR-8875.xls
562,195.5,0.0,export-roasts_PR-8875.xls
563,195.6,0.0,export-roasts_PR-8875.xls
564,195.7,0.0,export-roasts_PR-8875.xls
565,195.9,0.0,export-roasts_PR-8875.xls
566,196.0,0.0,export-roasts_PR-8875.xls
567,196.1,0.0,export-roasts_PR-8875.xls
568,196.3,0.0,export-roasts_PR-8875.xls
569,196.4,0.0,export-roasts_PR-8875.xls
570,196.5,0.0,export-roasts_PR-8875.xls
571,196.7,0.0,export-roasts_PR-8875.xls
572,196.8,0.0,export-roasts_PR-8875.xls
573,196.9,0.0,export-roasts_PR-8875.xls
574,197.0,0.0,export-roasts_PR-8875.xls
575,197.1,0.0,export-roasts_PR-8875.xls
576,197.2,0.0,export-roasts_PR-8875.xls
577,197.3,0.0,export-roasts_PR-8875.xls
578,197.3,0.0,export-roasts_PR-8875.xls
579,197.5,0.0,export-roasts_PR-8875.xls
580,197.6,0.0,export-roasts_PR-8875.xls
581,197.7,0.0,export-roasts_PR-8875.xls
582,197.8,0.0,export-roasts_PR-8875.xls
583,197.9,0.0,export-roasts_PR-8875.xls
584,197.9,0.0,export-roasts_PR-8875.xls
585,198.1,0.0,export-roasts_PR-8875.xls
586,198.2,0.0,export-roasts_PR-8875.xls
587,198.3,0.0,export-roasts_PR-8875.xls
588,198.4,0.0,export-roasts_PR-8875.xls
589,198.5,0.0,export-roasts_PR-8875.xls
590,198.7,0.0,export-roasts_PR-8875.xls
591,198.8,0.0,export-roasts_PR-8875.xls
592,198.9,0.0,export-roasts_PR-8875.xls
593,199.0,0.0,export-roasts_PR-8875.xls
594,199.1,0.0,export-roasts_PR-8875.xls
595,199.2,0.0,export-roasts_PR-8875.xls
596,199.3,0.0,export-roasts_PR-8875.xls
597,199.4,0.0,export-roasts_PR-8875.xls
598,199.5,0.0,export-roasts_PR-8875.xls
599,199.6,0.0,export-roasts_PR-8875.xls
600,199.7,0.0,export-roasts_PR-8875.xls
601,199.8,0.0,export-roasts_PR-8875.xls
602,199.9,0.0,export-roasts_PR-8875.xls
603,200.0,0.0,export-roasts_PR-8875.xls
604,200.1,0.0,export-roasts_PR-8875.xls
605,200.1,0.0,export-roasts_PR-8875.xls
606,200.2,0.0,export-roasts_PR-8875.xls
607,200.2,0.0,export-roasts_PR-8875.xls
608,200.3,0.0,export-roasts_PR-8875.xls
609,200.3,0.0,export-roasts_PR-8875.xls
610,200.5,0.0,export-roasts_PR-8875.xls
611,200.5,0.0,export-roasts_PR-8875.xls
612,200.7,0.0,export-roasts_PR-8875.xls
613,200.8,0.0,export-roasts_PR-8875.xls
614,200.8,0.0,export-roasts_PR-8875.xls
615,200.9,0.0,export-roasts_PR-8875.xls
616,201.0,0.0,export-roasts_PR-8875.xls
617,201.1,0.0,export-roasts_PR-8875.xls
618,201.1,0.0,export-roasts_PR-8875.xls
619,201.2,0.0,export-roasts_PR-8875.xls
620,201.2,0.0,export-roasts_PR-8875.xls
621,201.3,0.0,export-roasts_PR-8875.xls
622,201.3,0.0,export-roasts_PR-8875.xls
623,201.3,0.0,export-roasts_PR-8875.xls
624,201.4,0.0,export-roasts_PR-8875.xls
625,201.5,0.0,export-roasts_PR-8875.xls
626,201.5,0.0,export-roasts_PR-8875.xls
627,201.6,0.0,export-roasts_PR-8875.xls
628,201.6,0.0,export-roasts_PR-8875.xls
629,201.7,0.0,export-roasts_PR-8875.xls
630,201.7,0.0,export-roasts_PR-8875.xls
631,201.8,0.0,export-roasts_PR-8875.xls
632,201.9,0.0,export-roasts_PR-8875.xls
633,201.8,0.0,export-roasts_PR-8875.xls
634,201.9,0.0,export-roasts_PR-8875.xls
635,202.0,0.0,export-roasts_PR-8875.xls
636,202.0,0.0,export-roasts_PR-8875.xls
637,202.1,0.0,export-roasts_PR-8875.xls
638,202.2,0.0,export-roasts_PR-8875.xls
639,202.2,0.0,export-roasts_PR-8875.xls
640,202.3,0.0,export-roasts_PR-8875.xls
641,202.3,0.0,export-roasts_PR-8875.xls
642,202.4,0.0,export-roasts_PR-8875.xls
643,202.4,0.0,export-roasts_PR-8875.xls
644,202.5,5.0,export-roasts_PR-8875.xls
645,202.5,5.0,export-roasts_PR-8875.xls
646,202.6,5.0,export-roasts_PR-8875.xls
647,202.5,5.0,export-roasts_PR-8875.xls
648,202.6,5.0,export-roasts_PR-8875.xls
649,202.6,5.0,export-roasts_PR-8875.xls
650,202.6,5.0,export-roasts_PR-8875.xls
651,202.6,5.0,export-roasts_PR-8875.xls
652,202.6,5.0,export-roasts_PR-8875.xls
653,202.7,5.0,export-roasts_PR-8875.xls
654,202.7,5.0,export-roasts_PR-8875.xls
655,202.7,5.0,export-roasts_PR-8875.xls
656,202.8,5.0,export-roasts_PR-8875.xls
657,202.8,5.0,export-roasts_PR-8875.xls
658,202.9,5.0,export-roasts_PR-8875.xls
659,203.0,5.0,export-roasts_PR-8875.xls
660,203.0,5.0,export-roasts_PR-8875.xls
661,203.1,5.0,export-roasts_PR-8875.xls
662,203.1,5.0,export-roasts_PR-8875.xls
663,203.1,5.0,export-roasts_PR-8875.xls
664,203.2,5.0,export-roasts_PR-8875.xls
665,203.2,5.0,export-roasts_PR-8875.xls
666,203.3,5.0,export-roasts_PR-8875.xls
667,203.4,5.0,export-roasts_PR-8875.xls
668,203.4,5.0,export-roasts_PR-8875.xls
669,203.6,5.0,export-roasts_PR-8875.xls
670,203.6,5.0,export-roasts_PR-8875.xls
671,203.6,5.0,export-roasts_PR-8875.xls
672,203.7,5.0,export-roasts_PR-8875.xls
673,203.7,5.0,export-roasts_PR-8875.xls
674,203.8,5.0,export-roasts_PR-8875.xls
675,203.8,5.0,export-roasts_PR-8875.xls
676,203.8,5.0,export-roasts_PR-8875.xls
677,203.9,5.0,export-roasts_PR-8875.xls
678,204.0,5.0,export-roasts_PR-8875.xls
679,204.1,5.0,export-roasts_PR-8875.xls
680,204.2,5.0,export-roasts_PR-8875.xls
681,204.3,5.0,export-roasts_PR-8875.xls
682,204.3,5.0,export-roasts_PR-8875.xls
683,204.4,5.0,export-roasts_PR-8875.xls
684,204.5,5.0,export-roasts_PR-8875.xls
685,204.6,5.0,export-roasts_PR-8875.xls
686,204.7,5.0,export-roasts_PR-8875.xls
687,204.7,5.0,export-roasts_PR-8875.xls
688,204.8,5.0,export-roasts_PR-8875.xls
689,204.9,5.0,export-roasts_PR-8875.xls
690,204.9,5.0,export-roasts_PR-8875.xls
691,205.0,5.0,export-roasts_PR-8875.xls
692,205.0,5.0,export-roasts_PR-8875.xls
693,205.1,5.0,export-roasts_PR-8875.xls
694,205.2,5.0,export-roasts_PR-8875.xls
695,205.2,5.0,export-roasts_PR-8875.xls
696,205.3,5.0,export-roasts_PR-8875.xls
697,205.4,5.0,export-roasts_PR-8875.xls
698,205.5,5.0,export-roasts_PR-8875.xls
699,205.6,5.0,export-roasts_PR-8875.xls
700,205.6,5.0,export-roasts_PR-8875.xls
701,205.7,10.0,export-roasts_PR-8875.xls
702,205.8,10.0,export-roasts_PR-8875.xls
703,205.8,10.0,export-roasts_PR-8875.xls
704,205.9,10.0,export-roasts_PR-8875.xls
705,206.0,10.0,export-roasts_PR-8875.xls
706,206.1,10.0,export-roasts_PR-8875.xls
707,206.1,10.0,export-roasts_PR-8875.xls
708,206.2,10.0,export-roasts_PR-8875.xls
709,206.3,10.0,export-roasts_PR-8875.xls
710,206.3,10.0,export-roasts_PR-8875.xls
711,206.4,10.0,export-roasts_PR-8875.xls
712,206.5,10.0,export-roasts_PR-8875.xls
713,206.6,10.0,export-roasts_PR-8875.xls
714,206.7,10.0,export-roasts_PR-8875.xls
715,206.8,10.0,export-roasts_PR-8875.xls
716,206.8,10.0,export-roasts_PR-8875.xls
717,206.9,10.0,export-roasts_PR-8875.xls
718,207.0,10.0,export-roasts_PR-8875.xls
719,207.0,10.0,export-roasts_PR-8875.xls
720,207.1,10.0,export-roasts_PR-8875.xls
721,207.3,10.0,export-roasts_PR-8875.xls
722,207.3,10.0,export-roasts_PR-8875.xls
723,207.4,10.0,export-roasts_PR-8875.xls
724,207.5,10.0,export-roasts_PR-8875.xls
725,207.6,10.0,export-roasts_PR-8875.xls
726,207.7,10.0,export-roasts_PR-8875.xls
727,207.8,10.0,export-roasts_PR-8875.xls
728,207.9,10.0,export-roasts_PR-8875.xls
729,207.9,10.0,export-roasts_PR-8875.xls
730,208.0,10.0,export-roasts_PR-8875.xls
731,208.1,10.0,export-roasts_PR-8875.xls
732,208.1,10.0,export-roasts_PR-8875.xls
733,208.2,10.0,export-roasts_PR-8875.xls
734,208.3,10.0,export-roasts_PR-8875.xls
735,208.3,10.0,export-roasts_PR-8875.xls
736,208.4,10.0,export-roasts_PR-8875.xls
737,208.5,10.0,export-roasts_PR-8875.xls
738,208.6,10.0,export-roasts_PR-8875.xls
739,208.7,10.0,export-roasts_PR-8875.xls
740,208.8,10.0,export-roasts_PR-8875.xls
741,208.8,10.0,export-roasts_PR-8875.xls
742,208.9,10.0,export-roasts_PR-8875.xls
743,209.0,10.0,export-roasts_PR-8875.xls
744,209.1,10.0,export-roasts_PR-8875.xls
745,209.2,10.0,export-roasts_PR-8875.xls
746,209.3,10.0,export-roasts_PR-8875.xls
747,209.3,10.0,export-roasts_PR-8875.xls
748,209.4,10.0,export-roasts_PR-8875.xls
749,209.5,10.0,export-roasts_PR-8875.xls
750,209.6,10.0,export-roasts_PR-8875.xls
751,209.7,10.0,export-roasts_PR-8875.xls
752,209.8,10.0,export-roasts_PR-8875.xls
753,209.9,10.0,export-roasts_PR-8875.xls
754,209.9,10.0,export-roasts_PR-8875.xls
755,210.0,10.0,export-roasts_PR-8875.xls
756,210.1,10.0,export-roasts_PR-8875.xls
757,210.2,10.0,export-roasts_PR-8875.xls
758,210.3,10.0,export-roasts_PR-8875.xls
759,210.4,10.0,export-roasts_PR-8875.xls
760,210.5,10.0,export-roasts_PR-8875.xls
761,210.7,10.0,export-roasts_PR-8875.xls
762,210.7,10.0,export-roasts_PR-8875.xls
763,210.8,10.0,export-roasts_PR-8875.xls
764,211.0,10.0,export-roasts_PR-8875.xls
765,211.1,10.0,export-roasts_PR-8875.xls
766,211.2,10.0,export-roasts_PR-8875.xls
767,211.2,10.0,export-roasts_PR-8875.xls
768,211.3,10.0,export-roasts_PR-8875.xls
769,211.4,10.0,export-roasts_PR-8875.xls
770,211.6,10.0,export-roasts_PR-8875.xls
771,211.6,10.0,export-roasts_PR-8875.xls
772,211.7,10.0,export-roasts_PR-8875.xls
773,211.8,10.0,export-roasts_PR-8875.xls
774,212.0,10.0,export-roasts_PR-8875.xls
775,212.0,10.0,export-roasts_PR-8875.xls
776,212.2,10.0,export-roasts_PR-8875.xls
777,212.3,10.0,export-roasts_PR-8875.xls
778,212.4,10.0,export-roasts_PR-8875.xls
779,212.5,10.0,export-roasts_PR-8875.xls
780,212.6,10.0,export-roasts_PR-8875.xls
781,212.7,10.0,export-roasts_PR-8875.xls
782,212.9,10.0,export-roasts_PR-8875.xls
783,212.9,10.0,export-roasts_PR-8875.xls
784,213.1,10.0,export-roasts_PR-8875.xls
785,213.1,10.0,export-roasts_PR-8875.xls
786,213.2,10.0,export-roasts_PR-8875.xls
787,213.4,10.0,export-roasts_PR-8875.xls
788,213.5,10.0,export-roasts_PR-8875.xls
789,213.6,10.0,export-roasts_PR-8875.xls
790,213.7,10.0,export-roasts_PR-8875.xls
791,213.8,10.0,export-roasts_PR-8875.xls
792,213.9,10.0,export-roasts_PR-8875.xls
793,214.0,10.0,export-roasts_PR-8875.xls
794,214.1,10.0,export-roasts_PR-8875.xls
795,214.2,10.0,export-roasts_PR-8875.xls
796,214.3,10.0,export-roasts_PR-8875.xls
797,214.4,10.0,export-roasts_PR-8875.xls
798,214.5,10.0,export-roasts_PR-8875.xls
799,214.7,10.0,export-roasts_PR-8875.xls
800,214.8,10.0,export-roasts_PR-8875.xls
801,214.8,10.0,export-roasts_PR-8875.xls
802,215.0,10.0,export-roasts_PR-8875.xls
803,215.0,10.0,export-roasts_PR-8875.xls
804,215.2,10.0,export-roasts_PR-8875.xls
805,215.3,10.0,export-roasts_PR-8875.xls
806,215.4,10.0,export-roasts_PR-8875.xls
807,215.5,10.0,export-roasts_PR-8875.xls
808,215.6,10.0,export-roasts_PR-8875.xls
809,215.7,10.0,export-roasts_PR-8875.xls
810,215.8,10.0,export-roasts_PR-8875.xls
811,216.0,10.0,export-roasts_PR-8875.xls
812,216.0,10.0,export-roasts_PR-8875.xls
813,216.1,10.0,export-roasts_PR-8875.xls
814,216.2,10.0,export-roasts_PR-8875.xls
815,216.3,10.0,export-roasts_PR-8875.xls
816,216.5,10.0,export-roasts_PR-8875.xls
817,216.6,10.0,export-roasts_PR-8875.xls
818,216.7,10.0,export-roasts_PR-8875.xls
819,216.8,10.0,export-roasts_PR-8875.xls
820,216.9,10.0,export-roasts_PR-8875.xls
821,217.1,10.0,export-roasts_PR-8875.xls
822,217.2,10.0,export-roasts_PR-8875.xls
823,217.3,10.0,export-roasts_PR-8875.xls
824,217.4,10.0,export-roasts_PR-8875.xls
825,217.7,0.0,export-roasts_PR-8875.xls
0,221.2,0.0,export-roasts_PR-8880.xls
1,220.8,0.0,export-roasts_PR-8880.xls
2,216.6,0.0,export-roasts_PR-8880.xls
3,209.9,0.0,export-roasts_PR-8880.xls
4,201.1,0.0,export-roasts_PR-8880.xls
5,191.2,0.0,export-roasts_PR-8880.xls
6,180.3,0.0,export-roasts_PR-8880.xls
7,169.7,0.0,export-roasts_PR-8880.xls
8,159.7,0.0,export-roasts_PR-8880.xls
9,150.3,0.0,export-roasts_PR-8880.xls
10,141.7,0.0,export-roasts_PR-8880.xls
11,133.8,0.0,export-roasts_PR-8880.xls
12,126.6,0.0,export-roasts_PR-8880.xls
13,120.1,0.0,export-roasts_PR-8880.xls
14,114.0,0.0,export-roasts_PR-8880.xls
15,108.5,0.0,export-roasts_PR-8880.xls
16,103.4,0.0,export-roasts_PR-8880.xls
17,98.6,0.0,export-roasts_PR-8880.xls
18,94.3,0.0,export-roasts_PR-8880.xls
19,90.5,0.0,export-roasts_PR-8880.xls
20,86.8,0.0,export-roasts_PR-8880.xls
21,83.6,0.0,export-roasts_PR-8880.xls
22,80.5,0.0,export-roasts_PR-8880.xls
23,77.8,100.0,export-roasts_PR-8880.xls
24,75.3,100.0,export-roasts_PR-8880.xls
25,73.1,100.0,export-roasts_PR-8880.xls
26,71.0,100.0,export-roasts_PR-8880.xls
27,69.2,100.0,export-roasts_PR-8880.xls
28,67.5,100.0,export-roasts_PR-8880.xls
29,66.0,100.0,export-roasts_PR-8880.xls
30,64.7,100.0,export-roasts_PR-8880.xls
31,63.4,100.0,export-roasts_PR-8880.xls
32,62.3,100.0,export-roasts_PR-8880.xls
33,61.3,100.0,export-roasts_PR-8880.xls
34,60.5,100.0,export-roasts_PR-8880.xls
35,59.8,100.0,export-roasts_PR-8880.xls
36,59.1,100.0,export-roasts_PR-8880.xls
37,58.5,100.0,export-roasts_PR-8880.xls
38,58.0,100.0,export-roasts_PR-8880.xls
39,57.6,100.0,export-roasts_PR-8880.xls
40,57.2,100.0,export-roasts_PR-8880.xls
41,56.9,100.0,export-roasts_PR-8880.xls
42,56.8,100.0,export-roasts_PR-8880.xls
43,56.6,100.0,export-roasts_PR-8880.xls
44,56.5,100.0,export-roasts_PR-8880.xls
45,56.5,100.0,export-roasts_PR-8880.xls
46,56.5,100.0,export-roasts_PR-8880.xls
47,56.5,100.0,export-roasts_PR-8880.xls
48,56.6,100.0,export-roasts_PR-8880.xls
49,56.8,100.0,export-roasts_PR-8880.xls
50,56.9,100.0,export-roasts_PR-8880.xls
51,57.0,100.0,export-roasts_PR-8880.xls
52,57.2,100.0,export-roasts_PR-8880.xls
53,57.4,100.0,export-roasts_PR-8880.xls
54,57.6,100.0,export-roasts_PR-8880.xls
55,57.9,100.0,export-roasts_PR-8880.xls
56,58.1,100.0,export-roasts_PR-8880.xls
57,58.4,100.0,export-roasts_PR-8880.xls
58,58.7,100.0,export-roasts_PR-8880.xls
59,59.0,100.0,export-roasts_PR-8880.xls
60,59.3,100.0,export-roasts_PR-8880.xls
61,59.7,100.0,export-roasts_PR-8880.xls
62,60.1,100.0,export-roasts_PR-8880.xls
63,60.4,100.0,export-roasts_PR-8880.xls
64,60.8,100.0,export-roasts_PR-8880.xls
65,61.1,100.0,export-roasts_PR-8880.xls
66,61.5,100.0,export-roasts_PR-8880.xls
67,61.9,100.0,export-roasts_PR-8880.xls
68,62.3,100.0,export-roasts_PR-8880.xls
69,62.7,100.0,export-roasts_PR-8880.xls
70,63.1,100.0,export-roasts_PR-8880.xls
71,63.5,100.0,export-roasts_PR-8880.xls
72,63.9,100.0,export-roasts_PR-8880.xls
73,64.3,100.0,export-roasts_PR-8880.xls
74,64.7,100.0,export-roasts_PR-8880.xls
75,65.2,100.0,export-roasts_PR-8880.xls
76,65.6,100.0,export-roasts_PR-8880.xls
77,66.0,100.0,export-roasts_PR-8880.xls
78,66.5,100.0,export-roasts_PR-8880.xls
79,66.9,100.0,export-roasts_PR-8880.xls
80,67.4,100.0,export-roasts_PR-8880.xls
81,67.8,100.0,export-roasts_PR-8880.xls
82,68.2,100.0,export-roasts_PR-8880.xls
83,68.6,100.0,export-roasts_PR-8880.xls
84,69.1,100.0,export-roasts_PR-8880.xls
85,69.5,100.0,export-roasts_PR-8880.xls
86,69.9,100.0,export-roasts_PR-8880.xls
87,70.3,100.0,export-roasts_PR-8880.xls
88,70.8,100.0,export-roasts_PR-8880.xls
89,71.2,100.0,export-roasts_PR-8880.xls
90,71.6,100.0,export-roasts_PR-8880.xls
91,72.0,100.0,export-roasts_PR-8880.xls
92,72.3,100.0,export-roasts_PR-8880.xls
93,72.7,100.0,export-roasts_PR-8880.xls
94,73.1,100.0,export-roasts_PR-8880.xls
95,73.5,100.0,export-roasts_PR-8880.xls
96,73.9,100.0,export-roasts_PR-8880.xls
97,74.4,100.0,export-roasts_PR-8880.xls
98,74.7,100.0,export-roasts_PR-8880.xls
99,75.1,100.0,export-roasts_PR-8880.xls
100,75.5,100.0,export-roasts_PR-8880.xls
101,76.0,100.0,export-roasts_PR-8880.xls
102,76.4,100.0,export-roasts_PR-8880.xls
103,76.8,100.0,export-roasts_PR-8880.xls
104,77.2,100.0,export-roasts_PR-8880.xls
105,77.6,100.0,export-roasts_PR-8880.xls
106,77.9,100.0,export-roasts_PR-8880.xls
107,78.3,100.0,export-roasts_PR-8880.xls
108,78.7,100.0,export-roasts_PR-8880.xls
109,79.1,100.0,export-roasts_PR-8880.xls
110,79.6,100.0,export-roasts_PR-8880.xls
111,80.0,100.0,export-roasts_PR-8880.xls
112,80.3,100.0,export-roasts_PR-8880.xls
113,80.7,100.0,export-roasts_PR-8880.xls
114,81.1,100.0,export-roasts_PR-8880.xls
115,81.5,100.0,export-roasts_PR-8880.xls
116,81.9,100.0,export-roasts_PR-8880.xls
117,82.2,100.0,export-roasts_PR-8880.xls
118,82.7,100.0,export-roasts_PR-8880.xls
119,83.0,100.0,export-roasts_PR-8880.xls
120,83.4,100.0,export-roasts_PR-8880.xls
121,83.8,100.0,export-roasts_PR-8880.xls
122,84.1,100.0,export-roasts_PR-8880.xls
123,84.6,100.0,export-roasts_PR-8880.xls
124,84.9,100.0,export-roasts_PR-8880.xls
125,85.2,100.0,export-roasts_PR-8880.xls
126,85.6,100.0,export-roasts_PR-8880.xls
127,86.0,100.0,export-roasts_PR-8880.xls
128,86.4,100.0,export-roasts_PR-8880.xls
129,86.8,100.0,export-roasts_PR-8880.xls
130,87.1,100.0,export-roasts_PR-8880.xls
131,87.5,100.0,export-roasts_PR-8880.xls
132,87.9,100.0,export-roasts_PR-8880.xls
133,88.2,100.0,export-roasts_PR-8880.xls
134,88.6,100.0,export-roasts_PR-8880.xls
135,88.9,100.0,export-roasts_PR-8880.xls
136,89.3,100.0,export-roasts_PR-8880.xls
137,89.6,100.0,export-roasts_PR-8880.xls
138,90.0,100.0,export-roasts_PR-8880.xls
139,90.3,100.0,export-roasts_PR-8880.xls
140,90.7,80.0,export-roasts_PR-8880.xls
141,91.0,80.0,export-roasts_PR-8880.xls
142,91.3,80.0,export-roasts_PR-8880.xls
143,91.7,80.0,export-roasts_PR-8880.xls
144,92.0,80.0,export-roasts_PR-8880.xls
145,92.3,80.0,export-roasts_PR-8880.xls
146,92.7,80.0,export-roasts_PR-8880.xls
147,93.0,80.0,export-roasts_PR-8880.xls
148,93.4,80.0,export-roasts_PR-8880.xls
149,93.6,80.0,export-roasts_PR-8880.xls
150,94.1,80.0,export-roasts_PR-8880.xls
151,94.3,80.0,export-roasts_PR-8880.xls
152,94.7,80.0,export-roasts_PR-8880.xls
153,95.1,80.0,export-roasts_PR-8880.xls
154,95.5,80.0,export-roasts_PR-8880.xls
155,95.7,80.0,export-roasts_PR-8880.xls
156,96.1,80.0,export-roasts_PR-8880.xls
157,96.4,80.0,export-roasts_PR-8880.xls
158,96.7,80.0,export-roasts_PR-8880.xls
159,97.0,80.0,export-roasts_PR-8880.xls
160,97.4,80.0,export-roasts_PR-8880.xls
161,97.7,80.0,export-roasts_PR-8880.xls
162,97.9,80.0,export-roasts_PR-8880.xls
163,98.3,80.0,export-roasts_PR-8880.xls
164,98.5,80.0,export-roasts_PR-8880.xls
165,98.9,80.0,export-roasts_PR-8880.xls
166,99.2,80.0,export-roasts_PR-8880.xls
167,99.5,80.0,export-roasts_PR-8880.xls
168,99.8,80.0,export-roasts_PR-8880.xls
169,100.1,80.0,export-roasts_PR-8880.xls
170,100.4,80.0,export-roasts_PR-8880.xls
171,100.7,80.0,export-roasts_PR-8880.xls
172,101.0,80.0,export-roasts_PR-8880.xls
173,101.3,80.0,export-roasts_PR-8880.xls
174,101.6,80.0,export-roasts_PR-8880.xls
175,101.9,80.0,export-roasts_PR-8880.xls
176,102.2,80.0,export-roasts_PR-8880.xls
177,102.6,80.0,export-roasts_PR-8880.xls
178,102.9,80.0,export-roasts_PR-8880.xls
179,103.2,80.0,export-roasts_PR-8880.xls
180,103.5,80.0,export-roasts_PR-8880.xls
181,103.8,80.0,export-roasts_PR-8880.xls
182,104.0,80.0,export-roasts_PR-8880.xls
183,104.3,80.0,export-roasts_PR-8880.xls
184,104.6,80.0,export-roasts_PR-8880.xls
185,104.9,80.0,export-roasts_PR-8880.xls
186,105.3,80.0,export-roasts_PR-8880.xls
187,105.5,80.0,export-roasts_PR-8880.xls
188,105.9,80.0,export-roasts_PR-8880.xls
189,106.1,80.0,export-roasts_PR-8880.xls
190,106.4,80.0,export-roasts_PR-8880.xls
191,106.7,80.0,export-roasts_PR-8880.xls
192,107.0,80.0,export-roasts_PR-8880.xls
193,107.3,80.0,export-roasts_PR-8880.xls
194,107.7,80.0,export-roasts_PR-8880.xls
195,107.9,80.0,export-roasts_PR-8880.xls
196,108.2,80.0,export-roasts_PR-8880.xls
197,108.5,80.0,export-roasts_PR-8880.xls
198,108.8,80.0,export-roasts_PR-8880.xls
199,109.0,80.0,export-roasts_PR-8880.xls
200,109.3,80.0,export-roasts_PR-8880.xls
201,109.6,80.0,export-roasts_PR-8880.xls
202,109.9,80.0,export-roasts_PR-8880.xls
203,110.1,80.0,export-roasts_PR-8880.xls
204,110.4,80.0,export-roasts_PR-8880.xls
205,110.7,80.0,export-roasts_PR-8880.xls
206,110.9,80.0,export-roasts_PR-8880.xls
207,111.3,80.0,export-roasts_PR-8880.xls
208,111.5,80.0,export-roasts_PR-8880.xls
209,111.8,80.0,export-roasts_PR-8880.xls
210,112.1,80.0,export-roasts_PR-8880.xls
211,112.3,80.0,export-roasts_PR-8880.xls
212,112.6,80.0,export-roasts_PR-8880.xls
213,112.9,80.0,export-roasts_PR-8880.xls
214,113.2,80.0,export-roasts_PR-8880.xls
215,113.5,80.0,export-roasts_PR-8880.xls
216,113.8,80.0,export-roasts_PR-8880.xls
217,114.0,80.0,export-roasts_PR-8880.xls
218,114.3,80.0,export-roasts_PR-8880.xls
219,114.6,80.0,export-roasts_PR-8880.xls
220,114.9,80.0,export-roasts_PR-8880.xls
221,115.1,80.0,export-roasts_PR-8880.xls
222,115.4,80.0,export-roasts_PR-8880.xls
223,115.7,80.0,export-roasts_PR-8880.xls
224,116.0,80.0,export-roasts_PR-8880.xls
225,116.3,80.0,export-roasts_PR-8880.xls
226,116.5,80.0,export-roasts_PR-8880.xls
227,116.8,80.0,export-roasts_PR-8880.xls
228,117.1,80.0,export-roasts_PR-8880.xls
229,117.4,80.0,export-roasts_PR-8880.xls
230,117.6,80.0,export-roasts_PR-8880.xls
231,117.9,80.0,export-roasts_PR-8880.xls
232,118.1,80.0,export-roasts_PR-8880.xls
233,118.4,80.0,export-roasts_PR-8880.xls
234,118.6,80.0,export-roasts_PR-8880.xls
235,118.9,80.0,export-roasts_PR-8880.xls
236,119.2,80.0,export-roasts_PR-8880.xls
237,119.5,80.0,export-roasts_PR-8880.xls
238,119.8,80.0,export-roasts_PR-8880.xls
239,120.0,80.0,export-roasts_PR-8880.xls
240,120.2,80.0,export-roasts_PR-8880.xls
241,120.5,80.0,export-roasts_PR-8880.xls
242,120.8,80.0,export-roasts_PR-8880.xls
243,121.1,80.0,export-roasts_PR-8880.xls
244,121.3,80.0,export-roasts_PR-8880.xls
245,121.6,80.0,export-roasts_PR-8880.xls
246,121.8,80.0,export-roasts_PR-8880.xls
247,122.1,80.0,export-roasts_PR-8880.xls
248,122.4,80.0,export-roasts_PR-8880.xls
249,122.6,80.0,export-roasts_PR-8880.xls
250,122.9,80.0,export-roasts_PR-8880.xls
251,123.2,80.0,export-roasts_PR-8880.xls
252,123.5,80.0,export-roasts_PR-8880.xls
253,123.7,80.0,export-roasts_PR-8880.xls
254,124.0,80.0,export-roasts_PR-8880.xls
255,124.3,80.0,export-roasts_PR-8880.xls
256,124.5,80.0,export-roasts_PR-8880.xls
257,124.8,80.0,export-roasts_PR-8880.xls
258,125.0,80.0,export-roasts_PR-8880.xls
259,125.3,80.0,export-roasts_PR-8880.xls
260,125.5,80.0,export-roasts_PR-8880.xls
261,125.8,80.0,export-roasts_PR-8880.xls
262,126.1,80.0,export-roasts_PR-8880.xls
263,126.3,80.0,export-roasts_PR-8880.xls
264,126.6,80.0,export-roasts_PR-8880.xls
265,126.8,80.0,export-roasts_PR-8880.xls
266,127.1,80.0,export-roasts_PR-8880.xls
267,127.3,80.0,export-roasts_PR-8880.xls
268,127.6,80.0,export-roasts_PR-8880.xls
269,127.9,80.0,export-roasts_PR-8880.xls
270,128.2,80.0,export-roasts_PR-8880.xls
271,128.5,80.0,export-roasts_PR-8880.xls
272,128.7,80.0,export-roasts_PR-8880.xls
273,129.0,80.0,export-roasts_PR-8880.xls
274,129.3,80.0,export-roasts_PR-8880.xls
275,129.6,80.0,export-roasts_PR-8880.xls
276,129.8,80.0,export-roasts_PR-8880.xls
277,130.1,80.0,export-roasts_PR-8880.xls
278,130.3,80.0,export-roasts_PR-8880.xls
279,130.5,80.0,export-roasts_PR-8880.xls
280,130.8,80.0,export-roasts_PR-8880.xls
281,131.0,80.0,export-roasts_PR-8880.xls
282,131.3,80.0,export-roasts_PR-8880.xls
283,131.5,80.0,export-roasts_PR-8880.xls
284,131.8,80.0,export-roasts_PR-8880.xls
285,132.0,80.0,export-roasts_PR-8880.xls
286,132.2,80.0,export-roasts_PR-8880.xls
287,132.5,80.0,export-roasts_PR-8880.xls
288,132.7,80.0,export-roasts_PR-8880.xls
289,133.0,80.0,export-roasts_PR-8880.xls
290,133.3,80.0,export-roasts_PR-8880.xls
291,133.5,80.0,export-roasts_PR-8880.xls
292,133.7,80.0,export-roasts_PR-8880.xls
293,134.0,80.0,export-roasts_PR-8880.xls
294,134.1,80.0,export-roasts_PR-8880.xls
295,134.4,80.0,export-roasts_PR-8880.xls
296,134.6,80.0,export-roasts_PR-8880.xls
297,134.9,80.0,export-roasts_PR-8880.xls
298,135.1,80.0,export-roasts_PR-8880.xls
299,135.4,80.0,export-roasts_PR-8880.xls
300,135.6,80.0,export-roasts_PR-8880.xls
301,135.9,80.0,export-roasts_PR-8880.xls
302,136.1,80.0,export-roasts_PR-8880.xls
303,136.4,80.0,export-roasts_PR-8880.xls
304,136.6,80.0,export-roasts_PR-8880.xls
305,136.9,80.0,export-roasts_PR-8880.xls
306,137.1,80.0,export-roasts_PR-8880.xls
307,137.4,80.0,export-roasts_PR-8880.xls
308,137.6,80.0,export-roasts_PR-8880.xls
309,137.9,80.0,export-roasts_PR-8880.xls
310,138.1,80.0,export-roasts_PR-8880.xls
311,138.4,80.0,export-roasts_PR-8880.xls
312,138.7,80.0,export-roasts_PR-8880.xls
313,138.9,80.0,export-roasts_PR-8880.xls
314,139.1,80.0,export-roasts_PR-8880.xls
315,139.4,80.0,export-roasts_PR-8880.xls
316,139.6,80.0,export-roasts_PR-8880.xls
317,139.8,80.0,export-roasts_PR-8880.xls
318,140.0,80.0,export-roasts_PR-8880.xls
319,140.2,80.0,export-roasts_PR-8880.xls
320,140.5,80.0,export-roasts_PR-8880.xls
321,140.7,80.0,export-roasts_PR-8880.xls
322,141.0,80.0,export-roasts_PR-8880.xls
323,141.2,80.0,export-roasts_PR-8880.xls
324,141.5,80.0,export-roasts_PR-8880.xls
325,141.7,80.0,export-roasts_PR-8880.xls
326,142.0,80.0,export-roasts_PR-8880.xls
327,142.2,80.0,export-roasts_PR-8880.xls
328,142.5,80.0,export-roasts_PR-8880.xls
329,142.7,80.0,export-roasts_PR-8880.xls
330,143.0,80.0,export-roasts_PR-8880.xls
331,143.2,80.0,export-roasts_PR-8880.xls
332,143.4,80.0,export-roasts_PR-8880.xls
333,143.6,80.0,export-roasts_PR-8880.xls
334,143.9,80.0,export-roasts_PR-8880.xls
335,144.1,80.0,export-roasts_PR-8880.xls
336,144.3,80.0,export-roasts_PR-8880.xls
337,144.6,80.0,export-roasts_PR-8880.xls
338,144.8,80.0,export-roasts_PR-8880.xls
339,145.1,80.0,export-roasts_PR-8880.xls
340,145.3,80.0,export-roasts_PR-8880.xls
341,145.5,80.0,export-roasts_PR-8880.xls
342,145.7,80.0,export-roasts_PR-8880.xls
343,145.9,80.0,export-roasts_PR-8880.xls
344,146.2,80.0,export-roasts_PR-8880.xls
345,146.4,80.0,export-roasts_PR-8880.xls
346,146.5,80.0,export-roasts_PR-8880.xls
347,146.8,80.0,export-roasts_PR-8880.xls
348,147.0,80.0,export-roasts_PR-8880.xls
349,147.2,80.0,export-roasts_PR-8880.xls
350,147.4,80.0,export-roasts_PR-8880.xls
351,147.7,80.0,export-roasts_PR-8880.xls
352,147.9,80.0,export-roasts_PR-8880.xls
353,148.1,80.0,export-roasts_PR-8880.xls
354,148.3,80.0,export-roasts_PR-8880.xls
355,148.6,80.0,export-roasts_PR-8880.xls
356,148.7,80.0,export-roasts_PR-8880.xls
357,149.0,80.0,export-roasts_PR-8880.xls
358,149.2,80.0,export-roasts_PR-8880.xls
359,149.4,80.0,export-roasts_PR-8880.xls
360,149.7,80.0,export-roasts_PR-8880.xls
361,149.8,80.0,export-roasts_PR-8880.xls
362,150.0,80.0,export-roasts_PR-8880.xls
363,150.2,80.0,export-roasts_PR-8880.xls
364,150.5,80.0,export-roasts_PR-8880.xls
365,150.7,80.0,export-roasts_PR-8880.xls
366,150.9,80.0,export-roasts_PR-8880.xls
367,151.1,80.0,export-roasts_PR-8880.xls
368,151.3,80.0,export-roasts_PR-8880.xls
369,151.6,80.0,export-roasts_PR-8880.xls
370,151.8,80.0,export-roasts_PR-8880.xls
371,152.0,80.0,export-roasts_PR-8880.xls
372,152.2,80.0,export-roasts_PR-8880.xls
373,152.4,80.0,export-roasts_PR-8880.xls
374,152.6,80.0,export-roasts_PR-8880.xls
375,152.9,80.0,export-roasts_PR-8880.xls
376,153.1,80.0,export-roasts_PR-8880.xls
377,153.2,80.0,export-roasts_PR-8880.xls
378,153.5,80.0,export-roasts_PR-8880.xls
379,153.7,80.0,export-roasts_PR-8880.xls
380,153.9,80.0,export-roasts_PR-8880.xls
381,154.1,80.0,export-roasts_PR-8880.xls
382,154.4,80.0,export-roasts_PR-8880.xls
383,154.6,80.0,export-roasts_PR-8880.xls
384,154.8,80.0,export-roasts_PR-8880.xls
385,155.0,80.0,export-roasts_PR-8880.xls
386,155.3,80.0,export-roasts_PR-8880.xls
387,155.5,80.0,export-roasts_PR-8880.xls
388,155.6,80.0,export-roasts_PR-8880.xls
389,155.9,80.0,export-roasts_PR-8880.xls
390,156.0,80.0,export-roasts_PR-8880.xls
391,156.3,80.0,export-roasts_PR-8880.xls
392,156.5,80.0,export-roasts_PR-8880.xls
393,156.8,80.0,export-roasts_PR-8880.xls
394,157.0,80.0,export-roasts_PR-8880.xls
395,157.3,80.0,export-roasts_PR-8880.xls
396,157.4,80.0,export-roasts_PR-8880.xls
397,157.7,80.0,export-roasts_PR-8880.xls
398,157.9,80.0,export-roasts_PR-8880.xls
399,158.1,80.0,export-roasts_PR-8880.xls
400,158.3,80.0,export-roasts_PR-8880.xls
401,158.5,80.0,export-roasts_PR-8880.xls
402,158.7,80.0,export-roasts_PR-8880.xls
403,159.0,80.0,export-roasts_PR-8880.xls
404,159.2,80.0,export-roasts_PR-8880.xls
405,159.4,80.0,export-roasts_PR-8880.xls
406,159.6,80.0,export-roasts_PR-8880.xls
407,159.8,80.0,export-roasts_PR-8880.xls
408,160.0,80.0,export-roasts_PR-8880.xls
409,160.3,80.0,export-roasts_PR-8880.xls
410,160.4,80.0,export-roasts_PR-8880.xls
411,160.6,80.0,export-roasts_PR-8880.xls
412,160.9,80.0,export-roasts_PR-8880.xls
413,161.1,80.0,export-roasts_PR-8880.xls
414,161.3,80.0,export-roasts_PR-8880.xls
415,161.5,80.0,export-roasts_PR-8880.xls
416,161.7,80.0,export-roasts_PR-8880.xls
417,161.8,80.0,export-roasts_PR-8880.xls
418,162.1,80.0,export-roasts_PR-8880.xls
419,162.2,80.0,export-roasts_PR-8880.xls
420,162.5,80.0,export-roasts_PR-8880.xls
421,162.7,80.0,export-roasts_PR-8880.xls
422,162.9,80.0,export-roasts_PR-8880.xls
423,163.1,80.0,export-roasts_PR-8880.xls
424,163.3,80.0,export-roasts_PR-8880.xls
425,163.5,80.0,export-roasts_PR-8880.xls
426,163.7,80.0,export-roasts_PR-8880.xls
427,163.9,80.0,export-roasts_PR-8880.xls
428,164.1,80.0,export-roasts_PR-8880.xls
429,164.4,80.0,export-roasts_PR-8880.xls
430,164.6,80.0,export-roasts_PR-8880.xls
431,164.7,80.0,export-roasts_PR-8880.xls
432,165.0,80.0,export-roasts_PR-8880.xls
433,165.2,80.0,export-roasts_PR-8880.xls
434,165.4,80.0,export-roasts_PR-8880.xls
435,165.6,80.0,export-roasts_PR-8880.xls
436,165.8,80.0,export-roasts_PR-8880.xls
437,166.0,80.0,export-roasts_PR-8880.xls
438,166.2,80.0,export-roasts_PR-8880.xls
439,166.4,80.0,export-roasts_PR-8880.xls
440,166.6,80.0,export-roasts_PR-8880.xls
441,166.9,80.0,export-roasts_PR-8880.xls
442,167.1,80.0,export-roasts_PR-8880.xls
443,167.3,80.0,export-roasts_PR-8880.xls
444,167.5,80.0,export-roasts_PR-8880.xls
445,167.7,80.0,export-roasts_PR-8880.xls
446,167.9,80.0,export-roasts_PR-8880.xls
447,168.2,80.0,export-roasts_PR-8880.xls
448,168.4,80.0,export-roasts_PR-8880.xls
449,168.5,80.0,export-roasts_PR-8880.xls
450,168.8,80.0,export-roasts_PR-8880.xls
451,169.0,80.0,export-roasts_PR-8880.xls
452,169.2,80.0,export-roasts_PR-8880.xls
453,169.4,80.0,export-roasts_PR-8880.xls
454,169.6,80.0,export-roasts_PR-8880.xls
455,169.8,80.0,export-roasts_PR-8880.xls
456,170.1,80.0,export-roasts_PR-8880.xls
457,170.3,80.0,export-roasts_PR-8880.xls
458,170.6,80.0,export-roasts_PR-8880.xls
459,170.8,80.0,export-roasts_PR-8880.xls
460,171.0,80.0,export-roasts_PR-8880.xls
461,171.2,80.0,export-roasts_PR-8880.xls
462,171.4,80.0,export-roasts_PR-8880.xls
463,171.6,80.0,export-roasts_PR-8880.xls
464,171.8,80.0,export-roasts_PR-8880.xls
465,172.0,80.0,export-roasts_PR-8880.xls
466,172.2,80.0,export-roasts_PR-8880.xls
467,172.4,80.0,export-roasts_PR-8880.xls
468,172.6,80.0,export-roasts_PR-8880.xls
469,172.8,80.0,export-roasts_PR-8880.xls
470,173.1,80.0,export-roasts_PR-8880.xls
471,173.2,80.0,export-roasts_PR-8880.xls
472,173.5,80.0,export-roasts_PR-8880.xls
473,173.7,80.0,export-roasts_PR-8880.xls
474,173.9,80.0,export-roasts_PR-8880.xls
475,174.0,80.0,export-roasts_PR-8880.xls
476,174.3,80.0,export-roasts_PR-8880.xls
477,174.5,80.0,export-roasts_PR-8880.xls
478,174.6,80.0,export-roasts_PR-8880.xls
479,174.9,80.0,export-roasts_PR-8880.xls
480,175.1,80.0,export-roasts_PR-8880.xls
481,175.2,80.0,export-roasts_PR-8880.xls
482,175.5,80.0,export-roasts_PR-8880.xls
483,175.7,80.0,export-roasts_PR-8880.xls
484,175.8,90.0,export-roasts_PR-8880.xls
485,176.1,90.0,export-roasts_PR-8880.xls
486,176.3,90.0,export-roasts_PR-8880.xls
487,176.5,90.0,export-roasts_PR-8880.xls
488,176.8,90.0,export-roasts_PR-8880.xls
489,176.9,90.0,export-roasts_PR-8880.xls
490,177.2,90.0,export-roasts_PR-8880.xls
491,177.4,90.0,export-roasts_PR-8880.xls
492,177.6,90.0,export-roasts_PR-8880.xls
493,177.8,90.0,export-roasts_PR-8880.xls
494,178.0,90.0,export-roasts_PR-8880.xls
495,178.2,90.0,export-roasts_PR-8880.xls
496,178.4,90.0,export-roasts_PR-8880.xls
497,178.6,90.0,export-roasts_PR-8880.xls
498,178.8,90.0,export-roasts_PR-8880.xls
499,179.1,90.0,export-roasts_PR-8880.xls
500,179.3,90.0,export-roasts_PR-8880.xls
501,179.4,90.0,export-roasts_PR-8880.xls
502,179.7,90.0,export-roasts_PR-8880.xls
503,179.8,90.0,export-roasts_PR-8880.xls
504,180.0,90.0,export-roasts_PR-8880.xls
505,180.2,90.0,export-roasts_PR-8880.xls
506,180.4,90.0,export-roasts_PR-8880.xls
507,180.6,90.0,export-roasts_PR-8880.xls
508,180.9,90.0,export-roasts_PR-8880.xls
509,181.1,90.0,export-roasts_PR-8880.xls
510,181.3,90.0,export-roasts_PR-8880.xls
511,181.5,90.0,export-roasts_PR-8880.xls
512,181.7,90.0,export-roasts_PR-8880.xls
513,181.9,90.0,export-roasts_PR-8880.xls
514,182.1,90.0,export-roasts_PR-8880.xls
515,182.3,90.0,export-roasts_PR-8880.xls
516,182.5,90.0,export-roasts_PR-8880.xls
517,182.7,90.0,export-roasts_PR-8880.xls
518,182.9,90.0,export-roasts_PR-8880.xls
519,183.1,90.0,export-roasts_PR-8880.xls
520,183.4,90.0,export-roasts_PR-8880.xls
521,183.5,90.0,export-roasts_PR-8880.xls
522,183.7,90.0,export-roasts_PR-8880.xls
523,184.0,90.0,export-roasts_PR-8880.xls
524,184.2,90.0,export-roasts_PR-8880.xls
525,184.4,90.0,export-roasts_PR-8880.xls
526,184.6,90.0,export-roasts_PR-8880.xls
527,184.8,90.0,export-roasts_PR-8880.xls
528,185.0,90.0,export-roasts_PR-8880.xls
529,185.3,90.0,export-roasts_PR-8880.xls
530,185.5,90.0,export-roasts_PR-8880.xls
531,185.6,90.0,export-roasts_PR-8880.xls
532,185.9,90.0,export-roasts_PR-8880.xls
533,186.1,90.0,export-roasts_PR-8880.xls
534,186.3,90.0,export-roasts_PR-8880.xls
535,186.5,90.0,export-roasts_PR-8880.xls
536,186.8,90.0,export-roasts_PR-8880.xls
537,187.0,90.0,export-roasts_PR-8880.xls
538,187.2,90.0,export-roasts_PR-8880.xls
539,187.4,90.0,export-roasts_PR-8880.xls
540,187.6,90.0,export-roasts_PR-8880.xls
541,187.8,90.0,export-roasts_PR-8880.xls
542,188.0,90.0,export-roasts_PR-8880.xls
543,188.2,90.0,export-roasts_PR-8880.xls
544,188.4,90.0,export-roasts_PR-8880.xls
545,188.5,90.0,export-roasts_PR-8880.xls
546,188.8,90.0,export-roasts_PR-8880.xls
547,189.0,90.0,export-roasts_PR-8880.xls
548,189.2,90.0,export-roasts_PR-8880.xls
549,189.4,90.0,export-roasts_PR-8880.xls
550,189.6,90.0,export-roasts_PR-8880.xls
551,189.8,90.0,export-roasts_PR-8880.xls
552,190.1,90.0,export-roasts_PR-8880.xls
553,190.2,90.0,export-roasts_PR-8880.xls
554,190.4,90.0,export-roasts_PR-8880.xls
555,190.6,90.0,export-roasts_PR-8880.xls
556,190.8,90.0,export-roasts_PR-8880.xls
557,191.0,90.0,export-roasts_PR-8880.xls
558,191.2,90.0,export-roasts_PR-8880.xls
559,191.4,90.0,export-roasts_PR-8880.xls
560,191.6,0.0,export-roasts_PR-8880.xls
561,191.8,0.0,export-roasts_PR-8880.xls
562,192.1,0.0,export-roasts_PR-8880.xls
563,192.2,0.0,export-roasts_PR-8880.xls
564,192.5,0.0,export-roasts_PR-8880.xls
565,192.7,0.0,export-roasts_PR-8880.xls
566,192.9,0.0,export-roasts_PR-8880.xls
567,193.1,0.0,export-roasts_PR-8880.xls
568,193.3,0.0,export-roasts_PR-8880.xls
569,193.5,0.0,export-roasts_PR-8880.xls
570,193.6,0.0,export-roasts_PR-8880.xls
571,193.8,0.0,export-roasts_PR-8880.xls
572,194.0,0.0,export-roasts_PR-8880.xls
573,194.1,0.0,export-roasts_PR-8880.xls
574,194.3,0.0,export-roasts_PR-8880.xls
575,194.5,0.0,export-roasts_PR-8880.xls
576,194.6,0.0,export-roasts_PR-8880.xls
577,194.7,0.0,export-roasts_PR-8880.xls
578,194.9,0.0,export-roasts_PR-8880.xls
579,195.0,0.0,export-roasts_PR-8880.xls
580,195.2,0.0,export-roasts_PR-8880.xls
581,195.4,0.0,export-roasts_PR-8880.xls
582,195.5,0.0,export-roasts_PR-8880.xls
583,195.6,0.0,export-roasts_PR-8880.xls
584,195.8,0.0,export-roasts_PR-8880.xls
585,195.9,0.0,export-roasts_PR-8880.xls
586,196.0,0.0,export-roasts_PR-8880.xls
587,196.1,0.0,export-roasts_PR-8880.xls
588,196.3,0.0,export-roasts_PR-8880.xls
589,196.4,0.0,export-roasts_PR-8880.xls
590,196.5,0.0,export-roasts_PR-8880.xls
591,196.6,0.0,export-roasts_PR-8880.xls
592,196.7,0.0,export-roasts_PR-8880.xls
593,196.8,0.0,export-roasts_PR-8880.xls
594,196.9,0.0,export-roasts_PR-8880.xls
595,197.0,0.0,export-roasts_PR-8880.xls
596,197.2,0.0,export-roasts_PR-8880.xls
597,197.2,0.0,export-roasts_PR-8880.xls
598,197.3,0.0,export-roasts_PR-8880.xls
599,197.4,0.0,export-roasts_PR-8880.xls
600,197.5,0.0,export-roasts_PR-8880.xls
601,197.6,0.0,export-roasts_PR-8880.xls
602,197.7,0.0,export-roasts_PR-8880.xls
603,197.8,0.0,export-roasts_PR-8880.xls
604,197.9,0.0,export-roasts_PR-8880.xls
605,197.9,0.0,export-roasts_PR-8880.xls
606,198.0,0.0,export-roasts_PR-8880.xls
607,198.1,0.0,export-roasts_PR-8880.xls
608,198.2,0.0,export-roasts_PR-8880.xls
609,198.3,0.0,export-roasts_PR-8880.xls
610,198.3,0.0,export-roasts_PR-8880.xls
611,198.4,0.0,export-roasts_PR-8880.xls
612,198.5,0.0,export-roasts_PR-8880.xls
613,198.7,0.0,export-roasts_PR-8880.xls
614,198.7,0.0,export-roasts_PR-8880.xls
615,198.8,0.0,export-roasts_PR-8880.xls
616,198.9,0.0,export-roasts_PR-8880.xls
617,199.0,0.0,export-roasts_PR-8880.xls
618,199.0,0.0,export-roasts_PR-8880.xls
619,199.2,0.0,export-roasts_PR-8880.xls
620,199.3,0.0,export-roasts_PR-8880.xls
621,199.3,0.0,export-roasts_PR-8880.xls
622,199.4,0.0,export-roasts_PR-8880.xls
623,199.5,0.0,export-roasts_PR-8880.xls
624,199.6,0.0,export-roasts_PR-8880.xls
625,199.7,0.0,export-roasts_PR-8880.xls
626,199.7,0.0,export-roasts_PR-8880.xls
627,199.8,0.0,export-roasts_PR-8880.xls
628,199.9,0.0,export-roasts_PR-8880.xls
629,200.0,0.0,export-roasts_PR-8880.xls
630,200.1,0.0,export-roasts_PR-8880.xls
631,200.2,0.0,export-roasts_PR-8880.xls
632,200.2,0.0,export-roasts_PR-8880.xls
633,200.3,0.0,export-roasts_PR-8880.xls
634,200.3,0.0,export-roasts_PR-8880.xls
635,200.4,0.0,export-roasts_PR-8880.xls
636,200.4,0.0,export-roasts_PR-8880.xls
637,200.5,0.0,export-roasts_PR-8880.xls
638,200.6,0.0,export-roasts_PR-8880.xls
639,200.7,0.0,export-roasts_PR-8880.xls
640,200.7,0.0,export-roasts_PR-8880.xls
641,200.8,0.0,export-roasts_PR-8880.xls
642,200.8,0.0,export-roasts_PR-8880.xls
643,200.9,0.0,export-roasts_PR-8880.xls
644,201.0,5.0,export-roasts_PR-8880.xls
645,201.0,5.0,export-roasts_PR-8880.xls
646,201.1,5.0,export-roasts_PR-8880.xls
647,201.2,5.0,export-roasts_PR-8880.xls
648,201.2,5.0,export-roasts_PR-8880.xls
649,201.2,5.0,export-roasts_PR-8880.xls
650,201.3,5.0,export-roasts_PR-8880.xls
651,201.3,5.0,export-roasts_PR-8880.xls
652,201.3,5.0,export-roasts_PR-8880.xls
653,201.3,5.0,export-roasts_PR-8880.xls
654,201.4,5.0,export-roasts_PR-8880.xls
655,201.5,5.0,export-roasts_PR-8880.xls
656,201.5,5.0,export-roasts_PR-8880.xls
657,201.6,5.0,export-roasts_PR-8880.xls
658,201.7,5.0,export-roasts_PR-8880.xls
659,201.8,5.0,export-roasts_PR-8880.xls
660,201.9,5.0,export-roasts_PR-8880.xls
661,201.9,5.0,export-roasts_PR-8880.xls
662,202.0,5.0,export-roasts_PR-8880.xls
663,202.0,5.0,export-roasts_PR-8880.xls
664,202.1,5.0,export-roasts_PR-8880.xls
665,202.2,5.0,export-roasts_PR-8880.xls
666,202.2,5.0,export-roasts_PR-8880.xls
667,202.4,5.0,export-roasts_PR-8880.xls
668,202.4,5.0,export-roasts_PR-8880.xls
669,202.5,5.0,export-roasts_PR-8880.xls
670,202.6,5.0,export-roasts_PR-8880.xls
671,202.6,5.0,export-roasts_PR-8880.xls
672,202.8,5.0,export-roasts_PR-8880.xls
673,202.8,5.0,export-roasts_PR-8880.xls
674,202.9,5.0,export-roasts_PR-8880.xls
675,203.0,5.0,export-roasts_PR-8880.xls
676,203.1,5.0,export-roasts_PR-8880.xls
677,203.1,5.0,export-roasts_PR-8880.xls
678,203.2,5.0,export-roasts_PR-8880.xls
679,203.3,5.0,export-roasts_PR-8880.xls
680,203.3,5.0,export-roasts_PR-8880.xls
681,203.4,5.0,export-roasts_PR-8880.xls
682,203.6,5.0,export-roasts_PR-8880.xls
683,203.6,5.0,export-roasts_PR-8880.xls
684,203.7,5.0,export-roasts_PR-8880.xls
685,203.7,5.0,export-roasts_PR-8880.xls
686,203.8,5.0,export-roasts_PR-8880.xls
687,203.9,5.0,export-roasts_PR-8880.xls
688,204.0,5.0,export-roasts_PR-8880.xls
689,204.0,5.0,export-roasts_PR-8880.xls
690,204.1,5.0,export-roasts_PR-8880.xls
691,204.2,5.0,export-roasts_PR-8880.xls
692,204.2,5.0,export-roasts_PR-8880.xls
693,204.3,5.0,export-roasts_PR-8880.xls
694,204.4,5.0,export-roasts_PR-8880.xls
695,204.5,5.0,export-roasts_PR-8880.xls
696,204.5,5.0,export-roasts_PR-8880.xls
697,204.7,5.0,export-roasts_PR-8880.xls
698,204.7,5.0,export-roasts_PR-8880.xls
699,204.9,5.0,export-roasts_PR-8880.xls
700,204.9,5.0,export-roasts_PR-8880.xls
701,205.0,10.0,export-roasts_PR-8880.xls
702,205.0,10.0,export-roasts_PR-8880.xls
703,205.1,10.0,export-roasts_PR-8880.xls
704,205.2,10.0,export-roasts_PR-8880.xls
705,205.2,10.0,export-roasts_PR-8880.xls
706,205.3,10.0,export-roasts_PR-8880.xls
707,205.4,10.0,export-roasts_PR-8880.xls
708,205.5,10.0,export-roasts_PR-8880.xls
709,205.5,10.0,export-roasts_PR-8880.xls
710,205.6,10.0,export-roasts_PR-8880.xls
711,205.7,10.0,export-roasts_PR-8880.xls
712,205.8,10.0,export-roasts_PR-8880.xls
713,205.8,10.0,export-roasts_PR-8880.xls
714,205.8,10.0,export-roasts_PR-8880.xls
715,205.8,10.0,export-roasts_PR-8880.xls
716,205.9,10.0,export-roasts_PR-8880.xls
717,206.0,10.0,export-roasts_PR-8880.xls
718,206.1,10.0,export-roasts_PR-8880.xls
719,206.1,10.0,export-roasts_PR-8880.xls
720,206.2,10.0,export-roasts_PR-8880.xls
721,206.3,10.0,export-roasts_PR-8880.xls
722,206.3,10.0,export-roasts_PR-8880.xls
723,206.4,10.0,export-roasts_PR-8880.xls
724,206.5,10.0,export-roasts_PR-8880.xls
725,206.5,10.0,export-roasts_PR-8880.xls
726,206.6,10.0,export-roasts_PR-8880.xls
727,206.7,10.0,export-roasts_PR-8880.xls
728,206.7,10.0,export-roasts_PR-8880.xls
729,206.8,10.0,export-roasts_PR-8880.xls
730,206.9,10.0,export-roasts_PR-8880.xls
731,206.9,10.0,export-roasts_PR-8880.xls
732,207.0,10.0,export-roasts_PR-8880.xls
733,207.0,10.0,export-roasts_PR-8880.xls
734,207.1,10.0,export-roasts_PR-8880.xls
735,207.2,10.0,export-roasts_PR-8880.xls
736,207.3,10.0,export-roasts_PR-8880.xls
737,207.3,10.0,export-roasts_PR-8880.xls
738,207.4,10.0,export-roasts_PR-8880.xls
739,207.5,10.0,export-roasts_PR-8880.xls
740,207.6,10.0,export-roasts_PR-8880.xls
741,207.6,10.0,export-roasts_PR-8880.xls
742,207.7,10.0,export-roasts_PR-8880.xls
743,207.8,10.0,export-roasts_PR-8880.xls
744,207.9,10.0,export-roasts_PR-8880.xls
745,207.9,10.0,export-roasts_PR-8880.xls
746,208.0,10.0,export-roasts_PR-8880.xls
747,208.1,10.0,export-roasts_PR-8880.xls
748,208.2,10.0,export-roasts_PR-8880.xls
749,208.2,10.0,export-roasts_PR-8880.xls
750,208.3,10.0,export-roasts_PR-8880.xls
751,208.4,10.0,export-roasts_PR-8880.xls
752,208.5,10.0,export-roasts_PR-8880.xls
753,208.6,10.0,export-roasts_PR-8880.xls
754,208.7,10.0,export-roasts_PR-8880.xls
755,208.8,10.0,export-roasts_PR-8880.xls
756,208.8,10.0,export-roasts_PR-8880.xls
757,208.9,10.0,export-roasts_PR-8880.xls
758,209.0,10.0,export-roasts_PR-8880.xls
759,209.1,10.0,export-roasts_PR-8880.xls
760,209.2,10.0,export-roasts_PR-8880.xls
761,209.3,10.0,export-roasts_PR-8880.xls
762,209.4,10.0,export-roasts_PR-8880.xls
763,209.4,10.0,export-roasts_PR-8880.xls
764,209.5,10.0,export-roasts_PR-8880.xls
765,209.7,10.0,export-roasts_PR-8880.xls
766,209.7,10.0,export-roasts_PR-8880.xls
767,209.8,10.0,export-roasts_PR-8880.xls
768,209.8,10.0,export-roasts_PR-8880.xls
769,209.9,10.0,export-roasts_PR-8880.xls
770,210.0,10.0,export-roasts_PR-8880.xls
771,210.1,10.0,export-roasts_PR-8880.xls
772,210.1,10.0,export-roasts_PR-8880.xls
773,210.2,10.0,export-roasts_PR-8880.xls
774,210.3,10.0,export-roasts_PR-8880.xls
775,210.4,10.0,export-roasts_PR-8880.xls
776,210.5,10.0,export-roasts_PR-8880.xls
777,210.6,10.0,export-roasts_PR-8880.xls
778,210.7,10.0,export-roasts_PR-8880.xls
779,210.8,10.0,export-roasts_PR-8880.xls
780,210.9,10.0,export-roasts_PR-8880.xls
781,211.1,10.0,export-roasts_PR-8880.xls
782,211.1,10.0,export-roasts_PR-8880.xls
783,211.2,10.0,export-roasts_PR-8880.xls
784,211.4,10.0,export-roasts_PR-8880.xls
785,211.4,10.0,export-roasts_PR-8880.xls
786,211.6,10.0,export-roasts_PR-8880.xls
787,211.7,10.0,export-roasts_PR-8880.xls
788,211.7,10.0,export-roasts_PR-8880.xls
789,211.8,10.0,export-roasts_PR-8880.xls
790,211.9,10.0,export-roasts_PR-8880.xls
791,212.0,10.0,export-roasts_PR-8880.xls
792,212.1,10.0,export-roasts_PR-8880.xls
793,212.2,10.0,export-roasts_PR-8880.xls
794,212.3,10.0,export-roasts_PR-8880.xls
795,212.3,10.0,export-roasts_PR-8880.xls
796,212.4,10.0,export-roasts_PR-8880.xls
797,212.6,10.0,export-roasts_PR-8880.xls
798,212.6,10.0,export-roasts_PR-8880.xls
799,212.8,10.0,export-roasts_PR-8880.xls
800,212.9,10.0,export-roasts_PR-8880.xls
801,213.0,10.0,export-roasts_PR-8880.xls
802,213.1,10.0,export-roasts_PR-8880.xls
803,213.1,10.0,export-roasts_PR-8880.xls
804,213.3,10.0,export-roasts_PR-8880.xls
805,213.4,10.0,export-roasts_PR-8880.xls
806,213.5,10.0,export-roasts_PR-8880.xls
807,213.6,10.0,export-roasts_PR-8880.xls
808,213.7,10.0,export-roasts_PR-8880.xls
809,213.8,10.0,export-roasts_PR-8880.xls
810,213.9,10.0,export-roasts_PR-8880.xls
811,214.0,10.0,export-roasts_PR-8880.xls
812,214.1,10.0,export-roasts_PR-8880.xls
813,214.2,10.0,export-roasts_PR-8880.xls
814,214.3,10.0,export-roasts_PR-8880.xls
815,214.4,10.0,export-roasts_PR-8880.xls
816,214.5,10.0,export-roasts_PR-8880.xls
817,214.7,10.0,export-roasts_PR-8880.xls
818,214.7,10.0,export-roasts_PR-8880.xls
819,214.9,10.0,export-roasts_PR-8880.xls
820,215.0,10.0,export-roasts_PR-8880.xls
821,215.0,10.0,export-roasts_PR-8880.xls
822,215.2,10.0,export-roasts_PR-8880.xls
823,215.2,10.0,export-roasts_PR-8880.xls
824,215.4,10.0,export-roasts_PR-8880.xls
825,215.5,10.0,export-roasts_PR-8880.xls
826,215.5,10.0,export-roasts_PR-8880.xls
827,215.6,10.0,export-roasts_PR-8880.xls
828,215.7,10.0,export-roasts_PR-8880.xls
829,215.9,10.0,export-roasts_PR-8880.xls
830,216.0,10.0,export-roasts_PR-8880.xls
831,216.1,10.0,export-roasts_PR-8880.xls
832,216.2,10.0,export-roasts_PR-8880.xls
833,216.3,10.0,export-roasts_PR-8880.xls
834,216.4,10.0,export-roasts_PR-8880.xls
835,216.6,10.0,export-roasts_PR-8880.xls
836,216.7,10.0,export-roasts_PR-8880.xls
837,216.8,10.0,export-roasts_PR-8880.xls
838,216.9,10.0,export-roasts_PR-8880.xls
839,216.9,10.0,export-roasts_PR-8880.xls
840,217.1,10.0,export-roasts_PR-8880.xls
841,217.2,10.0,export-roasts_PR-8880.xls
842,217.3,10.0,export-roasts_PR-8880.xls
843,217.4,10.0,export-roasts_PR-8880.xls
844,217.5,10.0,export-roasts_PR-8880.xls
845,217.7,10.0,export-roasts_PR-8880.xls
0,221.5,0.0,export-roasts_PR-8883.xls
1,221.4,0.0,export-roasts_PR-8883.xls
2,217.8,0.0,export-roasts_PR-8883.xls
3,210.7,0.0,export-roasts_PR-8883.xls
4,201.5,0.0,export-roasts_PR-8883.xls
5,191.2,0.0,export-roasts_PR-8883.xls
6,180.8,0.0,export-roasts_PR-8883.xls
7,170.5,0.0,export-roasts_PR-8883.xls
8,161.0,0.0,export-roasts_PR-8883.xls
9,151.8,0.0,export-roasts_PR-8883.xls
10,143.3,0.0,export-roasts_PR-8883.xls
11,135.5,0.0,export-roasts_PR-8883.xls
12,128.1,0.0,export-roasts_PR-8883.xls
13,121.6,0.0,export-roasts_PR-8883.xls
14,115.5,0.0,export-roasts_PR-8883.xls
15,109.8,0.0,export-roasts_PR-8883.xls
16,104.5,0.0,export-roasts_PR-8883.xls
17,99.7,0.0,export-roasts_PR-8883.xls
18,95.3,0.0,export-roasts_PR-8883.xls
19,91.4,0.0,export-roasts_PR-8883.xls
20,87.9,0.0,export-roasts_PR-8883.xls
21,84.4,0.0,export-roasts_PR-8883.xls
22,81.4,0.0,export-roasts_PR-8883.xls
23,78.5,100.0,export-roasts_PR-8883.xls
24,76.1,100.0,export-roasts_PR-8883.xls
25,73.7,100.0,export-roasts_PR-8883.xls
26,71.7,100.0,export-roasts_PR-8883.xls
27,69.8,100.0,export-roasts_PR-8883.xls
28,68.2,100.0,export-roasts_PR-8883.xls
29,66.7,100.0,export-roasts_PR-8883.xls
30,65.4,80.0,export-roasts_PR-8883.xls
31,64.1,80.0,export-roasts_PR-8883.xls
32,63.0,80.0,export-roasts_PR-8883.xls
33,62.0,80.0,export-roasts_PR-8883.xls
34,61.2,80.0,export-roasts_PR-8883.xls
35,60.4,80.0,export-roasts_PR-8883.xls
36,59.8,80.0,export-roasts_PR-8883.xls
37,59.2,80.0,export-roasts_PR-8883.xls
38,58.7,80.0,export-roasts_PR-8883.xls
39,58.3,80.0,export-roasts_PR-8883.xls
40,58.0,80.0,export-roasts_PR-8883.xls
41,57.7,80.0,export-roasts_PR-8883.xls
42,57.4,80.0,export-roasts_PR-8883.xls
43,57.3,80.0,export-roasts_PR-8883.xls
44,57.1,80.0,export-roasts_PR-8883.xls
45,57.0,80.0,export-roasts_PR-8883.xls
46,57.0,80.0,export-roasts_PR-8883.xls
47,57.0,80.0,export-roasts_PR-8883.xls
48,57.0,80.0,export-roasts_PR-8883.xls
49,57.2,80.0,export-roasts_PR-8883.xls
50,57.3,80.0,export-roasts_PR-8883.xls
51,57.5,80.0,export-roasts_PR-8883.xls
52,57.6,80.0,export-roasts_PR-8883.xls
53,57.9,80.0,export-roasts_PR-8883.xls
54,58.0,80.0,export-roasts_PR-8883.xls
55,58.3,80.0,export-roasts_PR-8883.xls
56,58.5,80.0,export-roasts_PR-8883.xls
57,58.8,80.0,export-roasts_PR-8883.xls
58,59.1,80.0,export-roasts_PR-8883.xls
59,59.4,80.0,export-roasts_PR-8883.xls
60,59.7,80.0,export-roasts_PR-8883.xls
61,59.9,80.0,export-roasts_PR-8883.xls
62,60.2,80.0,export-roasts_PR-8883.xls
63,60.6,80.0,export-roasts_PR-8883.xls
64,60.9,80.0,export-roasts_PR-8883.xls
65,61.2,80.0,export-roasts_PR-8883.xls
66,61.6,80.0,export-roasts_PR-8883.xls
67,61.9,80.0,export-roasts_PR-8883.xls
68,62.3,80.0,export-roasts_PR-8883.xls
69,62.7,80.0,export-roasts_PR-8883.xls
70,63.1,80.0,export-roasts_PR-8883.xls
71,63.5,80.0,export-roasts_PR-8883.xls
72,63.9,80.0,export-roasts_PR-8883.xls
73,64.2,80.0,export-roasts_PR-8883.xls
74,64.6,80.0,export-roasts_PR-8883.xls
75,65.0,80.0,export-roasts_PR-8883.xls
76,65.4,80.0,export-roasts_PR-8883.xls
77,65.8,80.0,export-roasts_PR-8883.xls
78,66.2,80.0,export-roasts_PR-8883.xls
79,66.6,80.0,export-roasts_PR-8883.xls
80,67.0,80.0,export-roasts_PR-8883.xls
81,67.4,80.0,export-roasts_PR-8883.xls
82,67.8,80.0,export-roasts_PR-8883.xls
83,68.2,80.0,export-roasts_PR-8883.xls
84,68.6,80.0,export-roasts_PR-8883.xls
85,69.0,80.0,export-roasts_PR-8883.xls
86,69.3,80.0,export-roasts_PR-8883.xls
87,69.7,80.0,export-roasts_PR-8883.xls
88,70.1,80.0,export-roasts_PR-8883.xls
89,70.5,80.0,export-roasts_PR-8883.xls
90,70.9,80.0,export-roasts_PR-8883.xls
91,71.3,80.0,export-roasts_PR-8883.xls
92,71.7,80.0,export-roasts_PR-8883.xls
93,72.1,80.0,export-roasts_PR-8883.xls
94,72.5,80.0,export-roasts_PR-8883.xls
95,72.9,80.0,export-roasts_PR-8883.xls
96,73.3,80.0,export-roasts_PR-8883.xls
97,73.7,80.0,export-roasts_PR-8883.xls
98,74.1,80.0,export-roasts_PR-8883.xls
99,74.5,80.0,export-roasts_PR-8883.xls
100,74.9,80.0,export-roasts_PR-8883.xls
101,75.3,80.0,export-roasts_PR-8883.xls
102,75.7,80.0,export-roasts_PR-8883.xls
103,76.1,80.0,export-roasts_PR-8883.xls
104,76.5,80.0,export-roasts_PR-8883.xls
105,76.9,80.0,export-roasts_PR-8883.xls
106,77.3,80.0,export-roasts_PR-8883.xls
107,77.7,80.0,export-roasts_PR-8883.xls
108,78.1,80.0,export-roasts_PR-8883.xls
109,78.5,80.0,export-roasts_PR-8883.xls
110,78.9,80.0,export-roasts_PR-8883.xls
111,79.3,80.0,export-roasts_PR-8883.xls
112,79.8,80.0,export-roasts_PR-8883.xls
113,80.2,80.0,export-roasts_PR-8883.xls
114,80.6,80.0,export-roasts_PR-8883.xls
115,80.9,80.0,export-roasts_PR-8883.xls
116,81.4,80.0,export-roasts_PR-8883.xls
117,81.7,80.0,export-roasts_PR-8883.xls
118,82.1,80.0,export-roasts_PR-8883.xls
119,82.4,80.0,export-roasts_PR-8883.xls
120,82.8,80.0,export-roasts_PR-8883.xls
121,83.1,80.0,export-roasts_PR-8883.xls
122,83.6,80.0,export-roasts_PR-8883.xls
123,83.9,80.0,export-roasts_PR-8883.xls
124,84.2,80.0,export-roasts_PR-8883.xls
125,84.6,80.0,export-roasts_PR-8883.xls
126,84.9,80.0,export-roasts_PR-8883.xls
127,85.3,80.0,export-roasts_PR-8883.xls
128,85.6,80.0,export-roasts_PR-8883.xls
129,85.9,80.0,export-roasts_PR-8883.xls
130,86.3,80.0,export-roasts_PR-8883.xls
131,86.7,80.0,export-roasts_PR-8883.xls
132,87.0,80.0,export-roasts_PR-8883.xls
133,87.4,80.0,export-roasts_PR-8883.xls
134,87.7,80.0,export-roasts_PR-8883.xls
135,88.1,80.0,export-roasts_PR-8883.xls
136,88.4,80.0,export-roasts_PR-8883.xls
137,88.8,80.0,export-roasts_PR-8883.xls
138,89.2,80.0,export-roasts_PR-8883.xls
139,89.5,80.0,export-roasts_PR-8883.xls
140,89.9,80.0,export-roasts_PR-8883.xls
141,90.1,80.0,export-roasts_PR-8883.xls
142,90.5,80.0,export-roasts_PR-8883.xls
143,90.8,80.0,export-roasts_PR-8883.xls
144,91.1,80.0,export-roasts_PR-8883.xls
145,91.4,80.0,export-roasts_PR-8883.xls
146,91.8,80.0,export-roasts_PR-8883.xls
147,92.1,80.0,export-roasts_PR-8883.xls
148,92.4,80.0,export-roasts_PR-8883.xls
149,92.7,80.0,export-roasts_PR-8883.xls
150,93.0,80.0,export-roasts_PR-8883.xls
151,93.3,80.0,export-roasts_PR-8883.xls
152,93.6,80.0,export-roasts_PR-8883.xls
153,93.9,80.0,export-roasts_PR-8883.xls
154,94.2,80.0,export-roasts_PR-8883.xls
155,94.5,80.0,export-roasts_PR-8883.xls
156,94.8,80.0,export-roasts_PR-8883.xls
157,95.1,80.0,export-roasts_PR-8883.xls
158,95.4,80.0,export-roasts_PR-8883.xls
159,95.7,80.0,export-roasts_PR-8883.xls
160,96.0,80.0,export-roasts_PR-8883.xls
161,96.3,80.0,export-roasts_PR-8883.xls
162,96.6,80.0,export-roasts_PR-8883.xls
163,96.9,80.0,export-roasts_PR-8883.xls
164,97.3,80.0,export-roasts_PR-8883.xls
165,97.6,80.0,export-roasts_PR-8883.xls
166,97.9,80.0,export-roasts_PR-8883.xls
167,98.2,80.0,export-roasts_PR-8883.xls
168,98.5,80.0,export-roasts_PR-8883.xls
169,98.9,80.0,export-roasts_PR-8883.xls
170,99.2,80.0,export-roasts_PR-8883.xls
171,99.5,80.0,export-roasts_PR-8883.xls
172,99.8,80.0,export-roasts_PR-8883.xls
173,100.1,80.0,export-roasts_PR-8883.xls
174,100.4,80.0,export-roasts_PR-8883.xls
175,100.7,80.0,export-roasts_PR-8883.xls
176,101.0,80.0,export-roasts_PR-8883.xls
177,101.3,80.0,export-roasts_PR-8883.xls
178,101.6,80.0,export-roasts_PR-8883.xls
179,101.9,80.0,export-roasts_PR-8883.xls
180,102.2,80.0,export-roasts_PR-8883.xls
181,102.5,80.0,export-roasts_PR-8883.xls
182,102.8,80.0,export-roasts_PR-8883.xls
183,103.1,80.0,export-roasts_PR-8883.xls
184,103.4,80.0,export-roasts_PR-8883.xls
185,103.7,80.0,export-roasts_PR-8883.xls
186,104.0,80.0,export-roasts_PR-8883.xls
187,104.2,80.0,export-roasts_PR-8883.xls
188,104.5,80.0,export-roasts_PR-8883.xls
189,104.8,80.0,export-roasts_PR-8883.xls
190,105.1,80.0,export-roasts_PR-8883.xls
191,105.4,80.0,export-roasts_PR-8883.xls
192,105.7,80.0,export-roasts_PR-8883.xls
193,105.9,80.0,export-roasts_PR-8883.xls
194,106.2,80.0,export-roasts_PR-8883.xls
195,106.5,80.0,export-roasts_PR-8883.xls
196,106.7,80.0,export-roasts_PR-8883.xls
197,107.1,80.0,export-roasts_PR-8883.xls
198,107.4,80.0,export-roasts_PR-8883.xls
199,107.7,80.0,export-roasts_PR-8883.xls
200,107.9,80.0,export-roasts_PR-8883.xls
201,108.2,80.0,export-roasts_PR-8883.xls
202,108.5,80.0,export-roasts_PR-8883.xls
203,108.8,80.0,export-roasts_PR-8883.xls
204,109.0,80.0,export-roasts_PR-8883.xls
205,109.3,80.0,export-roasts_PR-8883.xls
206,109.6,80.0,export-roasts_PR-8883.xls
207,109.9,80.0,export-roasts_PR-8883.xls
208,110.2,80.0,export-roasts_PR-8883.xls
209,110.4,80.0,export-roasts_PR-8883.xls
210,110.7,80.0,export-roasts_PR-8883.xls
211,111.0,80.0,export-roasts_PR-8883.xls
212,111.3,80.0,export-roasts_PR-8883.xls
213,111.5,80.0,export-roasts_PR-8883.xls
214,111.8,80.0,export-roasts_PR-8883.xls
215,112.0,80.0,export-roasts_PR-8883.xls
216,112.3,80.0,export-roasts_PR-8883.xls
217,112.6,80.0,export-roasts_PR-8883.xls
218,112.8,80.0,export-roasts_PR-8883.xls
219,113.1,80.0,export-roasts_PR-8883.xls
220,113.4,80.0,export-roasts_PR-8883.xls
221,113.7,80.0,export-roasts_PR-8883.xls
222,113.9,80.0,export-roasts_PR-8883.xls
223,114.2,80.0,export-roasts_PR-8883.xls
224,114.5,80.0,export-roasts_PR-8883.xls
225,114.8,80.0,export-roasts_PR-8883.xls
226,115.1,80.0,export-roasts_PR-8883.xls
227,115.3,80.0,export-roasts_PR-8883.xls
228,115.6,80.0,export-roasts_PR-8883.xls
229,115.9,80.0,export-roasts_PR-8883.xls
230,116.2,80.0,export-roasts_PR-8883.xls
231,116.4,80.0,export-roasts_PR-8883.xls
232,116.7,80.0,export-roasts_PR-8883.xls
233,116.9,80.0,export-roasts_PR-8883.xls
234,117.2,80.0,export-roasts_PR-8883.xls
235,117.4,80.0,export-roasts_PR-8883.xls
236,117.7,80.0,export-roasts_PR-8883.xls
237,117.9,80.0,export-roasts_PR-8883.xls
238,118.2,80.0,export-roasts_PR-8883.xls
239,118.4,80.0,export-roasts_PR-8883.xls
240,118.7,80.0,export-roasts_PR-8883.xls
241,118.9,80.0,export-roasts_PR-8883.xls
242,119.2,80.0,export-roasts_PR-8883.xls
243,119.5,80.0,export-roasts_PR-8883.xls
244,119.8,80.0,export-roasts_PR-8883.xls
245,120.0,80.0,export-roasts_PR-8883.xls
246,120.3,80.0,export-roasts_PR-8883.xls
247,120.5,80.0,export-roasts_PR-8883.xls
248,120.8,80.0,export-roasts_PR-8883.xls
249,121.1,80.0,export-roasts_PR-8883.xls
250,121.4,80.0,export-roasts_PR-8883.xls
251,121.6,80.0,export-roasts_PR-8883.xls
252,121.9,80.0,export-roasts_PR-8883.xls
253,122.2,80.0,export-roasts_PR-8883.xls
254,122.4,80.0,export-roasts_PR-8883.xls
255,122.7,80.0,export-roasts_PR-8883.xls
256,123.0,80.0,export-roasts_PR-8883.xls
257,123.2,80.0,export-roasts_PR-8883.xls
258,123.5,80.0,export-roasts_PR-8883.xls
259,123.7,80.0,export-roasts_PR-8883.xls
260,124.0,80.0,export-roasts_PR-8883.xls
261,124.2,80.0,export-roasts_PR-8883.xls
262,124.5,80.0,export-roasts_PR-8883.xls
263,124.7,80.0,export-roasts_PR-8883.xls
264,125.0,80.0,export-roasts_PR-8883.xls
265,125.2,80.0,export-roasts_PR-8883.xls
266,125.5,80.0,export-roasts_PR-8883.xls
267,125.7,80.0,export-roasts_PR-8883.xls
268,126.0,80.0,export-roasts_PR-8883.xls
269,126.2,80.0,export-roasts_PR-8883.xls
270,126.5,80.0,export-roasts_PR-8883.xls
271,126.7,80.0,export-roasts_PR-8883.xls
272,126.9,80.0,export-roasts_PR-8883.xls
273,127.2,80.0,export-roasts_PR-8883.xls
274,127.4,80.0,export-roasts_PR-8883.xls
275,127.7,80.0,export-roasts_PR-8883.xls
276,128.0,80.0,export-roasts_PR-8883.xls
277,128.2,80.0,export-roasts_PR-8883.xls
278,128.5,80.0,export-roasts_PR-8883.xls
279,128.7,80.0,export-roasts_PR-8883.xls
280,129.0,80.0,export-roasts_PR-8883.xls
281,129.3,80.0,export-roasts_PR-8883.xls
282,129.5,80.0,export-roasts_PR-8883.xls
283,129.7,80.0,export-roasts_PR-8883.xls
284,129.9,80.0,export-roasts_PR-8883.xls
285,130.2,80.0,export-roasts_PR-8883.xls
286,130.4,80.0,export-roasts_PR-8883.xls
287,130.7,80.0,export-roasts_PR-8883.xls
288,130.9,80.0,export-roasts_PR-8883.xls
289,131.2,80.0,export-roasts_PR-8883.xls
290,131.5,80.0,export-roasts_PR-8883.xls
291,131.7,80.0,export-roasts_PR-8883.xls
292,131.9,80.0,export-roasts_PR-8883.xls
293,132.2,80.0,export-roasts_PR-8883.xls
294,132.4,80.0,export-roasts_PR-8883.xls
295,132.7,80.0,export-roasts_PR-8883.xls
296,132.9,80.0,export-roasts_PR-8883.xls
297,133.1,80.0,export-roasts_PR-8883.xls
298,133.4,80.0,export-roasts_PR-8883.xls
299,133.6,80.0,export-roasts_PR-8883.xls
300,133.9,80.0,export-roasts_PR-8883.xls
301,134.1,80.0,export-roasts_PR-8883.xls
302,134.4,80.0,export-roasts_PR-8883.xls
303,134.6,80.0,export-roasts_PR-8883.xls
304,134.9,80.0,export-roasts_PR-8883.xls
305,135.1,80.0,export-roasts_PR-8883.xls
306,135.4,80.0,export-roasts_PR-8883.xls
307,135.7,80.0,export-roasts_PR-8883.xls
308,135.9,80.0,export-roasts_PR-8883.xls
309,136.1,80.0,export-roasts_PR-8883.xls
310,136.4,80.0,export-roasts_PR-8883.xls
311,136.6,80.0,export-roasts_PR-8883.xls
312,136.9,80.0,export-roasts_PR-8883.xls
313,137.1,80.0,export-roasts_PR-8883.xls
314,137.3,80.0,export-roasts_PR-8883.xls
315,137.6,80.0,export-roasts_PR-8883.xls
316,137.8,80.0,export-roasts_PR-8883.xls
317,138.0,80.0,export-roasts_PR-8883.xls
318,138.3,80.0,export-roasts_PR-8883.xls
319,138.5,80.0,export-roasts_PR-8883.xls
320,138.7,80.0,export-roasts_PR-8883.xls
321,139.0,80.0,export-roasts_PR-8883.xls
322,139.2,80.0,export-roasts_PR-8883.xls
323,139.4,80.0,export-roasts_PR-8883.xls
324,139.7,80.0,export-roasts_PR-8883.xls
325,139.9,80.0,export-roasts_PR-8883.xls
326,140.1,80.0,export-roasts_PR-8883.xls
327,140.3,80.0,export-roasts_PR-8883.xls
328,140.6,80.0,export-roasts_PR-8883.xls
329,140.8,80.0,export-roasts_PR-8883.xls
330,141.1,80.0,export-roasts_PR-8883.xls
331,141.3,80.0,export-roasts_PR-8883.xls
332,141.6,80.0,export-roasts_PR-8883.xls
333,141.8,80.0,export-roasts_PR-8883.xls
334,142.1,80.0,export-roasts_PR-8883.xls
335,142.4,80.0,export-roasts_PR-8883.xls
336,142.6,80.0,export-roasts_PR-8883.xls
337,142.8,80.0,export-roasts_PR-8883.xls
338,143.1,80.0,export-roasts_PR-8883.xls
339,143.2,80.0,export-roasts_PR-8883.xls
340,143.4,80.0,export-roasts_PR-8883.xls
341,143.6,80.0,export-roasts_PR-8883.xls
342,143.8,80.0,export-roasts_PR-8883.xls
343,144.0,80.0,export-roasts_PR-8883.xls
344,144.2,80.0,export-roasts_PR-8883.xls
345,144.4,80.0,export-roasts_PR-8883.xls
346,144.7,80.0,export-roasts_PR-8883.xls
347,144.9,80.0,export-roasts_PR-8883.xls
348,145.1,80.0,export-roasts_PR-8883.xls
349,145.3,80.0,export-roasts_PR-8883.xls
350,145.6,80.0,export-roasts_PR-8883.xls
351,145.8,80.0,export-roasts_PR-8883.xls
352,146.0,80.0,export-roasts_PR-8883.xls
353,146.2,80.0,export-roasts_PR-8883.xls
354,146.4,80.0,export-roasts_PR-8883.xls
355,146.6,80.0,export-roasts_PR-8883.xls
356,146.9,80.0,export-roasts_PR-8883.xls
357,147.1,80.0,export-roasts_PR-8883.xls
358,147.4,80.0,export-roasts_PR-8883.xls
359,147.5,80.0,export-roasts_PR-8883.xls
360,147.8,80.0,export-roasts_PR-8883.xls
361,148.0,80.0,export-roasts_PR-8883.xls
362,148.2,80.0,export-roasts_PR-8883.xls
363,148.5,80.0,export-roasts_PR-8883.xls
364,148.7,80.0,export-roasts_PR-8883.xls
365,148.9,80.0,export-roasts_PR-8883.xls
366,149.1,80.0,export-roasts_PR-8883.xls
367,149.3,80.0,export-roasts_PR-8883.xls
368,149.6,80.0,export-roasts_PR-8883.xls
369,149.8,80.0,export-roasts_PR-8883.xls
370,150.0,80.0,export-roasts_PR-8883.xls
371,150.2,80.0,export-roasts_PR-8883.xls
372,150.5,80.0,export-roasts_PR-8883.xls
373,150.7,80.0,export-roasts_PR-8883.xls
374,151.0,80.0,export-roasts_PR-8883.xls
375,151.2,80.0,export-roasts_PR-8883.xls
376,151.4,80.0,export-roasts_PR-8883.xls
377,151.6,80.0,export-roasts_PR-8883.xls
378,151.8,80.0,export-roasts_PR-8883.xls
379,152.0,80.0,export-roasts_PR-8883.xls
380,152.2,80.0,export-roasts_PR-8883.xls
381,152.4,80.0,export-roasts_PR-8883.xls
382,152.6,80.0,export-roasts_PR-8883.xls
383,152.9,80.0,export-roasts_PR-8883.xls
384,153.1,80.0,export-roasts_PR-8883.xls
385,153.3,80.0,export-roasts_PR-8883.xls
386,153.5,80.0,export-roasts_PR-8883.xls
387,153.7,80.0,export-roasts_PR-8883.xls
388,153.9,80.0,export-roasts_PR-8883.xls
389,154.2,80.0,export-roasts_PR-8883.xls
390,154.3,80.0,export-roasts_PR-8883.xls
391,154.6,80.0,export-roasts_PR-8883.xls
392,154.8,80.0,export-roasts_PR-8883.xls
393,155.0,80.0,export-roasts_PR-8883.xls
394,155.2,80.0,export-roasts_PR-8883.xls
395,155.4,80.0,export-roasts_PR-8883.xls
396,155.6,80.0,export-roasts_PR-8883.xls
397,155.8,80.0,export-roasts_PR-8883.xls
398,156.0,80.0,export-roasts_PR-8883.xls
399,156.2,80.0,export-roasts_PR-8883.xls
400,156.5,80.0,export-roasts_PR-8883.xls
401,156.7,80.0,export-roasts_PR-8883.xls
402,156.9,80.0,export-roasts_PR-8883.xls
403,157.1,80.0,export-roasts_PR-8883.xls
404,157.4,80.0,export-roasts_PR-8883.xls
405,157.5,80.0,export-roasts_PR-8883.xls
406,157.8,80.0,export-roasts_PR-8883.xls
407,157.9,80.0,export-roasts_PR-8883.xls
408,158.1,80.0,export-roasts_PR-8883.xls
409,158.3,80.0,export-roasts_PR-8883.xls
410,158.6,80.0,export-roasts_PR-8883.xls
411,158.8,80.0,export-roasts_PR-8883.xls
412,159.0,80.0,export-roasts_PR-8883.xls
413,159.3,80.0,export-roasts_PR-8883.xls
414,159.4,80.0,export-roasts_PR-8883.xls
415,159.6,80.0,export-roasts_PR-8883.xls
416,159.8,80.0,export-roasts_PR-8883.xls
417,160.1,80.0,export-roasts_PR-8883.xls
418,160.3,80.0,export-roasts_PR-8883.xls
419,160.4,80.0,export-roasts_PR-8883.xls
420,160.6,80.0,export-roasts_PR-8883.xls
421,160.8,80.0,export-roasts_PR-8883.xls
422,161.0,80.0,export-roasts_PR-8883.xls
423,161.2,80.0,export-roasts_PR-8883.xls
424,161.4,80.0,export-roasts_PR-8883.xls
425,161.6,80.0,export-roasts_PR-8883.xls
426,161.8,80.0,export-roasts_PR-8883.xls
427,162.0,80.0,export-roasts_PR-8883.xls
428,162.2,80.0,export-roasts_PR-8883.xls
429,162.4,80.0,export-roasts_PR-8883.xls
430,162.6,80.0,export-roasts_PR-8883.xls
431,162.8,80.0,export-roasts_PR-8883.xls
432,163.1,80.0,export-roasts_PR-8883.xls
433,163.2,80.0,export-roasts_PR-8883.xls
434,163.5,80.0,export-roasts_PR-8883.xls
435,163.6,80.0,export-roasts_PR-8883.xls
436,163.9,80.0,export-roasts_PR-8883.xls
437,164.1,80.0,export-roasts_PR-8883.xls
438,164.3,80.0,export-roasts_PR-8883.xls
439,164.5,80.0,export-roasts_PR-8883.xls
440,164.7,80.0,export-roasts_PR-8883.xls
441,165.0,80.0,export-roasts_PR-8883.xls
442,165.2,80.0,export-roasts_PR-8883.xls
443,165.5,80.0,export-roasts_PR-8883.xls
444,165.7,80.0,export-roasts_PR-8883.xls
445,165.9,80.0,export-roasts_PR-8883.xls
446,166.0,80.0,export-roasts_PR-8883.xls
447,166.3,80.0,export-roasts_PR-8883.xls
448,166.5,80.0,export-roasts_PR-8883.xls
449,166.7,80.0,export-roasts_PR-8883.xls
450,166.9,80.0,export-roasts_PR-8883.xls
451,167.1,80.0,export-roasts_PR-8883.xls
452,167.3,80.0,export-roasts_PR-8883.xls
453,167.5,80.0,export-roasts_PR-8883.xls
454,167.7,80.0,export-roasts_PR-8883.xls
455,167.9,80.0,export-roasts_PR-8883.xls
456,168.2,80.0,export-roasts_PR-8883.xls
457,168.4,80.0,export-roasts_PR-8883.xls
458,168.6,80.0,export-roasts_PR-8883.xls
459,168.8,80.0,export-roasts_PR-8883.xls
460,169.0,80.0,export-roasts_PR-8883.xls
461,169.2,80.0,export-roasts_PR-8883.xls
462,169.4,80.0,export-roasts_PR-8883.xls
463,169.7,80.0,export-roasts_PR-8883.xls
464,169.8,80.0,export-roasts_PR-8883.xls
465,170.1,80.0,export-roasts_PR-8883.xls
466,170.3,80.0,export-roasts_PR-8883.xls
467,170.5,80.0,export-roasts_PR-8883.xls
468,170.7,80.0,export-roasts_PR-8883.xls
469,170.9,80.0,export-roasts_PR-8883.xls
470,171.2,80.0,export-roasts_PR-8883.xls
471,171.3,80.0,export-roasts_PR-8883.xls
472,171.6,80.0,export-roasts_PR-8883.xls
473,171.8,80.0,export-roasts_PR-8883.xls
474,172.0,80.0,export-roasts_PR-8883.xls
475,172.2,80.0,export-roasts_PR-8883.xls
476,172.4,80.0,export-roasts_PR-8883.xls
477,172.6,80.0,export-roasts_PR-8883.xls
478,172.9,80.0,export-roasts_PR-8883.xls
479,173.1,80.0,export-roasts_PR-8883.xls
480,173.3,80.0,export-roasts_PR-8883.xls
481,173.5,80.0,export-roasts_PR-8883.xls
482,173.7,80.0,export-roasts_PR-8883.xls
483,173.9,80.0,export-roasts_PR-8883.xls
484,174.2,80.0,export-roasts_PR-8883.xls
485,174.4,80.0,export-roasts_PR-8883.xls
486,174.6,80.0,export-roasts_PR-8883.xls
487,174.8,80.0,export-roasts_PR-8883.xls
488,175.0,80.0,export-roasts_PR-8883.xls
489,175.2,80.0,export-roasts_PR-8883.xls
490,175.5,80.0,export-roasts_PR-8883.xls
491,175.6,80.0,export-roasts_PR-8883.xls
492,175.8,80.0,export-roasts_PR-8883.xls
493,176.0,90.0,export-roasts_PR-8883.xls
494,176.2,90.0,export-roasts_PR-8883.xls
495,176.5,90.0,export-roasts_PR-8883.xls
496,176.7,90.0,export-roasts_PR-8883.xls
497,176.9,90.0,export-roasts_PR-8883.xls
498,177.1,90.0,export-roasts_PR-8883.xls
499,177.4,90.0,export-roasts_PR-8883.xls
500,177.5,90.0,export-roasts_PR-8883.xls
501,177.7,90.0,export-roasts_PR-8883.xls
502,177.9,90.0,export-roasts_PR-8883.xls
503,178.2,90.0,export-roasts_PR-8883.xls
504,178.4,90.0,export-roasts_PR-8883.xls
505,178.6,90.0,export-roasts_PR-8883.xls
506,178.8,90.0,export-roasts_PR-8883.xls
507,179.0,90.0,export-roasts_PR-8883.xls
508,179.2,90.0,export-roasts_PR-8883.xls
509,179.4,90.0,export-roasts_PR-8883.xls
510,179.6,90.0,export-roasts_PR-8883.xls
511,179.8,90.0,export-roasts_PR-8883.xls
512,180.0,90.0,export-roasts_PR-8883.xls
513,180.2,90.0,export-roasts_PR-8883.xls
514,180.4,90.0,export-roasts_PR-8883.xls
515,180.6,90.0,export-roasts_PR-8883.xls
516,180.9,90.0,export-roasts_PR-8883.xls
517,181.1,90.0,export-roasts_PR-8883.xls
518,181.3,90.0,export-roasts_PR-8883.xls
519,181.6,90.0,export-roasts_PR-8883.xls
520,181.8,90.0,export-roasts_PR-8883.xls
521,182.0,90.0,export-roasts_PR-8883.xls
522,182.2,90.0,export-roasts_PR-8883.xls
523,182.4,90.0,export-roasts_PR-8883.xls
524,182.6,90.0,export-roasts_PR-8883.xls
525,182.8,90.0,export-roasts_PR-8883.xls
526,183.0,90.0,export-roasts_PR-8883.xls
527,183.1,90.0,export-roasts_PR-8883.xls
528,183.4,90.0,export-roasts_PR-8883.xls
529,183.6,90.0,export-roasts_PR-8883.xls
530,183.8,90.0,export-roasts_PR-8883.xls
531,184.0,90.0,export-roasts_PR-8883.xls
532,184.2,90.0,export-roasts_PR-8883.xls
533,184.4,90.0,export-roasts_PR-8883.xls
534,184.6,90.0,export-roasts_PR-8883.xls
535,184.9,90.0,export-roasts_PR-8883.xls
536,185.0,90.0,export-roasts_PR-8883.xls
537,185.2,90.0,export-roasts_PR-8883.xls
538,185.4,90.0,export-roasts_PR-8883.xls
539,185.6,90.0,export-roasts_PR-8883.xls
540,185.9,90.0,export-roasts_PR-8883.xls
541,186.1,90.0,export-roasts_PR-8883.xls
542,186.3,90.0,export-roasts_PR-8883.xls
543,186.5,90.0,export-roasts_PR-8883.xls
544,186.8,90.0,export-roasts_PR-8883.xls
545,187.0,90.0,export-roasts_PR-8883.xls
546,187.2,90.0,export-roasts_PR-8883.xls
547,187.4,90.0,export-roasts_PR-8883.xls
548,187.6,90.0,export-roasts_PR-8883.xls
549,187.8,90.0,export-roasts_PR-8883.xls
550,188.0,90.0,export-roasts_PR-8883.xls
551,188.2,90.0,export-roasts_PR-8883.xls
552,188.4,90.0,export-roasts_PR-8883.xls
553,188.6,90.0,export-roasts_PR-8883.xls
554,188.8,90.0,export-roasts_PR-8883.xls
555,189.0,90.0,export-roasts_PR-8883.xls
556,189.2,90.0,export-roasts_PR-8883.xls
557,189.4,90.0,export-roasts_PR-8883.xls
558,189.6,90.0,export-roasts_PR-8883.xls
559,189.8,90.0,export-roasts_PR-8883.xls
560,190.0,90.0,export-roasts_PR-8883.xls
561,190.2,90.0,export-roasts_PR-8883.xls
562,190.4,90.0,export-roasts_PR-8883.xls
563,190.6,90.0,export-roasts_PR-8883.xls
564,190.9,90.0,export-roasts_PR-8883.xls
565,191.1,90.0,export-roasts_PR-8883.xls
566,191.3,90.0,export-roasts_PR-8883.xls
567,191.5,90.0,export-roasts_PR-8883.xls
568,191.7,0.0,export-roasts_PR-8883.xls
569,191.9,0.0,export-roasts_PR-8883.xls
570,192.1,0.0,export-roasts_PR-8883.xls
571,192.3,0.0,export-roasts_PR-8883.xls
572,192.5,0.0,export-roasts_PR-8883.xls
573,192.7,0.0,export-roasts_PR-8883.xls
574,192.9,0.0,export-roasts_PR-8883.xls
575,193.2,0.0,export-roasts_PR-8883.xls
576,193.4,0.0,export-roasts_PR-8883.xls
577,193.6,0.0,export-roasts_PR-8883.xls
578,193.8,0.0,export-roasts_PR-8883.xls
579,194.0,0.0,export-roasts_PR-8883.xls
580,194.2,0.0,export-roasts_PR-8883.xls
581,194.4,0.0,export-roasts_PR-8883.xls
582,194.5,0.0,export-roasts_PR-8883.xls
583,194.7,0.0,export-roasts_PR-8883.xls
584,194.8,0.0,export-roasts_PR-8883.xls
585,195.0,0.0,export-roasts_PR-8883.xls
586,195.1,0.0,export-roasts_PR-8883.xls
587,195.2,0.0,export-roasts_PR-8883.xls
588,195.4,0.0,export-roasts_PR-8883.xls
589,195.6,0.0,export-roasts_PR-8883.xls
590,195.7,0.0,export-roasts_PR-8883.xls
591,195.8,0.0,export-roasts_PR-8883.xls
592,195.9,0.0,export-roasts_PR-8883.xls
593,196.0,0.0,export-roasts_PR-8883.xls
594,196.1,0.0,export-roasts_PR-8883.xls
595,196.3,0.0,export-roasts_PR-8883.xls
596,196.4,0.0,export-roasts_PR-8883.xls
597,196.5,0.0,export-roasts_PR-8883.xls
598,196.6,0.0,export-roasts_PR-8883.xls
599,196.7,0.0,export-roasts_PR-8883.xls
600,196.9,0.0,export-roasts_PR-8883.xls
601,196.9,0.0,export-roasts_PR-8883.xls
602,197.0,0.0,export-roasts_PR-8883.xls
603,197.1,0.0,export-roasts_PR-8883.xls
604,197.2,0.0,export-roasts_PR-8883.xls
605,197.3,0.0,export-roasts_PR-8883.xls
606,197.4,0.0,export-roasts_PR-8883.xls
607,197.5,0.0,export-roasts_PR-8883.xls
608,197.6,0.0,export-roasts_PR-8883.xls
609,197.7,0.0,export-roasts_PR-8883.xls
610,197.8,0.0,export-roasts_PR-8883.xls
611,197.9,0.0,export-roasts_PR-8883.xls
612,197.9,0.0,export-roasts_PR-8883.xls
613,198.1,0.0,export-roasts_PR-8883.xls
614,198.1,0.0,export-roasts_PR-8883.xls
615,198.2,0.0,export-roasts_PR-8883.xls
616,198.3,0.0,export-roasts_PR-8883.xls
617,198.3,0.0,export-roasts_PR-8883.xls
618,198.4,0.0,export-roasts_PR-8883.xls
619,198.5,0.0,export-roasts_PR-8883.xls
620,198.5,0.0,export-roasts_PR-8883.xls
621,198.7,0.0,export-roasts_PR-8883.xls
622,198.8,0.0,export-roasts_PR-8883.xls
623,198.8,0.0,export-roasts_PR-8883.xls
624,198.9,0.0,export-roasts_PR-8883.xls
625,199.0,0.0,export-roasts_PR-8883.xls
626,199.1,0.0,export-roasts_PR-8883.xls
627,199.2,0.0,export-roasts_PR-8883.xls
628,199.3,0.0,export-roasts_PR-8883.xls
629,199.3,0.0,export-roasts_PR-8883.xls
630,199.3,0.0,export-roasts_PR-8883.xls
631,199.4,0.0,export-roasts_PR-8883.xls
632,199.5,0.0,export-roasts_PR-8883.xls
633,199.6,0.0,export-roasts_PR-8883.xls
634,199.7,0.0,export-roasts_PR-8883.xls
635,199.7,0.0,export-roasts_PR-8883.xls
636,199.9,0.0,export-roasts_PR-8883.xls
637,199.9,0.0,export-roasts_PR-8883.xls
638,200.0,0.0,export-roasts_PR-8883.xls
639,200.1,0.0,export-roasts_PR-8883.xls
640,200.2,0.0,export-roasts_PR-8883.xls
641,200.3,0.0,export-roasts_PR-8883.xls
642,200.3,0.0,export-roasts_PR-8883.xls
643,200.4,0.0,export-roasts_PR-8883.xls
644,200.5,5.0,export-roasts_PR-8883.xls
645,200.6,5.0,export-roasts_PR-8883.xls
646,200.6,5.0,export-roasts_PR-8883.xls
647,200.7,5.0,export-roasts_PR-8883.xls
648,200.7,5.0,export-roasts_PR-8883.xls
649,200.8,5.0,export-roasts_PR-8883.xls
650,200.8,5.0,export-roasts_PR-8883.xls
651,200.9,5.0,export-roasts_PR-8883.xls
652,200.9,5.0,export-roasts_PR-8883.xls
653,201.0,5.0,export-roasts_PR-8883.xls
654,201.0,5.0,export-roasts_PR-8883.xls
655,201.1,5.0,export-roasts_PR-8883.xls
656,201.2,5.0,export-roasts_PR-8883.xls
657,201.2,5.0,export-roasts_PR-8883.xls
658,201.3,5.0,export-roasts_PR-8883.xls
659,201.4,5.0,export-roasts_PR-8883.xls
660,201.5,5.0,export-roasts_PR-8883.xls
661,201.6,5.0,export-roasts_PR-8883.xls
662,201.6,5.0,export-roasts_PR-8883.xls
663,201.8,5.0,export-roasts_PR-8883.xls
664,201.8,5.0,export-roasts_PR-8883.xls
665,201.9,5.0,export-roasts_PR-8883.xls
666,202.0,5.0,export-roasts_PR-8883.xls
667,202.1,5.0,export-roasts_PR-8883.xls
668,202.2,5.0,export-roasts_PR-8883.xls
669,202.3,5.0,export-roasts_PR-8883.xls
670,202.4,5.0,export-roasts_PR-8883.xls
671,202.4,5.0,export-roasts_PR-8883.xls
672,202.5,5.0,export-roasts_PR-8883.xls
673,202.6,5.0,export-roasts_PR-8883.xls
674,202.7,5.0,export-roasts_PR-8883.xls
675,202.7,5.0,export-roasts_PR-8883.xls
676,202.8,5.0,export-roasts_PR-8883.xls
677,202.9,5.0,export-roasts_PR-8883.xls
678,203.0,5.0,export-roasts_PR-8883.xls
679,203.1,5.0,export-roasts_PR-8883.xls
680,203.1,5.0,export-roasts_PR-8883.xls
681,203.2,5.0,export-roasts_PR-8883.xls
682,203.3,5.0,export-roasts_PR-8883.xls
683,203.4,5.0,export-roasts_PR-8883.xls
684,203.5,5.0,export-roasts_PR-8883.xls
685,203.5,5.0,export-roasts_PR-8883.xls
686,203.6,5.0,export-roasts_PR-8883.xls
687,203.7,5.0,export-roasts_PR-8883.xls
688,203.8,5.0,export-roasts_PR-8883.xls
689,203.9,5.0,export-roasts_PR-8883.xls
690,203.9,5.0,export-roasts_PR-8883.xls
691,204.0,5.0,export-roasts_PR-8883.xls
692,204.1,5.0,export-roasts_PR-8883.xls
693,204.2,5.0,export-roasts_PR-8883.xls
694,204.3,5.0,export-roasts_PR-8883.xls
695,204.4,5.0,export-roasts_PR-8883.xls
696,204.4,5.0,export-roasts_PR-8883.xls
697,204.5,5.0,export-roasts_PR-8883.xls
698,204.6,5.0,export-roasts_PR-8883.xls
699,204.6,5.0,export-roasts_PR-8883.xls
700,204.7,5.0,export-roasts_PR-8883.xls
701,204.8,10.0,export-roasts_PR-8883.xls
702,204.9,10.0,export-roasts_PR-8883.xls
703,205.0,10.0,export-roasts_PR-8883.xls
704,205.0,10.0,export-roasts_PR-8883.xls
705,205.1,10.0,export-roasts_PR-8883.xls
706,205.1,10.0,export-roasts_PR-8883.xls
707,205.2,10.0,export-roasts_PR-8883.xls
708,205.3,10.0,export-roasts_PR-8883.xls
709,205.3,10.0,export-roasts_PR-8883.xls
710,205.5,10.0,export-roasts_PR-8883.xls
711,205.5,10.0,export-roasts_PR-8883.xls
712,205.6,10.0,export-roasts_PR-8883.xls
713,205.6,10.0,export-roasts_PR-8883.xls
714,205.7,10.0,export-roasts_PR-8883.xls
715,205.8,10.0,export-roasts_PR-8883.xls
716,205.9,10.0,export-roasts_PR-8883.xls
717,206.0,10.0,export-roasts_PR-8883.xls
718,206.0,10.0,export-roasts_PR-8883.xls
719,206.1,10.0,export-roasts_PR-8883.xls
720,206.2,10.0,export-roasts_PR-8883.xls
721,206.2,10.0,export-roasts_PR-8883.xls
722,206.3,10.0,export-roasts_PR-8883.xls
723,206.4,10.0,export-roasts_PR-8883.xls
724,206.4,10.0,export-roasts_PR-8883.xls
725,206.5,10.0,export-roasts_PR-8883.xls
726,206.5,10.0,export-roasts_PR-8883.xls
727,206.6,10.0,export-roasts_PR-8883.xls
728,206.7,10.0,export-roasts_PR-8883.xls
729,206.8,10.0,export-roasts_PR-8883.xls
730,206.8,10.0,export-roasts_PR-8883.xls
731,206.9,10.0,export-roasts_PR-8883.xls
732,207.0,10.0,export-roasts_PR-8883.xls
733,207.1,10.0,export-roasts_PR-8883.xls
734,207.1,10.0,export-roasts_PR-8883.xls
735,207.3,10.0,export-roasts_PR-8883.xls
736,207.3,10.0,export-roasts_PR-8883.xls
737,207.4,10.0,export-roasts_PR-8883.xls
738,207.4,10.0,export-roasts_PR-8883.xls
739,207.5,10.0,export-roasts_PR-8883.xls
740,207.6,10.0,export-roasts_PR-8883.xls
741,207.6,10.0,export-roasts_PR-8883.xls
742,207.7,10.0,export-roasts_PR-8883.xls
743,207.9,10.0,export-roasts_PR-8883.xls
744,207.9,10.0,export-roasts_PR-8883.xls
745,208.0,10.0,export-roasts_PR-8883.xls
746,208.0,10.0,export-roasts_PR-8883.xls
747,208.1,10.0,export-roasts_PR-8883.xls
748,208.2,10.0,export-roasts_PR-8883.xls
749,208.3,10.0,export-roasts_PR-8883.xls
750,208.3,10.0,export-roasts_PR-8883.xls
751,208.4,10.0,export-roasts_PR-8883.xls
752,208.5,10.0,export-roasts_PR-8883.xls
753,208.6,10.0,export-roasts_PR-8883.xls
754,208.7,10.0,export-roasts_PR-8883.xls
755,208.7,10.0,export-roasts_PR-8883.xls
756,208.8,10.0,export-roasts_PR-8883.xls
757,208.9,10.0,export-roasts_PR-8883.xls
758,209.0,10.0,export-roasts_PR-8883.xls
759,209.1,10.0,export-roasts_PR-8883.xls
760,209.2,10.0,export-roasts_PR-8883.xls
761,209.3,10.0,export-roasts_PR-8883.xls
762,209.3,10.0,export-roasts_PR-8883.xls
763,209.4,10.0,export-roasts_PR-8883.xls
764,209.5,10.0,export-roasts_PR-8883.xls
765,209.5,10.0,export-roasts_PR-8883.xls
766,209.6,10.0,export-roasts_PR-8883.xls
767,209.7,10.0,export-roasts_PR-8883.xls
768,209.8,10.0,export-roasts_PR-8883.xls
769,209.9,10.0,export-roasts_PR-8883.xls
770,209.9,10.0,export-roasts_PR-8883.xls
771,210.0,10.0,export-roasts_PR-8883.xls
772,210.1,10.0,export-roasts_PR-8883.xls
773,210.2,10.0,export-roasts_PR-8883.xls
774,210.3,10.0,export-roasts_PR-8883.xls
775,210.4,10.0,export-roasts_PR-8883.xls
776,210.5,10.0,export-roasts_PR-8883.xls
777,210.6,10.0,export-roasts_PR-8883.xls
778,210.7,10.0,export-roasts_PR-8883.xls
779,210.8,10.0,export-roasts_PR-8883.xls
780,210.9,10.0,export-roasts_PR-8883.xls
781,211.0,10.0,export-roasts_PR-8883.xls
782,211.1,10.0,export-roasts_PR-8883.xls
783,211.2,10.0,export-roasts_PR-8883.xls
784,211.3,10.0,export-roasts_PR-8883.xls
785,211.4,10.0,export-roasts_PR-8883.xls
786,211.5,10.0,export-roasts_PR-8883.xls
787,211.6,10.0,export-roasts_PR-8883.xls
788,211.7,10.0,export-roasts_PR-8883.xls
789,211.7,10.0,export-roasts_PR-8883.xls
790,211.9,10.0,export-roasts_PR-8883.xls
791,211.9,10.0,export-roasts_PR-8883.xls
792,212.0,10.0,export-roasts_PR-8883.xls
793,212.2,10.0,export-roasts_PR-8883.xls
794,212.2,10.0,export-roasts_PR-8883.xls
795,212.4,10.0,export-roasts_PR-8883.xls
796,212.4,10.0,export-roasts_PR-8883.xls
797,212.6,10.0,export-roasts_PR-8883.xls
798,212.7,10.0,export-roasts_PR-8883.xls
799,212.8,10.0,export-roasts_PR-8883.xls
800,212.9,10.0,export-roasts_PR-8883.xls
801,213.1,10.0,export-roasts_PR-8883.xls
802,213.1,10.0,export-roasts_PR-8883.xls
803,213.2,10.0,export-roasts_PR-8883.xls
804,213.3,10.0,export-roasts_PR-8883.xls
805,213.4,10.0,export-roasts_PR-8883.xls
806,213.6,10.0,export-roasts_PR-8883.xls
807,213.6,10.0,export-roasts_PR-8883.xls
808,213.7,10.0,export-roasts_PR-8883.xls
809,213.9,10.0,export-roasts_PR-8883.xls
810,214.0,10.0,export-roasts_PR-8883.xls
811,214.1,10.0,export-roasts_PR-8883.xls
812,214.2,10.0,export-roasts_PR-8883.xls
813,214.3,10.0,export-roasts_PR-8883.xls
814,214.4,10.0,export-roasts_PR-8883.xls
815,214.5,10.0,export-roasts_PR-8883.xls
816,214.6,10.0,export-roasts_PR-8883.xls
817,214.7,10.0,export-roasts_PR-8883.xls
818,214.8,10.0,export-roasts_PR-8883.xls
819,214.9,10.0,export-roasts_PR-8883.xls
820,215.0,10.0,export-roasts_PR-8883.xls
821,215.1,10.0,export-roasts_PR-8883.xls
822,215.2,10.0,export-roasts_PR-8883.xls
823,215.4,10.0,export-roasts_PR-8883.xls
824,215.4,10.0,export-roasts_PR-8883.xls
825,215.5,10.0,export-roasts_PR-8883.xls
826,215.6,10.0,export-roasts_PR-8883.xls
827,215.7,10.0,export-roasts_PR-8883.xls
828,215.8,10.0,export-roasts_PR-8883.xls
829,215.9,10.0,export-roasts_PR-8883.xls
830,216.0,10.0,export-roasts_PR-8883.xls
831,216.1,10.0,export-roasts_PR-8883.xls
832,216.2,10.0,export-roasts_PR-8883.xls
833,216.3,10.0,export-roasts_PR-8883.xls
834,216.5,10.0,export-roasts_PR-8883.xls
835,216.6,10.0,export-roasts_PR-8883.xls
836,216.7,10.0,export-roasts_PR-8883.xls
837,216.8,10.0,export-roasts_PR-8883.xls
838,216.9,10.0,export-roasts_PR-8883.xls
839,217.0,10.0,export-roasts_PR-8883.xls
840,217.2,10.0,export-roasts_PR-8883.xls
841,217.3,10.0,export-roasts_PR-8883.xls
842,217.3,10.0,export-roasts_PR-8883.xls
843,217.4,10.0,export-roasts_PR-8883.xls
844,217.5,10.0,export-roasts_PR-8883.xls
845,217.7,10.0,export-roasts_PR-8883.xls
846,217.8,10.0,export-roasts_PR-8883.xls
847,217.9,10.0,export-roasts_PR-8883.xls
848,218.0,10.0,export-roasts_PR-8883.xls
849,218.1,10.0,export-roasts_PR-8883.xls
850,218.2,10.0,export-roasts_PR-8883.xls
851,218.3,10.0,export-roasts_PR-8883.xls
852,218.4,0.0,export-roasts_PR-8883.xls
